SoundCenter0,57.1850145381358,1524459781118
SoundCenter1,52.40718248839999,1524459781120
SoundCenter2,51.618078244555754,1524459781121
sensor0_Temperature,22.26,1524459783932
sensor0_Humidity,40.90960379214332,1524459783934
sensor0_Brightness,0.0,1524459783936
sensor1_Temperature,25.19,1524459783937
sensor1_Humidity,24.63137955283436,1524459783939
sensor1_Brightness,16.0,1524459783940
SoundWall0,53.5814793131137,1524459785890
SoundWall1,56.96233252317203,1524459785899
SoundWall2,54.52478185549111,1524459785910
sensor0_Temperature,22.26,1524459790239
sensor0_Humidity,40.90960379214332,1524459790241
sensor0_Brightness,0.0,1524459790243
sensor1_Temperature,25.19,1524459790244
sensor1_Humidity,24.63137955283436,1524459790246
sensor1_Brightness,16.0,1524459790248
SoundCenter0,55.79460508823173,1524459791118
SoundCenter1,51.91241472678817,1524459791120
SoundCenter2,51.13951078914598,1524459791121
Mtest1,true,1524459792928
Mtest8,true,1524459793928
SeminarNumber,17,1524459794023
Mtest6,true,1524459794470
SoundWall0,54.04748376569949,1524459795890
SoundWall1,56.9681153762052,1524459795899
SoundWall2,55.905119932133694,1524459795910
sensor0_Temperature,22.26,1524459796538
sensor0_Humidity,40.90960379214332,1524459796539
sensor0_Brightness,0.0,1524459796540
sensor1_Temperature,25.19,1524459796541
sensor1_Humidity,24.63137955283436,1524459796542
sensor1_Brightness,16.0,1524459796543
Mtest5,true,1524459797838
seat6BOccupied,false,1524459798838
totalSeatCount,0,1524459798838
SoundCenter0,57.951903568491424,1524459801118
SoundCenter1,54.486426176394474,1524459801120
SoundCenter2,53.12422019757449,1524459801121
sensor0_Temperature,22.26,1524459802830
sensor0_Humidity,40.90960379214332,1524459802832
sensor0_Brightness,0.0,1524459802834
sensor1_Temperature,25.19,1524459802836
sensor1_Humidity,24.63137955283436,1524459802838
sensor1_Brightness,16.0,1524459802840
SoundWall0,55.50085959982751,1524459805890
SoundWall1,58.69277714968691,1524459805899
SoundWall2,57.10088981135634,1524459805910
seat2AOccupied,true,1524459807846
totalSeatCount,1,1524459807846
sensor0_Temperature,22.26,1524459809130
sensor0_Humidity,40.90960379214332,1524459809132
sensor0_Brightness,0.0,1524459809134
sensor1_Temperature,25.19,1524459809135
sensor1_Humidity,24.63137955283436,1524459809137
sensor1_Brightness,16.0,1524459809138
SoundCenter0,59.273649655366185,1524459811118
SoundCenter1,55.68918713790188,1524459811120
SoundCenter2,54.30532579085796,1524459811121
sensor0_Temperature,22.26,1524459815489
sensor0_Humidity,40.90960379214332,1524459815491
sensor0_Brightness,0.0,1524459815492
sensor1_Temperature,25.19,1524459815495
sensor1_Humidity,24.63137955283436,1524459815496
sensor1_Brightness,16.0,1524459815498
SoundWall0,57.28809417385224,1524459815890
SoundWall1,60.634074633746856,1524459815898
SoundWall2,58.65371274535592,1524459815912
seat2AOccupied,false,1524459817156
totalSeatCount,0,1524459817156
SoundCenter0,61.70436873877871,1524459821118
SoundCenter1,57.14010910557754,1524459821120
SoundCenter2,55.844813895966745,1524459821121
sensor0_Temperature,22.26,1524459821789
sensor0_Humidity,40.90960379214332,1524459821790
sensor0_Brightness,0.0,1524459821792
sensor1_Temperature,25.19,1524459821793
sensor1_Humidity,24.63137955283436,1524459821794
sensor1_Brightness,16.0,1524459821796
Mtest1,true,1524459823156
Mtest8,true,1524459823156
Mtest6,true,1524459824708
SoundWall0,58.93858466967653,1524459825890
SoundWall1,62.45824230080741,1524459825898
SoundWall2,61.05929952838387,1524459825912
seat2AOccupied,true,1524459827011
totalSeatCount,1,1524459827011
seat2AOccupied,true,1524459828011
totalSeatCount,1,1524459828011
sensor0_Temperature,22.26,1524459828090
sensor0_Humidity,40.90960379214332,1524459828092
sensor0_Brightness,0.0,1524459828094
sensor1_Temperature,25.19,1524459828095
sensor1_Humidity,24.63137955283436,1524459828097
sensor1_Brightness,16.0,1524459828098
Mtest5,true,1524459830695
SoundCenter0,62.81975239968316,1524459831118
SoundCenter1,58.885640477138914,1524459831120
SoundCenter2,57.38507955593371,1524459831121
sensor0_Temperature,22.26,1524459834389
sensor0_Humidity,40.90960379214332,1524459834391
sensor0_Brightness,0.0,1524459834394
sensor1_Temperature,25.19,1524459834395
sensor1_Humidity,24.63137955283436,1524459834396
sensor1_Brightness,16.0,1524459834397
SoundWall0,60.316943774047104,1524459835890
SoundWall1,63.17727527773162,1524459835898
SoundWall2,61.91807907799239,1524459835912
seat2AOccupied,false,1524459838731
totalSeatCount,0,1524459838731
sensor0_Temperature,22.26,1524459840698
sensor0_Humidity,40.90960379214332,1524459840700
sensor0_Brightness,0.0,1524459840701
sensor1_Temperature,25.19,1524459840703
sensor1_Humidity,24.63137955283436,1524459840704
sensor1_Brightness,16.0,1524459840705
SoundCenter0,65.20423159036518,1524459841118
SoundCenter1,61.153083030453345,1524459841120
SoundCenter2,58.59164482126633,1524459841121
SoundWall0,61.648240744073604,1524459845890
SoundWall1,64.71456423833237,1524459845900
SoundWall2,63.32061494898769,1524459845910
sensor0_Temperature,22.26,1524459846988
sensor0_Humidity,40.90960379214332,1524459846990
sensor0_Brightness,0.0,1524459846992
sensor1_Temperature,25.19,1524459846993
sensor1_Humidity,24.63137955283436,1524459846995
sensor1_Brightness,16.0,1524459846996
seat2AOccupied,true,1524459848731
totalSeatCount,1,1524459848731
SoundCenter0,68.12033972974932,1524459851118
SoundCenter1,62.418920703198076,1524459851120
SoundCenter2,59.2603678388471,1524459851121
sensor0_Temperature,22.26,1524459853278
sensor0_Humidity,40.90960379214332,1524459853279
sensor0_Brightness,0.0,1524459853281
sensor1_Temperature,25.19,1524459853282
sensor1_Humidity,24.63137955283436,1524459853282
sensor1_Brightness,16.0,1524459853283
SoundWall0,61.35773063134228,1524459855890
SoundWall1,64.59862654609591,1524459855898
SoundWall2,63.509502135743645,1524459855910
sensor0_Temperature,22.26,1524459859567
sensor0_Humidity,40.90960379214332,1524459859568
sensor0_Brightness,0.0,1524459859569
sensor1_Temperature,25.19,1524459859570
sensor1_Humidity,24.63137955283436,1524459859570
sensor1_Brightness,16.0,1524459859571
Mtest1,false,1524459859768
Mtest8,false,1524459860768
SoundCenter0,67.44731070633053,1524459861118
SoundCenter1,60.40119126284364,1524459861120
SoundCenter2,57.746758076019546,1524459861121
Mtest6,false,1524459861768
sensor0_Temperature,22.26,1524459865848
sensor0_Humidity,40.90960379214332,1524459865850
sensor0_Brightness,0.0,1524459865851
sensor1_Temperature,25.19,1524459865853
sensor1_Humidity,24.63137955283436,1524459865854
sensor1_Brightness,16.0,1524459865855
SoundWall0,60.23280666022592,1524459865890
SoundWall1,63.913645209488145,1524459865898
SoundWall2,63.60380158966754,1524459865910
Mtest5,false,1524459867768
Mtest8,true,1524459868768
InferredPresence,false,1524459869784
InferredPresence,true,1524459869785
SoundCenter0,66.43570930900354,1524459871118
SoundCenter1,58.95120487497388,1524459871120
SoundCenter2,56.59366901347908,1524459871121
sensor0_Temperature,22.26,1524459872168
sensor0_Humidity,40.90960379214332,1524459872170
sensor0_Brightness,0.0,1524459872171
sensor1_Temperature,25.19,1524459872172
sensor1_Humidity,24.63137955283436,1524459872174
sensor1_Brightness,16.0,1524459872175
SoundWall0,58.751101933380234,1524459875890
SoundWall1,62.287507274021635,1524459875898
SoundWall2,62.58626542398399,1524459875912
sensor0_Temperature,22.26,1524459878458
sensor0_Humidity,40.90960379214332,1524459878460
sensor0_Brightness,0.0,1524459878461
sensor1_Temperature,25.19,1524459878463
sensor1_Humidity,24.63137955283436,1524459878464
sensor1_Brightness,16.0,1524459878465
SoundCenter0,65.73504524655382,1524459881118
SoundCenter1,58.032278456927386,1524459881120
SoundCenter2,55.704132373839684,1524459881121
sensor0_Temperature,22.26,1524459884755
sensor0_Humidity,40.90960379214332,1524459884756
sensor0_Brightness,0.0,1524459884758
sensor1_Temperature,25.19,1524459884759
sensor1_Humidity,24.63137955283436,1524459884761
sensor1_Brightness,16.0,1524459884762
SoundWall0,58.242458091451866,1524459885890
SoundWall1,61.86544638258457,1524459885899
SoundWall2,62.43755944510935,1524459885912
sensor0_Temperature,22.26,1524459891054
sensor0_Humidity,40.90960379214332,1524459891056
sensor0_Brightness,0.0,1524459891057
sensor1_Temperature,25.19,1524459891059
sensor1_Humidity,24.63137955283436,1524459891060
sensor1_Brightness,16.0,1524459891061
SoundCenter0,64.79961899060062,1524459891118
SoundCenter1,56.215460740515205,1524459891120
SoundCenter2,54.15722569114442,1524459891121
SoundWall0,57.32508550787692,1524459895890
SoundWall1,61.529816289015656,1524459895898
SoundWall2,61.570972918352126,1524459895910
sensor0_Temperature,22.26,1524459897355
sensor0_Humidity,40.90960379214332,1524459897357
sensor0_Brightness,0.0,1524459897358
sensor1_Temperature,25.19,1524459897360
sensor1_Humidity,24.63137955283436,1524459897361
sensor1_Brightness,16.0,1524459897362
seat2AOccupied,false,1524459898991
totalSeatCount,0,1524459898991
Mtest8,true,1524459898991
SoundCenter0,63.77265753594474,1524459901118
SoundCenter1,54.66960511929428,1524459901120
SoundCenter2,53.21085027065956,1524459901121
sensor0_Temperature,22.26,1524459903655
sensor0_Humidity,40.90960379214332,1524459903657
sensor0_Brightness,0.0,1524459903658
sensor1_Temperature,25.19,1524459903659
sensor1_Humidity,24.63137955283436,1524459903661
sensor1_Brightness,16.0,1524459903662
SoundWall0,56.78824854918257,1524459905890
SoundWall1,59.728210849830425,1524459905899
SoundWall2,60.932958876980095,1524459905911
sensor0_Temperature,22.26,1524459909985
sensor0_Humidity,40.90960379214332,1524459909987
sensor0_Brightness,0.0,1524459909988
sensor1_Temperature,25.19,1524459909990
sensor1_Humidity,24.63137955283436,1524459909991
sensor1_Brightness,16.0,1524459909992
SoundCenter0,62.588868408999765,1524459911118
SoundCenter1,54.116473576803266,1524459911120
SoundCenter2,53.21793808943974,1524459911121
SoundWall0,56.869758765832124,1524459915890
SoundWall1,60.01134765063359,1524459915899
SoundWall2,61.51988149071015,1524459915910
sensor0_Temperature,22.26,1524459916304
sensor0_Humidity,40.90960379214332,1524459916305
sensor0_Brightness,0.0,1524459916305
sensor1_Temperature,25.19,1524459916306
sensor1_Humidity,24.63137955283436,1524459916306
sensor1_Brightness,16.0,1524459916307
SoundCenter0,61.772215230766065,1524459921118
SoundCenter1,54.051383146738466,1524459921120
SoundCenter2,53.18075395870585,1524459921121
sensor0_Temperature,22.26,1524459922604
sensor0_Humidity,40.90960379214332,1524459922606
sensor0_Brightness,0.0,1524459922607
sensor1_Temperature,25.19,1524459922609
sensor1_Humidity,24.63137955283436,1524459922610
sensor1_Brightness,16.0,1524459922612
Mtest1,true,1524459922751
SeminarNumber,18,1524459923192
SoundWall0,57.09804124096219,1524459925890
SoundWall1,59.91112021100984,1524459925899
SoundWall2,61.69816700078582,1524459925910
Mtest6,true,1524459927022
sensor0_Temperature,22.26,1524459928905
sensor0_Humidity,40.90960379214332,1524459928907
sensor0_Brightness,0.0,1524459928909
sensor1_Temperature,25.19,1524459928911
sensor1_Humidity,24.63137955283436,1524459928912
sensor1_Brightness,16.0,1524459928914
Mtest8,true,1524459929220
Mtest5,true,1524459930220
SoundCenter0,61.48829092856332,1524459931118
SoundCenter1,55.09758705025979,1524459931121
SoundCenter2,54.40126694373826,1524459931121
sensor0_Temperature,22.26,1524459935194
sensor0_Humidity,40.90960379214332,1524459935196
sensor0_Brightness,0.0,1524459935198
sensor1_Temperature,25.19,1524459935200
sensor1_Humidity,24.63137955283436,1524459935201
sensor1_Brightness,16.0,1524459935203
SoundWall0,58.03613316913258,1524459935890
SoundWall1,60.76562109413078,1524459935899
SoundWall2,61.938704818956886,1524459935911
SoundCenter0,61.49666083916837,1524459941118
SoundCenter1,55.97097085269893,1524459941120
SoundCenter2,54.91244945940003,1524459941121
sensor0_Temperature,22.26,1524459941521
sensor0_Humidity,40.90960379214332,1524459941523
sensor0_Brightness,0.0,1524459941524
sensor1_Temperature,25.19,1524459941526
sensor1_Humidity,24.63137955283436,1524459941527
sensor1_Brightness,16.0,1524459941529
seat1BOccupied,true,1524459943670
totalSeatCount,1,1524459943670
SoundWall0,58.633560506808905,1524459945890
SoundWall1,61.09924919183566,1524459945898
SoundWall2,61.87400400796196,1524459945912
sensor0_Temperature,22.26,1524459947826
sensor0_Humidity,40.90960379214332,1524459947829
sensor0_Brightness,0.0,1524459947831
sensor1_Temperature,25.19,1524459947833
sensor1_Humidity,24.63137955283436,1524459947835
sensor1_Brightness,16.0,1524459947837
SoundCenter0,61.759753367088294,1524459951118
SoundCenter1,57.157591089042036,1524459951120
SoundCenter2,55.74846159165027,1524459951121
Mtest1,true,1524459952010
sensor0_Temperature,22.26,1524459954116
sensor0_Humidity,40.90960379214332,1524459954118
sensor0_Brightness,0.0,1524459954121
sensor1_Temperature,25.19,1524459954122
sensor1_Humidity,24.63137955283436,1524459954124
sensor1_Brightness,16.0,1524459954126
SoundWall0,59.36772115973398,1524459955890
SoundWall1,61.481249257606706,1524459955899
SoundWall2,62.55565569909074,1524459955920
Mtest6,true,1524459958299
Mtest8,true,1524459959500
sensor0_Temperature,22.26,1524459960444
sensor0_Humidity,40.90960379214332,1524459960446
sensor0_Brightness,0.0,1524459960449
sensor1_Temperature,25.19,1524459960450
sensor1_Humidity,24.63137955283436,1524459960451
sensor1_Brightness,16.0,1524459960453
Mtest5,true,1524459960500
SoundCenter0,62.30912519607705,1524459961118
SoundCenter1,58.634769981779556,1524459961120
SoundCenter2,56.7812746643572,1524459961121
SoundWall0,59.661093101023326,1524459965890
SoundWall1,62.419497768612565,1524459965898
SoundWall2,62.84639650159483,1524459965921
sensor0_Temperature,22.26,1524459966747
sensor0_Humidity,40.90960379214332,1524459966749
sensor0_Brightness,0.0,1524459966751
sensor1_Temperature,25.19,1524459966753
sensor1_Humidity,24.63137955283436,1524459966755
sensor1_Brightness,16.0,1524459966757
SoundCenter0,63.98302656631782,1524459971118
SoundCenter1,60.242928936043846,1524459971120
SoundCenter2,58.014917015921,1524459971121
sensor0_Temperature,22.26,1524459973045
sensor0_Humidity,40.90960379214332,1524459973046
sensor0_Brightness,0.0,1524459973048
sensor1_Temperature,25.19,1524459973048
sensor1_Humidity,24.63137955283436,1524459973049
sensor1_Brightness,16.0,1524459973050
SoundWall0,60.287744682604895,1524459975897
SoundWall1,63.177597413769796,1524459975904
SoundWall2,63.91648250995671,1524459975917
sensor0_Temperature,22.26,1524459979356
sensor0_Humidity,40.90960379214332,1524459979357
sensor0_Brightness,0.0,1524459979359
sensor1_Temperature,25.19,1524459979360
sensor1_Humidity,24.63137955283436,1524459979360
sensor1_Brightness,16.0,1524459979362
SoundCenter0,64.63188945662563,1524459981118
SoundCenter1,60.63902371060661,1524459981120
SoundCenter2,58.1979584285943,1524459981121
sensor0_Temperature,22.26,1524459985654
sensor0_Humidity,40.90960379214332,1524459985656
sensor0_Brightness,0.0,1524459985658
sensor1_Temperature,25.19,1524459985660
sensor1_Humidity,24.63137955283436,1524459985662
sensor1_Brightness,16.0,1524459985664
SoundWall0,60.47945868662278,1524459985890
SoundWall1,63.64558284070674,1524459985898
SoundWall2,64.53392838330065,1524459985904
Mtest1,false,1524459989276
SoundCenter0,63.93384746953051,1524459991118
SoundCenter1,59.071635632993555,1524459991120
SoundCenter2,57.29935783794102,1524459991121
sensor0_Temperature,22.26,1524459991955
sensor0_Humidity,40.90960379214332,1524459991957
sensor0_Brightness,0.0,1524459991958
sensor1_Temperature,25.19,1524459991960
sensor1_Humidity,24.63137955283436,1524459991962
sensor1_Brightness,16.0,1524459991964
Mtest6,false,1524459994276
SoundWall0,59.52504602701804,1524459995890
SoundWall1,62.36868741985398,1524459995900
SoundWall2,63.43258363030988,1524459995909
Mtest8,false,1524459996276
Mtest5,false,1524459996276
sensor0_Temperature,22.26,1524459998255
sensor0_Humidity,40.90960379214332,1524459998257
sensor0_Brightness,0.0,1524459998258
sensor1_Temperature,25.19,1524459998260
sensor1_Humidity,24.63137955283436,1524459998262
sensor1_Brightness,16.0,1524459998264
SoundCenter0,63.775007549220724,1524460001118
SoundCenter1,59.042259406609354,1524460001120
SoundCenter2,58.236514818108716,1524460001121
sensor0_Temperature,22.26,1524460004565
sensor0_Humidity,40.90960379214332,1524460004568
sensor0_Brightness,0.0,1524460004570
sensor1_Temperature,25.19,1524460004572
sensor1_Humidity,24.63137955283436,1524460004576
sensor1_Brightness,16.0,1524460004578
SoundWall0,59.595138206507144,1524460005890
SoundWall1,61.98727286064022,1524460005900
SoundWall2,62.768712733692624,1524460005917
Mtest8,true,1524460009276
InferredPresence,false,1524460010293
InferredPresence,true,1524460010294
SoundCenter0,62.92129689869926,1524460011118
SoundCenter1,58.99788374000588,1524460011120
SoundCenter2,58.475212984320976,1524460011121
sensor0_Temperature,22.26,1524460014857
sensor0_Humidity,40.90960379214332,1524460014859
sensor0_Brightness,0.0,1524460014861
sensor1_Temperature,25.19,1524460014863
sensor1_Humidity,24.63137955283436,1524460014864
sensor1_Brightness,16.0,1524460014866
SoundWall0,59.75785532633912,1524460015890
SoundWall1,62.196426767175964,1524460015899
SoundWall2,62.453843836802136,1524460015910
SoundCenter0,63.165366266683115,1524460021118
SoundCenter1,58.90714426929128,1524460021121
SoundCenter2,58.879855488543384,1524460021121
sensor0_Temperature,22.26,1524460021153
sensor0_Humidity,40.90960379214332,1524460021156
sensor0_Brightness,0.0,1524460021158
sensor1_Temperature,25.19,1524460021160
sensor1_Humidity,24.63137955283436,1524460021163
sensor1_Brightness,16.0,1524460021164
SoundWall0,60.491829058591684,1524460025890
SoundWall1,62.74514156357582,1524460025899
SoundWall2,62.09375789502869,1524460025910
sensor0_Temperature,22.26,1524460027464
sensor0_Humidity,40.90960379214332,1524460027466
sensor0_Brightness,0.0,1524460027469
sensor1_Temperature,25.19,1524460027471
sensor1_Humidity,24.63137955283436,1524460027474
sensor1_Brightness,16.0,1524460027476
SoundCenter0,62.233030815131954,1524460031118
SoundCenter1,58.64051228848023,1524460031121
SoundCenter2,58.92573653258783,1524460031122
sensor0_Temperature,22.26,1524460033763
sensor0_Humidity,40.90960379214332,1524460033765
sensor0_Brightness,0.0,1524460033766
sensor1_Temperature,25.19,1524460033767
sensor1_Humidity,24.63137955283436,1524460033768
sensor1_Brightness,16.0,1524460033768
SoundWall0,61.03180204793272,1524460035890
SoundWall1,62.97661820158478,1524460035899
SoundWall2,60.533110840349906,1524460035912
Mtest8,true,1524460039544
sensor0_Temperature,22.26,1524460040043
sensor0_Humidity,40.90960379214332,1524460040044
sensor0_Brightness,0.0,1524460040045
sensor1_Temperature,25.19,1524460040046
sensor1_Humidity,24.63137955283436,1524460040047
sensor1_Brightness,16.0,1524460040049
SoundCenter0,62.74429597959675,1524460041118
SoundCenter1,59.11115889825856,1524460041120
SoundCenter2,59.677189043243054,1524460041121
SoundWall0,61.49205105915687,1524460045890
SoundWall1,63.13469337498975,1524460045898
SoundWall2,59.85492937690957,1524460045912
sensor0_Temperature,22.26,1524460046373
sensor0_Humidity,40.90960379214332,1524460046375
sensor0_Brightness,0.0,1524460046377
sensor1_Temperature,25.19,1524460046378
sensor1_Humidity,24.63137955283436,1524460046380
sensor1_Brightness,16.0,1524460046381
SoundCenter0,64.6895582039,1524460051118
SoundCenter1,60.61132202708334,1524460051120
SoundCenter2,60.107472335101676,1524460051121
sensor0_Temperature,22.26,1524460052663
sensor0_Humidity,40.90960379214332,1524460052667
sensor0_Brightness,0.0,1524460052669
sensor1_Temperature,25.19,1524460052670
sensor1_Humidity,24.63137955283436,1524460052671
sensor1_Brightness,16.0,1524460052672
SoundWall0,61.68581044213639,1524460055890
SoundWall1,64.25234497085269,1524460055899
SoundWall2,61.47520683589367,1524460055910
sensor0_Temperature,22.26,1524460058959
sensor0_Humidity,40.90960379214332,1524460058963
sensor0_Brightness,0.0,1524460058967
sensor1_Temperature,25.19,1524460058972
sensor1_Humidity,24.63137955283436,1524460058976
sensor1_Brightness,16.0,1524460058977
SoundCenter0,66.09137144431544,1524460061118
SoundCenter1,61.09153590542691,1524460061121
SoundCenter2,59.285418451980895,1524460061121
sensor0_Temperature,22.26,1524460065274
sensor0_Humidity,40.90960379214332,1524460065278
sensor0_Brightness,0.0,1524460065280
sensor1_Temperature,25.19,1524460065281
sensor1_Humidity,24.63137955283436,1524460065282
sensor1_Brightness,16.0,1524460065284
SoundWall0,61.533026983187966,1524460065890
SoundWall1,64.41544723895639,1524460065898
SoundWall2,62.09692936853159,1524460065904
SoundCenter0,67.42660564358249,1524460071118
SoundCenter1,61.171736478463636,1524460071121
SoundCenter2,59.3017331260341,1524460071121
sensor0_Temperature,22.26,1524460071573
sensor0_Humidity,40.90960379214332,1524460071575
sensor0_Brightness,0.0,1524460071577
sensor1_Temperature,25.19,1524460071578
sensor1_Humidity,24.63137955283436,1524460071580
sensor1_Brightness,16.0,1524460071582
SoundWall0,61.36787248756333,1524460075890
SoundWall1,64.34896445871226,1524460075899
SoundWall2,62.6346849014973,1524460075910
Mtest8,false,1524460076188
SoundCenter0,66.69411016273115,1524460081118
SoundCenter1,59.99096116191792,1524460081121
SoundCenter2,58.09775950882724,1524460081121
sensor0_Temperature,22.26,1524460081924
sensor0_Humidity,40.90960379214332,1524460081926
sensor0_Brightness,0.0,1524460081928
sensor1_Temperature,25.19,1524460081929
sensor1_Humidity,24.63137955283436,1524460081930
sensor1_Brightness,16.0,1524460081932
SoundWall0,60.451404084521755,1524460085890
SoundWall1,63.44161035181596,1524460085899
SoundWall2,61.840099436209265,1524460085910
sensor0_Temperature,22.26,1524460088233
sensor0_Humidity,40.90960379214332,1524460088235
sensor0_Brightness,0.0,1524460088236
sensor1_Temperature,25.19,1524460088238
sensor1_Humidity,24.63137955283436,1524460088239
sensor1_Brightness,16.0,1524460088240
SoundCenter0,67.1794901312133,1524460091118
SoundCenter1,59.75854902899926,1524460091121
SoundCenter2,57.38798919579344,1524460091121
sensor0_Temperature,22.26,1524460094562
sensor0_Humidity,40.90960379214332,1524460094563
sensor0_Brightness,0.0,1524460094564
sensor1_Temperature,25.19,1524460094565
sensor1_Humidity,24.63137955283436,1524460094566
sensor1_Brightness,16.0,1524460094567
SoundWall0,60.138081893470684,1524460095890
SoundWall1,63.580025119607576,1524460095899
SoundWall2,62.32439139378858,1524460095911
sensor0_Temperature,22.26,1524460100862
sensor0_Humidity,40.90960379214332,1524460100863
sensor0_Brightness,0.0,1524460100864
sensor1_Temperature,25.19,1524460100865
sensor1_Humidity,24.63137955283436,1524460100866
sensor1_Brightness,16.0,1524460100867
SoundCenter0,66.93826823050456,1524460101118
SoundCenter1,59.75598700510678,1524460101120
SoundCenter2,56.64040377162542,1524460101121
SoundWall0,60.19747530492693,1524460105890
SoundWall1,64.15310222719783,1524460105899
SoundWall2,62.335630415352355,1524460105915
SoundCenter0,66.6894004568303,1524460111118
SoundCenter1,59.257643851520925,1524460111120
SoundCenter2,56.10915979276795,1524460111121
sensor0_Temperature,22.26,1524460111188
Mtest8,true,1524460111189
sensor0_Humidity,40.90960379214332,1524460111190
sensor0_Brightness,0.0,1524460111192
sensor1_Temperature,25.19,1524460111194
sensor1_Humidity,24.63137955283436,1524460111195
sensor1_Brightness,16.0,1524460111197
InferredPresence,false,1524460112197
InferredPresence,true,1524460112201
SoundWall0,60.25023594947495,1524460115890
SoundWall1,63.1819358345164,1524460115899
SoundWall2,61.07907813080814,1524460115911
sensor0_Temperature,22.26,1524460117484
sensor0_Humidity,40.90960379214332,1524460117488
sensor0_Brightness,0.0,1524460117490
sensor1_Temperature,25.19,1524460117491
sensor1_Humidity,24.63137955283436,1524460117492
sensor1_Brightness,16.0,1524460117493
SoundCenter0,65.63610327437569,1524460121118
SoundCenter1,58.65846962320951,1524460121120
SoundCenter2,55.96490666496604,1524460121121
sensor0_Temperature,22.26,1524460123772
sensor0_Humidity,40.90960379214332,1524460123775
sensor0_Brightness,0.0,1524460123777
sensor1_Temperature,25.19,1524460123779
sensor1_Humidity,24.63137955283436,1524460123780
sensor1_Brightness,16.0,1524460123782
SoundWall0,61.2723723642026,1524460125890
SoundWall1,64.28492376354464,1524460125898
SoundWall2,62.08784846304081,1524460125912
sensor0_Temperature,22.26,1524460130073
sensor0_Humidity,40.90960379214332,1524460130075
sensor0_Brightness,0.0,1524460130077
sensor1_Temperature,25.19,1524460130083
sensor1_Humidity,24.63137955283436,1524460130085
sensor1_Brightness,16.0,1524460130087
SoundCenter0,64.46995825669836,1524460131118
SoundCenter1,58.63063987681893,1524460131120
SoundCenter2,55.95690483362596,1524460131121
SoundWall0,60.24722928484229,1524460135890
SoundWall1,63.10083720848133,1524460135899
SoundWall2,60.037648230971286,1524460135910
sensor0_Temperature,22.26,1524460136434
sensor0_Humidity,40.90960379214332,1524460136436
sensor0_Brightness,0.0,1524460136437
sensor1_Temperature,25.19,1524460136439
sensor1_Humidity,24.63137955283436,1524460136441
sensor1_Brightness,16.0,1524460136444
SoundCenter0,63.53619233699846,1524460141118
SoundCenter1,58.7165025067885,1524460141120
SoundCenter2,56.383050770550426,1524460141121
Mtest8,true,1524460141463
sensor0_Temperature,22.26,1524460142745
sensor0_Humidity,40.90960379214332,1524460142747
sensor0_Brightness,0.0,1524460142749
sensor1_Temperature,25.19,1524460142751
sensor1_Humidity,24.63137955283436,1524460142752
sensor1_Brightness,16.0,1524460142754
SoundWall0,61.198639666292266,1524460145890
SoundWall1,63.89356275289647,1524460145899
SoundWall2,60.95592529916158,1524460145915
sensor0_Temperature,22.26,1524460149044
sensor0_Humidity,40.90960379214332,1524460149046
sensor0_Brightness,0.0,1524460149048
sensor1_Temperature,25.19,1524460149050
sensor1_Humidity,24.63137955283436,1524460149054
sensor1_Brightness,16.0,1524460149056
SoundCenter0,62.55560646963298,1524460151118
SoundCenter1,58.50530678500436,1524460151120
SoundCenter2,56.62656759535081,1524460151121
sensor0_Temperature,22.26,1524460155362
sensor0_Humidity,40.90960379214332,1524460155362
sensor0_Brightness,0.0,1524460155363
sensor1_Temperature,25.19,1524460155364
sensor1_Humidity,24.63137955283436,1524460155365
sensor1_Brightness,16.0,1524460155365
SoundWall0,60.931443366154404,1524460155890
SoundWall1,63.34372747031272,1524460155898
SoundWall2,61.537613005434046,1524460155912
SoundCenter0,61.37190045487086,1524460161118
SoundCenter1,57.94270365659801,1524460161120
SoundCenter2,56.74719399157196,1524460161121
sensor0_Temperature,22.26,1524460161653
sensor0_Humidity,40.90960379214332,1524460161655
sensor0_Brightness,0.0,1524460161657
sensor1_Temperature,25.19,1524460161658
sensor1_Humidity,24.63137955283436,1524460161659
sensor1_Brightness,16.0,1524460161660
SoundWall0,59.66896481116258,1524460165890
SoundWall1,61.26454916695657,1524460165899
SoundWall2,61.63186171614202,1524460165915
sensor0_Temperature,22.26,1524460167965
sensor0_Humidity,40.90960379214332,1524460167967
sensor0_Brightness,0.0,1524460167968
sensor1_Temperature,25.19,1524460167970
sensor1_Humidity,24.63137955283436,1524460167971
sensor1_Brightness,16.0,1524460167972
SoundCenter0,59.83438199602498,1524460171118
SoundCenter1,57.21046043868921,1524460171120
SoundCenter2,56.282605242932,1524460171121
sensor0_Temperature,22.26,1524460174264
sensor0_Humidity,40.90960379214332,1524460174266
sensor0_Brightness,0.0,1524460174269
sensor1_Temperature,25.19,1524460174271
sensor1_Humidity,24.63137955283436,1524460174272
sensor1_Brightness,16.0,1524460174276
SoundWall0,59.13565802360934,1524460175890
SoundWall1,60.909085351752694,1524460175902
SoundWall2,61.32436576968856,1524460175917
Mtest8,false,1524460178571
SoundCenter0,59.39193454405018,1524460181118
SoundCenter1,56.21649803892119,1524460181120
SoundCenter2,55.563053455427536,1524460181121
sensor0_Temperature,22.26,1524460184643
sensor0_Humidity,40.90960379214332,1524460184645
sensor0_Brightness,0.0,1524460184647
sensor1_Temperature,25.19,1524460184649
sensor1_Humidity,24.63137955283436,1524460184650
sensor1_Brightness,16.0,1524460184653
SoundWall0,57.58821340379706,1524460185890
SoundWall1,59.02907286778878,1524460185898
SoundWall2,59.654743367622764,1524460185920
sensor0_Temperature,22.26,1524460190943
sensor0_Humidity,40.90960379214332,1524460190945
sensor0_Brightness,0.0,1524460190947
sensor1_Temperature,25.19,1524460190949
sensor1_Humidity,24.63137955283436,1524460190951
sensor1_Brightness,16.0,1524460190953
SoundCenter0,60.24590659461668,1524460191118
SoundCenter1,55.76361292953575,1524460191120
SoundCenter2,54.98947791591813,1524460191121
SoundWall0,58.29177709250512,1524460195890
SoundWall1,59.67799268434979,1524460195899
SoundWall2,61.08613197968022,1524460195912
sensor0_Temperature,22.26,1524460197284
sensor0_Humidity,40.90960379214332,1524460197286
sensor0_Brightness,0.0,1524460197288
sensor1_Temperature,25.19,1524460197289
sensor1_Humidity,24.63137955283436,1524460197290
sensor1_Brightness,16.0,1524460197291
SoundCenter0,62.30774972094845,1524460201118
SoundCenter1,57.01874240260045,1524460201120
SoundCenter2,55.828461064800145,1524460201121
sensor0_Temperature,22.26,1524460203606
sensor0_Humidity,40.90960379214332,1524460203608
sensor0_Brightness,0.0,1524460203610
sensor1_Temperature,25.19,1524460203611
sensor1_Humidity,24.63137955283436,1524460203612
sensor1_Brightness,16.0,1524460203614
SoundWall0,57.892889766982606,1524460205890
SoundWall1,59.820049863928695,1524460205899
SoundWall2,61.664853157261724,1524460205916
sensor0_Temperature,22.26,1524460209912
sensor0_Humidity,40.90960379214332,1524460209913
sensor0_Brightness,0.0,1524460209915
sensor1_Temperature,25.19,1524460209916
sensor1_Humidity,24.63137955283436,1524460209918
sensor1_Brightness,16.0,1524460209920
SoundCenter0,62.47367412104057,1524460211118
SoundCenter1,56.20386381810701,1524460211120
SoundCenter2,55.18659461376202,1524460211121
SoundWall0,57.77453494597559,1524460215890
SoundWall1,59.875026724785116,1524460215898
SoundWall2,60.761557260232415,1524460215912
sensor0_Temperature,22.26,1524460216262
sensor0_Humidity,40.90960379214332,1524460216263
sensor0_Brightness,0.0,1524460216264
sensor1_Temperature,25.19,1524460216265
sensor1_Humidity,24.63137955283436,1524460216266
sensor1_Brightness,16.0,1524460216266
SoundCenter0,63.010834717568436,1524460221118
SoundCenter1,56.57198029208424,1524460221120
SoundCenter2,55.419048988233435,1524460221121
sensor0_Temperature,22.26,1524460223655
sensor0_Humidity,40.90960379214332,1524460223657
sensor0_Brightness,0.0,1524460223658
sensor1_Temperature,25.19,1524460223660
sensor1_Humidity,24.63137955283436,1524460223661
sensor1_Brightness,16.0,1524460223662
SoundWall0,59.48412914212828,1524460225890
SoundWall1,61.822246598776964,1524460225900
SoundWall2,61.246006432782764,1524460225911
sensor0_Temperature,22.26,1524460229972
sensor0_Humidity,40.90960379214332,1524460229974
sensor0_Brightness,0.0,1524460229976
sensor1_Temperature,25.19,1524460229978
sensor1_Humidity,24.63137955283436,1524460229980
sensor1_Brightness,16.0,1524460229982
SoundCenter0,64.49401046665392,1524460231118
SoundCenter1,57.42952017184137,1524460231120
SoundCenter2,55.55507235758698,1524460231121
SoundWall0,60.6901544438684,1524460235890
SoundWall1,63.63715881297987,1524460235900
SoundWall2,63.284398176651884,1524460235911
sensor0_Temperature,22.26,1524460236297
sensor0_Humidity,40.90960379214332,1524460236299
sensor0_Brightness,0.0,1524460236300
sensor1_Temperature,25.19,1524460236302
sensor1_Humidity,24.63137955283436,1524460236304
sensor1_Brightness,16.0,1524460236306
SoundCenter0,64.7625685555804,1524460241118
SoundCenter1,57.35121506343535,1524460241120
SoundCenter2,55.273480981956546,1524460241121
sensor0_Temperature,22.26,1524460242601
sensor0_Humidity,40.90960379214332,1524460242603
sensor0_Brightness,0.0,1524460242605
sensor1_Temperature,25.19,1524460242606
sensor1_Humidity,24.63137955283436,1524460242608
sensor1_Brightness,16.0,1524460242609
SoundWall0,60.59127336508454,1524460245890
SoundWall1,64.18230333660753,1524460245898
SoundWall2,64.08468305098948,1524460245915
Mtest5,true,1524460248572
sensor0_Temperature,22.26,1524460249021
sensor0_Humidity,40.90960379214332,1524460249023
sensor0_Brightness,0.0,1524460249025
sensor1_Temperature,25.19,1524460249027
sensor1_Humidity,24.63137955283436,1524460249028
sensor1_Brightness,16.0,1524460249030
InferredPresence,false,1524460249583
InferredPresence,true,1524460249587
SoundCenter0,64.82390939424758,1524460251118
SoundCenter1,57.51151409456366,1524460251120
SoundCenter2,55.247646317549275,1524460251121
sensor0_Temperature,22.26,1524460255324
sensor0_Humidity,40.90960379214332,1524460255327
sensor0_Brightness,0.0,1524460255328
sensor1_Temperature,25.19,1524460255330
sensor1_Humidity,24.63137955283436,1524460255332
sensor1_Brightness,16.0,1524460255334
SoundWall0,60.92381198886467,1524460255890
SoundWall1,64.58216095141391,1524460255899
SoundWall2,64.48955443668821,1524460255910
Mtest8,true,1524460260828
SoundCenter0,63.13527591545019,1524460261118
SoundCenter1,56.21739250226672,1524460261120
SoundCenter2,54.07434497878718,1524460261121
sensor0_Temperature,22.26,1524460261621
sensor0_Humidity,40.90960379214332,1524460261623
sensor0_Brightness,0.0,1524460261625
sensor1_Temperature,25.19,1524460261626
sensor1_Humidity,24.63137955283436,1524460261628
sensor1_Brightness,16.0,1524460261631
SoundWall0,60.65376836081591,1524460265890
SoundWall1,64.09482144992104,1524460265899
SoundWall2,63.429536113420305,1524460265910
sensor0_Temperature,22.26,1524460267931
sensor0_Humidity,40.90960379214332,1524460267933
sensor0_Brightness,0.0,1524460267935
sensor1_Temperature,25.19,1524460267937
sensor1_Humidity,24.63137955283436,1524460267939
sensor1_Brightness,16.0,1524460267941
SoundCenter0,62.30709625219904,1524460271118
SoundCenter1,56.945845677264955,1524460271120
SoundCenter2,54.87318563041352,1524460271121
sensor0_Temperature,22.26,1524460274221
sensor0_Humidity,40.90960379214332,1524460274222
sensor0_Brightness,0.0,1524460274223
sensor1_Temperature,25.19,1524460274224
sensor1_Humidity,24.63137955283436,1524460274225
sensor1_Brightness,16.0,1524460274226
SoundWall0,61.70035764923769,1524460275890
SoundWall1,64.8687960891627,1524460275899
SoundWall2,64.6624162384377,1524460275911
Mtest5,true,1524460278807
sensor0_Temperature,22.26,1524460280530
sensor0_Humidity,40.90960379214332,1524460280531
sensor0_Brightness,0.0,1524460280532
sensor1_Temperature,25.19,1524460280533
sensor1_Humidity,24.63137955283436,1524460280533
sensor1_Brightness,16.0,1524460280534
SoundCenter0,62.30212828569101,1524460281118
SoundCenter1,57.221187429710454,1524460281120
SoundCenter2,54.99847913356621,1524460281121
SoundWall0,61.69178674265463,1524460285890
SoundWall1,64.79697201887727,1524460285899
SoundWall2,64.01029546787547,1524460285913
sensor0_Temperature,22.26,1524460286827
sensor0_Humidity,40.90960379214332,1524460286829
sensor0_Brightness,0.0,1524460286830
sensor1_Temperature,25.19,1524460286832
sensor1_Humidity,24.63137955283436,1524460286842
sensor1_Brightness,16.0,1524460286843
Mtest8,true,1524460291096
SoundCenter0,62.3717491470949,1524460291118
SoundCenter1,57.69315114396821,1524460291120
SoundCenter2,56.03058060168166,1524460291121
sensor0_Temperature,22.26,1524460293131
sensor0_Humidity,40.90960379214332,1524460293132
sensor0_Brightness,0.0,1524460293134
sensor1_Temperature,25.19,1524460293136
sensor1_Humidity,24.63137955283436,1524460293137
sensor1_Brightness,16.0,1524460293138
SoundWall0,62.438869562897565,1524460295890
SoundWall1,64.84557587827929,1524460295901
SoundWall2,63.50796355932414,1524460295910
sensor0_Temperature,22.26,1524460299421
sensor0_Humidity,40.90960379214332,1524460299423
sensor0_Brightness,0.0,1524460299425
sensor1_Temperature,25.19,1524460299426
sensor1_Humidity,24.63137955283436,1524460299427
sensor1_Brightness,16.0,1524460299429
SoundCenter0,62.59467112117821,1524460301118
SoundCenter1,58.44760313621325,1524460301120
SoundCenter2,56.93678457546223,1524460301121
sensor0_Temperature,22.26,1524460305721
sensor0_Humidity,40.90960379214332,1524460305722
sensor0_Brightness,0.0,1524460305724
sensor1_Temperature,25.19,1524460305725
sensor1_Humidity,24.63137955283436,1524460305727
sensor1_Brightness,16.0,1524460305728
SoundWall0,62.574069814378504,1524460305890
SoundWall1,64.66379141803586,1524460305899
SoundWall2,62.675684100348285,1524460305906
SoundCenter0,62.83586266161947,1524460311118
SoundCenter1,58.921490153910014,1524460311120
SoundCenter2,57.8981166819351,1524460311121
sensor0_Temperature,22.26,1524460312027
sensor0_Humidity,40.90960379214332,1524460312029
sensor0_Brightness,0.0,1524460312031
sensor1_Temperature,25.19,1524460312032
sensor1_Humidity,24.63137955283436,1524460312033
sensor1_Brightness,16.0,1524460312034
Mtest5,false,1524460315037
SoundWall0,63.10013125834909,1524460315890
SoundWall1,64.83198330512302,1524460315898
SoundWall2,62.39377926849036,1524460315912
sensor0_Temperature,22.26,1524460318311
sensor0_Humidity,40.90960379214332,1524460318313
sensor0_Brightness,0.0,1524460318314
sensor1_Temperature,25.19,1524460318316
sensor1_Humidity,24.63137955283436,1524460318317
sensor1_Brightness,16.0,1524460318319
SoundCenter0,62.950693031463736,1524460321118
SoundCenter1,59.318304088329924,1524460321120
SoundCenter2,58.280440598433465,1524460321121
sensor0_Temperature,22.26,1524460324601
sensor0_Humidity,40.90960379214332,1524460324603
sensor0_Brightness,0.0,1524460324605
sensor1_Temperature,25.19,1524460324607
sensor1_Humidity,24.63137955283436,1524460324609
sensor1_Brightness,16.0,1524460324611
SoundWall0,62.81081995624209,1524460325890
SoundWall1,64.49657869052139,1524460325899
SoundWall2,62.4630959553211,1524460325910
Mtest8,false,1524460327037
sensor0_Temperature,22.26,1524460330921
sensor0_Humidity,40.90960379214332,1524460330923
sensor0_Brightness,0.0,1524460330925
sensor1_Temperature,25.19,1524460330926
sensor1_Humidity,24.63137955283436,1524460330928
sensor1_Brightness,16.0,1524460330929
SoundCenter0,63.85348228470543,1524460331118
SoundCenter1,59.40326989021799,1524460331120
SoundCenter2,58.03608187776774,1524460331121
SoundWall0,62.4447216189006,1524460335890
SoundWall1,64.08234591166413,1524460335899
SoundWall2,61.93222169335483,1524460335911
sensor0_Temperature,22.26,1524460337211
sensor0_Humidity,40.90960379214332,1524460337212
sensor0_Brightness,0.0,1524460337213
sensor1_Temperature,25.19,1524460337214
sensor1_Humidity,24.63137955283436,1524460337215
sensor1_Brightness,16.0,1524460337215
SoundCenter0,64.91830096816004,1524460341118
SoundCenter1,59.884953238778685,1524460341120
SoundCenter2,58.66633883931138,1524460341121
sensor0_Temperature,22.26,1524460343502
sensor0_Humidity,40.90960379214332,1524460343504
sensor0_Brightness,0.0,1524460343506
sensor1_Temperature,25.19,1524460343507
sensor1_Humidity,24.63137955283436,1524460343508
sensor1_Brightness,16.0,1524460343509
SoundWall0,62.95687618300033,1524460345890
SoundWall1,64.77177768576014,1524460345900
SoundWall2,62.884694991648985,1524460345917
seat2AOccupied,true,1524460348038
totalSeatCount,2,1524460348038
InferredPresence,false,1524460349053
sensor0_Temperature,22.26,1524460349801
sensor0_Humidity,40.90960379214332,1524460349803
sensor0_Brightness,0.0,1524460349805
sensor1_Temperature,25.19,1524460349807
sensor1_Humidity,24.63137955283436,1524460349808
sensor1_Brightness,16.0,1524460349809
SoundCenter0,64.74385336274503,1524460351118
SoundCenter1,59.34513763693625,1524460351120
SoundCenter2,57.90047186556795,1524460351121
SoundWall0,61.36720298752586,1524460355890
SoundWall1,63.939177949307755,1524460355898
SoundWall2,61.50502478625184,1524460355907
sensor0_Temperature,22.26,1524460357142
sensor0_Humidity,40.90960379214332,1524460357144
sensor0_Brightness,0.0,1524460357145
sensor1_Temperature,25.19,1524460357147
sensor1_Humidity,24.63137955283436,1524460357148
sensor1_Brightness,16.0,1524460357149
SoundCenter0,64.59705331643427,1524460361118
SoundCenter1,58.751072088774364,1524460361120
SoundCenter2,57.60952739385115,1524460361121
sensor0_Temperature,22.26,1524460363432
sensor0_Humidity,40.90960379214332,1524460363434
sensor0_Brightness,0.0,1524460363435
sensor1_Temperature,25.19,1524460363437
sensor1_Humidity,24.63137955283436,1524460363438
sensor1_Brightness,16.0,1524460363440
SoundWall0,61.5811116522425,1524460365890
SoundWall1,63.999282074809315,1524460365899
SoundWall2,61.745793699900595,1524460365911
sensor0_Temperature,22.26,1524460369722
sensor0_Humidity,40.90960379214332,1524460369724
sensor0_Brightness,0.0,1524460369725
sensor1_Temperature,25.19,1524460369726
sensor1_Humidity,24.63137955283436,1524460369728
sensor1_Brightness,16.0,1524460369730
SoundCenter0,64.6149261073789,1524460371118
SoundCenter1,58.47674040132753,1524460371120
SoundCenter2,57.41777470055251,1524460371121
seat2AOccupied,false,1524460373908
totalSeatCount,1,1524460373908
SoundWall0,62.046194311971384,1524460375890
SoundWall1,64.79073593126499,1524460375899
SoundWall2,62.947298670061066,1524460375910
sensor0_Temperature,22.26,1524460376024
sensor0_Humidity,40.90960379214332,1524460376026
sensor0_Brightness,0.0,1524460376028
sensor1_Temperature,25.19,1524460376029
sensor1_Humidity,24.63137955283436,1524460376030
sensor1_Brightness,16.0,1524460376031
SoundCenter0,65.78420756655001,1524460381118
SoundCenter1,59.147156811948456,1524460381120
SoundCenter2,57.54605973382892,1524460381121
sensor0_Temperature,22.26,1524460382313
sensor0_Humidity,40.90960379214332,1524460382315
sensor0_Brightness,0.0,1524460382316
sensor1_Temperature,25.19,1524460382317
sensor1_Humidity,24.63137955283436,1524460382319
sensor1_Brightness,16.0,1524460382321
SoundWall0,62.418591734245226,1524460385890
SoundWall1,65.39503197767186,1524460385899
SoundWall2,64.02952421211056,1524460385911
sensor0_Temperature,22.26,1524460388611
sensor0_Humidity,40.90960379214332,1524460388613
sensor0_Brightness,0.0,1524460388615
sensor1_Temperature,25.19,1524460388616
sensor1_Humidity,24.63137955283436,1524460388618
sensor1_Brightness,16.0,1524460388620
SoundCenter0,66.8990018680725,1524460391118
SoundCenter1,59.782482740933006,1524460391120
SoundCenter2,57.87497177223857,1524460391121
sensor0_Temperature,22.26,1524460394927
sensor0_Humidity,40.90960379214332,1524460394928
sensor0_Brightness,0.0,1524460394929
sensor1_Temperature,25.19,1524460394930
sensor1_Humidity,24.63137955283436,1524460394930
sensor1_Brightness,16.0,1524460394931
SoundWall0,63.4531184263981,1524460395890
SoundWall1,66.41838444853221,1524460395898
SoundWall2,64.78538487441685,1524460395919
SoundCenter0,67.50927735314424,1524460401118
SoundCenter1,59.53636238442483,1524460401120
SoundCenter2,57.439856141780645,1524460401121
sensor0_Temperature,22.26,1524460405252
sensor0_Humidity,40.90960379214332,1524460405254
sensor0_Brightness,0.0,1524460405256
sensor1_Temperature,25.19,1524460405258
sensor1_Humidity,24.63137955283436,1524460405259
sensor1_Brightness,16.0,1524460405261
SoundWall0,62.2277359618652,1524460405890
SoundWall1,65.61759556729703,1524460405898
SoundWall2,64.61863265234588,1524460405915
SoundCenter0,66.66707099932532,1524460411118
SoundCenter1,58.71717169185958,1524460411120
SoundCenter2,57.04778776952661,1524460411121
sensor0_Temperature,22.26,1524460411552
sensor0_Humidity,40.90960379214332,1524460411554
sensor0_Brightness,0.0,1524460411556
sensor1_Temperature,25.19,1524460411558
sensor1_Humidity,24.63137955283436,1524460411560
sensor1_Brightness,16.0,1524460411562
SoundWall0,62.31961283336688,1524460415890
SoundWall1,65.43482253845596,1524460415898
SoundWall2,65.68520345594874,1524460415920
sensor0_Temperature,22.26,1524460417866
sensor0_Humidity,40.90960379214332,1524460417868
sensor0_Brightness,0.0,1524460417872
sensor1_Temperature,25.19,1524460417875
sensor1_Humidity,24.63137955283436,1524460417877
sensor1_Brightness,16.0,1524460417879
SoundCenter0,65.93455325610289,1524460421118
SoundCenter1,58.532324896196734,1524460421120
SoundCenter2,56.74254583272157,1524460421121
seat2AOccupied,true,1524460423101
totalSeatCount,2,1524460423101
sensor0_Temperature,22.26,1524460424163
sensor0_Humidity,40.90960379214332,1524460424165
sensor0_Brightness,0.0,1524460424166
sensor1_Temperature,25.19,1524460424169
sensor1_Humidity,24.63137955283436,1524460424170
sensor1_Brightness,16.0,1524460424172
SoundWall0,61.96655752539779,1524460425890
SoundWall1,65.16718384716624,1524460425902
SoundWall2,65.98746752307635,1524460425911
sensor0_Temperature,22.26,1524460430465
sensor0_Humidity,40.90960379214332,1524460430467
sensor0_Brightness,0.0,1524460430469
sensor1_Temperature,25.19,1524460430470
sensor1_Humidity,24.63137955283436,1524460430471
sensor1_Brightness,16.0,1524460430472
SoundCenter0,64.1606483644673,1524460431118
SoundCenter1,57.5607821281932,1524460431120
SoundCenter2,55.60195552230776,1524460431121
SoundWall0,60.72570219242282,1524460435890
SoundWall1,63.691382295921024,1524460435898
SoundWall2,64.4274267629277,1524460435912
sensor0_Temperature,22.26,1524460436763
sensor0_Humidity,40.90960379214332,1524460436764
sensor0_Brightness,0.0,1524460436766
sensor1_Temperature,25.19,1524460436767
sensor1_Humidity,24.63137955283436,1524460436768
sensor1_Brightness,16.0,1524460436769
SoundCenter0,62.67979617483756,1524460441118
SoundCenter1,56.81486303959817,1524460441120
SoundCenter2,55.13392244295666,1524460441121
sensor0_Temperature,22.26,1524460443063
sensor0_Humidity,40.90960379214332,1524460443064
sensor0_Brightness,0.0,1524460443066
sensor1_Temperature,25.19,1524460443067
sensor1_Humidity,24.63137955283436,1524460443068
sensor1_Brightness,16.0,1524460443069
SoundWall0,59.883738525317874,1524460445890
SoundWall1,62.733347638289125,1524460445898
SoundWall2,62.072896927512296,1524460445918
SoundCenter0,61.39124609250246,1524460451118
SoundCenter1,55.948303534790384,1524460451120
SoundCenter2,54.367751719157035,1524460451121
seat2AOccupied,false,1524460453237
totalSeatCount,1,1524460453237
sensor0_Temperature,22.26,1524460453422
sensor0_Humidity,40.90960379214332,1524460453424
sensor0_Brightness,0.0,1524460453425
sensor1_Temperature,25.19,1524460453425
sensor1_Humidity,24.63137955283436,1524460453426
sensor1_Brightness,16.0,1524460453427
SoundWall0,57.61830097059398,1524460455890
SoundWall1,60.417156420705545,1524460455899
SoundWall2,59.71515580785444,1524460455910
sensor0_Temperature,22.26,1524460459724
sensor0_Humidity,40.90960379214332,1524460459726
sensor0_Brightness,0.0,1524460459728
sensor1_Temperature,25.19,1524460459729
sensor1_Humidity,24.63137955283436,1524460459730
sensor1_Brightness,16.0,1524460459731
SoundCenter0,60.098998051007285,1524460461118
SoundCenter1,55.133856946411726,1524460461120
SoundCenter2,53.54394235035264,1524460461121
SoundWall0,56.833687161550046,1524460465890
SoundWall1,59.22138570548873,1524460465899
SoundWall2,58.5063695672266,1524460465911
sensor0_Temperature,22.26,1524460466064
sensor0_Humidity,40.90960379214332,1524460466065
sensor0_Brightness,0.0,1524460466067
sensor1_Temperature,25.19,1524460466068
sensor1_Humidity,24.63137955283436,1524460466069
sensor1_Brightness,16.0,1524460466070
SoundCenter0,60.41561306491882,1524460471118
SoundCenter1,55.59911326242389,1524460471120
SoundCenter2,53.91413512115212,1524460471121
sensor0_Temperature,22.26,1524460472362
sensor0_Humidity,40.90960379214332,1524460472364
sensor0_Brightness,0.0,1524460472366
sensor1_Temperature,25.19,1524460472368
sensor1_Humidity,24.63137955283436,1524460472369
sensor1_Brightness,16.0,1524460472371
seat2AOccupied,true,1524460473238
totalSeatCount,2,1524460473238
SoundWall0,56.64730377072035,1524460475890
SoundWall1,59.1090896220945,1524460475900
SoundWall2,58.221731779011755,1524460475911
sensor0_Temperature,22.26,1524460478663
sensor0_Humidity,40.90960379214332,1524460478664
sensor0_Brightness,0.0,1524460478666
sensor1_Temperature,25.19,1524460478667
sensor1_Humidity,24.63137955283436,1524460478668
sensor1_Brightness,16.0,1524460478669
SoundCenter0,61.156317984782504,1524460481118
SoundCenter1,56.8128964229603,1524460481120
SoundCenter2,54.5598904989254,1524460481121
sensor0_Temperature,22.26,1524460484984
sensor0_Humidity,40.90960379214332,1524460484986
sensor0_Brightness,0.0,1524460484987
sensor1_Temperature,25.19,1524460484989
sensor1_Humidity,24.63137955283436,1524460484990
sensor1_Brightness,16.0,1524460484991
SoundWall0,56.10986548197848,1524460485890
SoundWall1,58.782647785100714,1524460485898
SoundWall2,57.91276952765659,1524460485904
SoundCenter0,62.38669325512842,1524460491118
SoundCenter1,57.01564783623008,1524460491120
SoundCenter2,54.552581329188925,1524460491121
sensor0_Temperature,22.26,1524460491302
sensor0_Humidity,40.90960379214332,1524460491304
sensor0_Brightness,0.0,1524460491306
sensor1_Temperature,25.19,1524460491307
sensor1_Humidity,24.63137955283436,1524460491308
sensor1_Brightness,16.0,1524460491310
SoundWall0,55.55120206069378,1524460495890
SoundWall1,58.58953895005853,1524460495899
SoundWall2,58.48863315750899,1524460495920
sensor0_Temperature,22.26,1524460497603
sensor0_Humidity,40.90960379214332,1524460497605
sensor0_Brightness,0.0,1524460497607
sensor1_Temperature,25.19,1524460497609
sensor1_Humidity,24.63137955283436,1524460497610
sensor1_Brightness,16.0,1524460497611
SoundCenter0,63.34390253716627,1524460501118
SoundCenter1,56.593048783737736,1524460501120
SoundCenter2,54.73259907256006,1524460501121
sensor0_Temperature,22.26,1524460503904
sensor0_Humidity,40.90960379214332,1524460503906
sensor0_Brightness,0.0,1524460503907
sensor1_Temperature,25.19,1524460503908
sensor1_Humidity,24.63137955283436,1524460503910
sensor1_Brightness,16.0,1524460503911
SoundWall0,57.07901494703903,1524460505890
SoundWall1,60.092632297447246,1524460505898
SoundWall2,61.022552215544366,1524460505919
sensor0_Temperature,22.26,1524460510202
sensor0_Humidity,40.90960379214332,1524460510204
sensor0_Brightness,0.0,1524460510206
sensor1_Temperature,25.19,1524460510207
sensor1_Humidity,24.63137955283436,1524460510208
sensor1_Brightness,16.0,1524460510209
SoundCenter0,64.08534248053633,1524460511118
SoundCenter1,56.6925656231934,1524460511120
SoundCenter2,55.363324585311474,1524460511121
SoundWall0,57.61138244324631,1524460515890
SoundWall1,61.161752500831916,1524460515898
SoundWall2,61.65032948405935,1524460515912
sensor0_Temperature,22.26,1524460516513
sensor0_Humidity,40.90960379214332,1524460516515
sensor0_Brightness,0.0,1524460516516
sensor1_Temperature,25.19,1524460516516
sensor1_Humidity,24.63137955283436,1524460516517
sensor1_Brightness,16.0,1524460516517
SoundCenter0,64.02017360989582,1524460521118
SoundCenter1,56.43356325905748,1524460521120
SoundCenter2,55.40442279179597,1524460521121
sensor0_Temperature,22.26,1524460522812
sensor0_Humidity,40.90960379214332,1524460522814
sensor0_Brightness,0.0,1524460522816
sensor1_Temperature,25.19,1524460522818
sensor1_Humidity,24.63137955283436,1524460522819
sensor1_Brightness,16.0,1524460522820
SoundWall0,57.925465977503244,1524460525890
SoundWall1,61.74466816250414,1524460525898
SoundWall2,61.76876331989532,1524460525909
sensor0_Temperature,22.26,1524460529113
sensor0_Humidity,40.90960379214332,1524460529115
sensor0_Brightness,0.0,1524460529117
sensor1_Temperature,25.19,1524460529119
sensor1_Humidity,24.63137955283436,1524460529121
sensor1_Brightness,16.0,1524460529123
SoundCenter0,65.0406180052881,1524460531118
SoundCenter1,57.44613779572034,1524460531120
SoundCenter2,56.37383644935014,1524460531121
sensor0_Temperature,22.26,1524460535423
sensor0_Humidity,40.90960379214332,1524460535425
sensor0_Brightness,0.0,1524460535427
sensor1_Temperature,25.19,1524460535428
sensor1_Humidity,24.63137955283436,1524460535430
sensor1_Brightness,16.0,1524460535431
SoundWall0,58.842157960051644,1524460535890
SoundWall1,62.67394506057113,1524460535899
SoundWall2,62.59974233872757,1524460535912
SoundCenter0,66.02613802450863,1524460541118
SoundCenter1,58.08014069554395,1524460541120
SoundCenter2,56.89970716958108,1524460541121
sensor0_Temperature,22.26,1524460541753
sensor0_Humidity,40.90960379214332,1524460541755
sensor0_Brightness,0.0,1524460541756
sensor1_Temperature,25.19,1524460541757
sensor1_Humidity,24.63137955283436,1524460541759
sensor1_Brightness,16.0,1524460541760
SoundWall0,60.02394617633646,1524460545890
SoundWall1,63.908980772656086,1524460545898
SoundWall2,63.217268684086555,1524460545912
sensor0_Temperature,22.26,1524460548052
sensor0_Humidity,40.90960379214332,1524460548054
sensor0_Brightness,0.0,1524460548056
sensor1_Temperature,25.19,1524460548057
sensor1_Humidity,24.63137955283436,1524460548058
sensor1_Brightness,16.0,1524460548059
SoundCenter0,66.89652763713875,1524460551118
SoundCenter1,59.66164061389327,1524460551120
SoundCenter2,58.47653512677347,1524460551121
sensor0_Temperature,22.26,1524460554348
sensor0_Humidity,40.90960379214332,1524460554350
sensor0_Brightness,0.0,1524460554352
sensor1_Temperature,25.19,1524460554353
sensor1_Humidity,24.63137955283436,1524460554354
sensor1_Brightness,16.0,1524460554356
SoundWall0,60.77508629864444,1524460555890
SoundWall1,64.35395969279898,1524460555899
SoundWall2,62.372178571521566,1524460555913
sensor0_Temperature,22.26,1524460560664
sensor0_Humidity,40.90960379214332,1524460560666
sensor0_Brightness,0.0,1524460560668
sensor1_Temperature,25.19,1524460560670
sensor1_Humidity,24.63137955283436,1524460560671
sensor1_Brightness,16.0,1524460560673
SoundCenter0,66.02615616972487,1524460561118
SoundCenter1,59.675398388863094,1524460561120
SoundCenter2,58.21655049752058,1524460561121
SoundWall0,59.938120722842655,1524460565890
SoundWall1,63.460939299291084,1524460565898
SoundWall2,61.40690419173719,1524460565912
sensor0_Temperature,22.26,1524460566963
sensor0_Humidity,40.90960379214332,1524460566965
sensor0_Brightness,0.0,1524460566967
sensor1_Temperature,25.19,1524460566969
sensor1_Humidity,24.63137955283436,1524460566970
sensor1_Brightness,16.0,1524460566972
SoundCenter0,64.8042738151533,1524460571118
SoundCenter1,59.4389236188482,1524460571120
SoundCenter2,57.46103904598013,1524460571121
sensor0_Temperature,22.26,1524460573262
sensor0_Humidity,40.90960379214332,1524460573263
sensor0_Brightness,0.0,1524460573264
sensor1_Temperature,25.19,1524460573265
sensor1_Humidity,24.63137955283436,1524460573266
sensor1_Brightness,16.0,1524460573267
SoundWall0,60.27965274389881,1524460575890
SoundWall1,63.12022480399729,1524460575898
SoundWall2,61.9206480473954,1524460575912
sensor0_Temperature,22.26,1524460579573
sensor0_Humidity,40.90960379214332,1524460579575
sensor0_Brightness,0.0,1524460579576
sensor1_Temperature,25.19,1524460579577
sensor1_Humidity,24.63137955283436,1524460579577
sensor1_Brightness,16.0,1524460579578
SoundCenter0,65.15681594400128,1524460581118
SoundCenter1,60.2579051301853,1524460581120
SoundCenter2,58.50830966902591,1524460581121
sensor0_Temperature,22.26,1524460585863
sensor0_Humidity,40.90960379214332,1524460585865
sensor0_Brightness,0.0,1524460585867
sensor1_Temperature,25.19,1524460585868
sensor1_Humidity,24.63137955283436,1524460585870
sensor1_Brightness,16.0,1524460585871
SoundWall0,60.807483707130274,1524460585890
SoundWall1,63.519872896995096,1524460585899
SoundWall2,62.54144519143079,1524460585910
SoundCenter0,64.33718503422587,1524460591118
SoundCenter1,60.10600556860445,1524460591121
SoundCenter2,58.14107859624024,1524460591121
sensor0_Temperature,22.26,1524460592183
sensor0_Humidity,40.90960379214332,1524460592185
sensor0_Brightness,0.0,1524460592187
sensor1_Temperature,25.19,1524460592189
sensor1_Humidity,24.63137955283436,1524460592190
sensor1_Brightness,16.0,1524460592192
SoundWall0,61.39737817972794,1524460595890
SoundWall1,63.836556534033235,1524460595898
SoundWall2,62.64334009871013,1524460595912
sensor0_Temperature,22.26,1524460598491
sensor0_Humidity,40.90960379214332,1524460598493
sensor0_Brightness,0.0,1524460598495
sensor1_Temperature,25.19,1524460598505
sensor1_Humidity,24.63137955283436,1524460598507
sensor1_Brightness,16.0,1524460598509
SoundCenter0,62.04506223870896,1524460601118
SoundCenter1,58.57797064510875,1524460601120
SoundCenter2,57.22912644600526,1524460601121
Mtest6,true,1524460602009
InferredPresence,true,1524460604026
sensor0_Temperature,22.26,1524460604845
sensor0_Humidity,40.90960379214332,1524460604847
sensor0_Brightness,0.0,1524460604849
sensor1_Temperature,25.19,1524460604851
sensor1_Humidity,24.63137955283436,1524460604853
sensor1_Brightness,16.0,1524460604854
Mtest5,true,1524460604914
SoundWall0,60.601004291663244,1524460605890
SoundWall1,62.72826173985931,1524460605898
SoundWall2,61.260435525853154,1524460605912
SoundCenter0,61.084563509678674,1524460611118
SoundCenter1,58.1798630292199,1524460611120
SoundCenter2,56.26665896973336,1524460611121
sensor0_Temperature,22.26,1524460611133
sensor0_Humidity,40.90960379214332,1524460611136
sensor0_Brightness,0.0,1524460611138
sensor1_Temperature,25.19,1524460611140
sensor1_Humidity,24.63137955283436,1524460611141
sensor1_Brightness,16.0,1524460611143
SoundWall0,60.827028818757675,1524460615890
SoundWall1,63.1806490009508,1524460615898
SoundWall2,61.83566240232251,1524460615912
sensor0_Temperature,22.26,1524460617434
sensor0_Humidity,40.90960379214332,1524460617436
sensor0_Brightness,0.0,1524460617437
sensor1_Temperature,25.19,1524460617439
sensor1_Humidity,24.63137955283436,1524460617440
sensor1_Brightness,16.0,1524460617442
SoundCenter0,61.86888501847281,1524460621118
SoundCenter1,58.905565381009566,1524460621120
SoundCenter2,56.65491077973164,1524460621121
sensor0_Temperature,22.26,1524460623753
sensor0_Humidity,40.90960379214332,1524460623755
sensor0_Brightness,0.0,1524460623757
sensor1_Temperature,25.19,1524460623758
sensor1_Humidity,24.63137955283436,1524460623760
sensor1_Brightness,16.0,1524460623761
SoundWall0,61.468345204770976,1524460625890
SoundWall1,64.1775472823201,1524460626072
SoundWall2,62.26503815505484,1524460626078
sensor0_Temperature,22.26,1524460630043
sensor0_Humidity,40.90960379214332,1524460630046
sensor0_Brightness,0.0,1524460630048
sensor1_Temperature,25.19,1524460630050
sensor1_Humidity,24.63137955283436,1524460630051
sensor1_Brightness,16.0,1524460630053
SoundCenter0,62.753931449867636,1524460631118
SoundCenter1,60.03944846768752,1524460631120
SoundCenter2,57.556444726245985,1524460631121
Mtest6,true,1524460633241
SoundWall0,61.16258806920582,1524460635890
SoundWall1,63.937356478485285,1524460635898
SoundWall2,61.76781140159034,1524460635912
sensor0_Temperature,22.26,1524460636374
sensor0_Humidity,40.90960379214332,1524460636375
sensor0_Brightness,0.0,1524460636376
sensor1_Temperature,25.19,1524460636377
sensor1_Humidity,24.63137955283436,1524460636378
sensor1_Brightness,16.0,1524460636379
Mtest5,true,1524460637961
SoundCenter0,62.81025520634479,1524460641118
SoundCenter1,60.281373042706996,1524460641120
SoundCenter2,57.39239746324973,1524460641121
sensor0_Temperature,22.26,1524460642672
sensor0_Humidity,40.90960379214332,1524460642674
sensor0_Brightness,0.0,1524460642674
sensor1_Temperature,25.19,1524460642675
sensor1_Humidity,24.63137955283436,1524460642676
sensor1_Brightness,16.0,1524460642676
SoundWall0,61.341785733173985,1524460645890
SoundWall1,64.1261053844943,1524460645898
SoundWall2,61.983058357129714,1524460645912
sensor0_Temperature,22.26,1524460648974
sensor0_Humidity,40.90960379214332,1524460648976
sensor0_Brightness,0.0,1524460648978
sensor1_Temperature,25.19,1524460648979
sensor1_Humidity,24.63137955283436,1524460648981
sensor1_Brightness,16.0,1524460648983
SoundCenter0,62.3654941667388,1524460651118
SoundCenter1,59.73313346904112,1524460651120
SoundCenter2,56.945740419840064,1524460651121
sensor0_Temperature,22.26,1524460655273
sensor0_Humidity,40.90960379214332,1524460655275
sensor0_Brightness,0.0,1524460655277
sensor1_Temperature,25.19,1524460655279
sensor1_Humidity,24.63137955283436,1524460655280
sensor1_Brightness,16.0,1524460655282
SoundWall0,60.796726838918644,1524460655890
SoundWall1,63.78303886655138,1524460655900
SoundWall2,61.617528929828225,1524460655910
SoundCenter0,63.11119823121482,1524460661118
SoundCenter1,60.420803830096034,1524460661120
SoundCenter2,56.853022410761646,1524460661121
sensor0_Temperature,22.26,1524460661633
sensor0_Humidity,40.90960379214332,1524460661635
sensor0_Brightness,0.0,1524460661637
sensor1_Temperature,25.19,1524460661638
sensor1_Humidity,24.63137955283436,1524460661640
sensor1_Brightness,16.0,1524460661641
SoundWall0,60.96956894534946,1524460665890
SoundWall1,63.96717218249104,1524460665899
SoundWall2,62.107413603997,1524460665914
sensor0_Temperature,22.26,1524460667923
sensor0_Humidity,40.90960379214332,1524460667926
sensor0_Brightness,0.0,1524460667928
sensor1_Temperature,25.19,1524460667930
sensor1_Humidity,24.63137955283436,1524460667932
sensor1_Brightness,16.0,1524460667935
Mtest6,false,1524460669956
SoundCenter0,63.62724072744096,1524460671118
SoundCenter1,60.96368999890036,1524460671120
SoundCenter2,57.97870052331977,1524460671121
sensor0_Temperature,22.26,1524460674223
sensor0_Humidity,40.90960379214332,1524460674225
sensor0_Brightness,0.0,1524460674226
sensor1_Temperature,25.19,1524460674228
sensor1_Humidity,24.63137955283436,1524460674229
sensor1_Brightness,16.0,1524460674231
Mtest5,false,1524460674956
Mtest8,true,1524460674956
SoundWall0,62.059929284308666,1524460675890
SoundWall1,64.88488230081309,1524460675898
SoundWall2,63.756408493052525,1524460675912
InferredPresence,false,1524460675962
InferredPresence,true,1524460675964
seat2AOccupied,false,1524460677552
totalSeatCount,1,1524460677552
sensor0_Temperature,22.26,1524460680553
sensor0_Humidity,40.90960379214332,1524460680555
sensor0_Brightness,0.0,1524460680557
sensor1_Temperature,25.19,1524460680559
sensor1_Humidity,24.63137955283436,1524460680560
sensor1_Brightness,16.0,1524460680561
SoundCenter0,64.50592645743185,1524460681118
SoundCenter1,61.8348845529993,1524460681120
SoundCenter2,59.083224115341906,1524460681121
SoundWall0,61.8770918908569,1524460685890
SoundWall1,64.80654298928074,1524460685900
SoundWall2,64.12109725970798,1524460685912
sensor0_Temperature,22.26,1524460686863
sensor0_Humidity,40.90960379214332,1524460686865
sensor0_Brightness,0.0,1524460686867
sensor1_Temperature,25.19,1524460686868
sensor1_Humidity,24.63137955283436,1524460686870
sensor1_Brightness,16.0,1524460686872
SoundCenter0,65.48840003477261,1524460691118
SoundCenter1,62.51048736079181,1524460691120
SoundCenter2,60.06461439397669,1524460691121
sensor0_Temperature,22.26,1524460693172
sensor0_Humidity,40.90960379214332,1524460693174
sensor0_Brightness,0.0,1524460693175
sensor1_Temperature,25.19,1524460693176
sensor1_Humidity,24.63137955283436,1524460693177
sensor1_Brightness,16.0,1524460693178
SoundWall0,62.89182634666467,1524460695890
SoundWall1,65.61219632608166,1524460695900
SoundWall2,65.63370960886385,1524460695920
Mtest6,true,1524460698552
sensor0_Temperature,22.26,1524460699463
sensor0_Humidity,40.90960379214332,1524460699465
sensor0_Brightness,0.0,1524460699466
sensor1_Temperature,25.19,1524460699467
sensor1_Humidity,24.63137955283436,1524460699468
sensor1_Brightness,16.0,1524460699469
Mtest5,true,1524460700060
SoundCenter0,65.4550164850004,1524460701118
SoundCenter1,62.56317256765741,1524460701120
SoundCenter2,60.01615062911594,1524460701121
seat2AOccupied,true,1524460702011
totalSeatCount,2,1524460702011
sensor0_Temperature,22.26,1524460705773
sensor0_Humidity,40.90960379214332,1524460705775
sensor0_Brightness,0.0,1524460705777
sensor1_Temperature,25.19,1524460705778
sensor1_Humidity,24.63137955283436,1524460705780
sensor1_Brightness,16.0,1524460705781
SoundWall0,63.275533118834076,1524460705890
SoundWall1,65.65814219154272,1524460705899
SoundWall2,65.6152679552806,1524460705915
SoundCenter0,66.66904970858377,1524460711118
SoundCenter1,63.64544647167208,1524460711120
SoundCenter2,60.908403526954935,1524460711121
Mtest8,false,1524460711644
sensor0_Temperature,22.26,1524460712076
sensor0_Humidity,40.90960379214332,1524460712078
sensor0_Brightness,0.0,1524460712080
sensor1_Temperature,25.19,1524460712081
sensor1_Humidity,24.63137955283436,1524460712083
sensor1_Brightness,16.0,1524460712085
Mtest8,true,1524460714644
SoundWall0,64.12255796583275,1524460715890
SoundWall1,65.97850504816223,1524460715898
SoundWall2,65.83202295298402,1524460715920
SoundCenter0,68.17578185163063,1524460721118
SoundCenter1,64.39123140326937,1524460721120
SoundCenter2,62.05615430021318,1524460721121
sensor0_Temperature,22.26,1524460722383
sensor0_Humidity,40.90960379214332,1524460722386
sensor0_Brightness,0.0,1524460722388
sensor1_Temperature,25.19,1524460722390
sensor1_Humidity,24.63137955283436,1524460722392
sensor1_Brightness,16.0,1524460722394
SoundWall0,65.67977670322051,1524460725890
SoundWall1,67.25657323030232,1524460725898
SoundWall2,67.27716948337076,1524460725912
sensor0_Temperature,22.26,1524460728713
sensor0_Humidity,40.90960379214332,1524460728715
sensor0_Brightness,0.0,1524460728717
sensor1_Temperature,25.19,1524460728718
sensor1_Humidity,24.63137955283436,1524460728720
sensor1_Brightness,16.0,1524460728721
Mtest6,true,1524460728823
SoundCenter0,68.62861934149731,1524460731118
SoundCenter1,63.85588460015386,1524460731120
SoundCenter2,61.46995305130884,1524460731121
Mtest5,true,1524460731450
seat1BOccupied,false,1524460732450
totalSeatCount,1,1524460732450
sensor0_Temperature,22.26,1524460735004
sensor0_Humidity,40.90960379214332,1524460735006
sensor0_Brightness,0.0,1524460735008
sensor1_Temperature,25.19,1524460735010
sensor1_Humidity,24.63137955283436,1524460735011
sensor1_Brightness,16.0,1524460735014
SoundWall0,65.11378505287713,1524460735890
SoundWall1,66.88836622226499,1524460735898
SoundWall2,66.41060106044924,1524460735912
SoundCenter0,68.96308266576833,1524460741118
SoundCenter1,64.12090679923708,1524460741120
SoundCenter2,61.13755479652568,1524460741121
sensor0_Temperature,22.26,1524460741343
sensor0_Humidity,40.90960379214332,1524460741345
sensor0_Brightness,0.0,1524460741347
sensor1_Temperature,25.19,1524460741348
sensor1_Humidity,24.63137955283436,1524460741350
sensor1_Brightness,16.0,1524460741351
Mtest1,true,1524460741444
seat2AOccupied,false,1524460742395
totalSeatCount,0,1524460742395
SeminarNumber,17,1524460745660
SoundWall0,66.27537486278676,1524460745890
SoundWall1,67.72471118840832,1524460745898
SoundWall2,67.25667111537449,1524460745912
sensor0_Temperature,22.26,1524460747643
sensor0_Humidity,40.90960379214332,1524460747645
sensor0_Brightness,0.0,1524460747647
sensor1_Temperature,25.19,1524460747649
sensor1_Humidity,24.63137955283436,1524460747650
sensor1_Brightness,16.0,1524460747651
Mtest8,true,1524460749396
SoundCenter0,68.8706117246056,1524460751118
SoundCenter1,63.05813243953684,1524460751120
SoundCenter2,60.41882111822742,1524460751121
sensor0_Temperature,22.26,1524460753934
sensor0_Humidity,40.90960379214332,1524460753935
sensor0_Brightness,0.0,1524460753936
sensor1_Temperature,25.19,1524460753937
sensor1_Humidity,24.63137955283436,1524460753937
sensor1_Brightness,16.0,1524460753938
SoundWall0,66.0380401870801,1524460755890
SoundWall1,67.2604161300549,1524460755898
SoundWall2,66.64499666418918,1524460755912
Mtest6,true,1524460759090
sensor0_Temperature,22.26,1524460760232
sensor0_Humidity,40.90960379214332,1524460760234
sensor0_Brightness,0.0,1524460760235
sensor1_Temperature,25.19,1524460760237
sensor1_Humidity,24.63137955283436,1524460760239
sensor1_Brightness,16.0,1524460760240
SoundCenter0,70.20821949916844,1524460761118
SoundCenter1,64.39258731701004,1524460761120
SoundCenter2,61.63995305783449,1524460761121
Mtest5,true,1524460761679
SoundWall0,66.40204875233242,1524460765890
SoundWall1,68.10080036464045,1524460765898
SoundWall2,67.54809816209996,1524460765907
sensor0_Temperature,22.26,1524460766533
sensor0_Humidity,40.90960379214332,1524460766535
sensor0_Brightness,0.0,1524460766537
sensor1_Temperature,25.19,1524460766539
sensor1_Humidity,24.63137955283436,1524460766541
sensor1_Brightness,16.0,1524460766543
SoundCenter0,70.70628120739045,1524460771118
SoundCenter1,64.74752110403213,1524460771120
SoundCenter2,61.707052366474805,1524460771121
Mtest2,true,1524460772163
sensor0_Temperature,22.26,1524460772813
sensor0_Humidity,40.90960379214332,1524460772815
sensor0_Brightness,0.0,1524460772817
sensor1_Temperature,25.19,1524460772819
sensor1_Humidity,24.63137955283436,1524460772822
sensor1_Brightness,16.0,1524460772824
SoundWall0,66.2915014638557,1524460775890
SoundWall1,68.16717927383147,1524460775899
SoundWall2,67.82438805314887,1524460775911
Mtest1,true,1524460776172
SeminarNumber,16,1524460776236
sensor0_Temperature,22.26,1524460779114
sensor0_Humidity,40.90960379214332,1524460779116
sensor0_Brightness,0.0,1524460779118
sensor1_Temperature,25.19,1524460779120
sensor1_Humidity,24.63137955283436,1524460779121
sensor1_Brightness,16.0,1524460779123
Mtest8,true,1524460779674
SoundCenter0,70.12936712942403,1524460781118
SoundCenter1,64.27201020688811,1524460781120
SoundCenter2,61.80767886613172,1524460781121
sensor0_Temperature,22.26,1524460785443
sensor0_Humidity,40.90960379214332,1524460785445
sensor0_Brightness,0.0,1524460785449
sensor1_Temperature,25.19,1524460785451
sensor1_Humidity,24.63137955283436,1524460785452
sensor1_Brightness,16.0,1524460785455
SoundWall0,65.3481498006666,1524460785890
SoundWall1,68.11706456822718,1524460785898
SoundWall2,67.98181060863543,1524460785915
Mtest6,true,1524460789354
SoundCenter0,69.96716640665434,1524460791118
SoundCenter1,65.10928066235766,1524460791120
SoundCenter2,62.8882769476899,1524460791121
sensor0_Temperature,22.26,1524460791753
sensor0_Humidity,40.90960379214332,1524460791755
sensor0_Brightness,0.0,1524460791757
sensor1_Temperature,25.19,1524460791759
sensor1_Humidity,24.63137955283436,1524460791761
sensor1_Brightness,16.0,1524460791763
Mtest5,true,1524460791906
SoundWall0,65.18265082700448,1524460795890
SoundWall1,67.6930478180311,1524460795898
SoundWall2,67.80904404623398,1524460795912
sensor0_Temperature,22.26,1524460798053
sensor0_Humidity,40.90960379214332,1524460798055
sensor0_Brightness,0.0,1524460798057
sensor1_Temperature,25.19,1524460798059
sensor1_Humidity,24.63137955283436,1524460798060
sensor1_Brightness,16.0,1524460798062
SoundCenter0,67.40842901040284,1524460801118
SoundCenter1,63.42197316668642,1524460801120
SoundCenter2,62.49363236411477,1524460801121
Mtest2,true,1524460802443
sensor0_Temperature,22.26,1524460804383
sensor0_Humidity,40.90960379214332,1524460804385
sensor0_Brightness,0.0,1524460804387
sensor1_Temperature,25.19,1524460804389
sensor1_Humidity,24.63137955283436,1524460804390
sensor1_Brightness,16.0,1524460804392
SoundWall0,63.79478733548595,1524460805890
SoundWall1,66.07208747530139,1524460805899
SoundWall2,66.59313364579346,1524460805925
sensor0_Temperature,22.26,1524460810673
sensor0_Humidity,40.90960379214332,1524460810675
sensor0_Brightness,0.0,1524460810677
sensor1_Temperature,25.19,1524460810679
sensor1_Humidity,24.63137955283436,1524460810680
sensor1_Brightness,16.0,1524460810682
SoundCenter0,65.16746742504797,1524460811118
SoundCenter1,62.53419835824345,1524460811120
SoundCenter2,61.43485897580762,1524460811121
Mtest1,false,1524460812489
SoundWall0,62.28185860258468,1524460815890
SoundWall1,64.95627091718835,1524460815898
SoundWall2,65.48643972822858,1524460815910
Mtest8,false,1524460816489
sensor0_Temperature,22.26,1524460816962
sensor0_Humidity,40.90960379214332,1524460816964
sensor0_Brightness,0.0,1524460816965
sensor1_Temperature,25.19,1524460816966
sensor1_Humidity,24.63137955283436,1524460816967
sensor1_Brightness,16.0,1524460816968
SoundCenter0,62.67596541512778,1524460821118
SoundCenter1,60.23591200503168,1524460821120
SoundCenter2,60.095919025332854,1524460821121
sensor0_Temperature,22.26,1524460823263
sensor0_Humidity,40.90960379214332,1524460823265
sensor0_Brightness,0.0,1524460823267
sensor1_Temperature,25.19,1524460823268
sensor1_Humidity,24.63137955283436,1524460823270
sensor1_Brightness,16.0,1524460823271
Mtest6,false,1524460825489
SoundWall0,60.724399094263845,1524460825890
SoundWall1,63.23462099356233,1524460825899
SoundWall2,63.7129145417058,1524460825918
Mtest5,false,1524460828489
sensor0_Temperature,22.26,1524460829563
sensor0_Humidity,40.90960379214332,1524460829565
sensor0_Brightness,0.0,1524460829567
sensor1_Temperature,25.19,1524460829569
sensor1_Humidity,24.63137955283436,1524460829570
sensor1_Brightness,16.0,1524460829572
SoundCenter0,60.537476374353936,1524460831118
SoundCenter1,58.23281117215306,1524460831120
SoundCenter2,59.08147277946502,1524460831121
sensor0_Temperature,22.26,1524460835873
sensor0_Humidity,40.90960379214332,1524460835875
sensor0_Brightness,0.0,1524460835877
sensor1_Temperature,25.19,1524460835878
sensor1_Humidity,24.63137955283436,1524460835880
sensor1_Brightness,16.0,1524460835881
SoundWall0,59.978032604648256,1524460835890
SoundWall1,62.98018091458787,1524460835898
SoundWall2,62.2792381262149,1524460835912
Mtest2,false,1524460839489
SoundCenter0,59.537964163189486,1524460841118
SoundCenter1,57.50069659572744,1524460841120
SoundCenter2,58.180795878815196,1524460841121
sensor0_Temperature,22.26,1524460842174
sensor0_Humidity,40.90960379214332,1524460842176
sensor0_Brightness,0.0,1524460842177
sensor1_Temperature,25.19,1524460842179
sensor1_Humidity,24.63137955283436,1524460842180
sensor1_Brightness,16.0,1524460842182
SoundWall0,59.48278586672359,1524460845890
SoundWall1,61.42449616739512,1524460845899
SoundWall2,60.28992062992579,1524460845912
sensor0_Temperature,22.26,1524460848473
sensor0_Humidity,40.90960379214332,1524460848475
sensor0_Brightness,0.0,1524460848477
sensor1_Temperature,25.19,1524460848479
sensor1_Humidity,24.63137955283436,1524460848480
sensor1_Brightness,16.0,1524460848482
SoundCenter0,58.53710876802162,1524460851118
SoundCenter1,55.543818529266574,1524460851120
SoundCenter2,56.53355881514119,1524460851121
sensor0_Temperature,22.26,1524460854764
sensor0_Humidity,40.90960379214332,1524460854766
sensor0_Brightness,0.0,1524460854768
sensor1_Temperature,25.19,1524460854769
sensor1_Humidity,24.63137955283436,1524460854771
sensor1_Brightness,16.0,1524460854772
SoundWall0,58.52621313937264,1524460855890
SoundWall1,60.45442788808817,1524460855899
SoundWall2,59.30495440585891,1524460855910
sensor0_Temperature,22.26,1524460861063
sensor0_Humidity,40.90960379214332,1524460861065
sensor0_Brightness,0.0,1524460861067
sensor1_Temperature,25.19,1524460861068
sensor1_Humidity,24.63137955283436,1524460861070
sensor1_Brightness,16.0,1524460861071
SoundCenter0,59.987308211302626,1524460861118
SoundCenter1,55.58756860288952,1524460861120
SoundCenter2,55.89609823438988,1524460861121
SoundWall0,58.73868540770855,1524460865890
SoundWall1,60.57378128669247,1524460865898
SoundWall2,58.77434130076397,1524460865909
SoundCenter0,60.85224444730686,1524460871118
SoundCenter1,56.21650212626912,1524460871121
SoundCenter2,57.05933926951949,1524460871121
sensor0_Temperature,22.26,1524460871473
sensor0_Humidity,40.90960379214332,1524460871475
sensor0_Brightness,0.0,1524460871477
sensor1_Temperature,25.19,1524460871479
sensor1_Humidity,24.63137955283436,1524460871481
sensor1_Brightness,16.0,1524460871483
SoundWall0,60.040804305674705,1524460875890
SoundWall1,61.5069409314855,1524460875898
SoundWall2,58.74178476472691,1524460875914
sensor0_Temperature,22.26,1524460877783
sensor0_Humidity,40.90960379214332,1524460877785
sensor0_Brightness,0.0,1524460877787
sensor1_Temperature,25.19,1524460877789
sensor1_Humidity,24.63137955283436,1524460877790
sensor1_Brightness,16.0,1524460877792
SoundCenter0,61.91370324447626,1524460881118
SoundCenter1,56.83782509004349,1524460881120
SoundCenter2,57.24621693912733,1524460881121
sensor0_Temperature,22.26,1524460884096
sensor0_Humidity,40.90960379214332,1524460884098
sensor0_Brightness,0.0,1524460884100
sensor1_Temperature,25.19,1524460884102
sensor1_Humidity,24.63137955283436,1524460884103
sensor1_Brightness,16.0,1524460884105
SoundWall0,60.450248366965845,1524460885890
SoundWall1,61.42736550945276,1524460885899
SoundWall2,59.698306610023174,1524460885908
sensor0_Temperature,22.26,1524460890393
sensor0_Humidity,40.90960379214332,1524460890395
sensor0_Brightness,0.0,1524460890397
sensor1_Temperature,25.19,1524460890398
sensor1_Humidity,24.63137955283436,1524460890400
sensor1_Brightness,16.0,1524460890401
SoundCenter0,63.00509960171012,1524460891118
SoundCenter1,57.77526706198796,1524460891120
SoundCenter2,57.44723815574878,1524460891121
SoundWall0,59.14878919860368,1524460895890
SoundWall1,60.50685669735375,1524460895900
SoundWall2,59.38857425017654,1524460895912
sensor0_Temperature,22.26,1524460896739
sensor0_Humidity,40.90960379214332,1524460896741
sensor0_Brightness,0.0,1524460896743
sensor1_Temperature,25.19,1524460896744
sensor1_Humidity,24.63137955283436,1524460896746
sensor1_Brightness,16.0,1524460896747
SoundCenter0,63.286207924947114,1524460901118
SoundCenter1,57.421251458753666,1524460901120
SoundCenter2,57.06895629947283,1524460901121
sensor0_Temperature,22.26,1524460903044
sensor0_Humidity,40.90960379214332,1524460903046
sensor0_Brightness,0.0,1524460903048
sensor1_Temperature,25.19,1524460903050
sensor1_Humidity,24.63137955283436,1524460903051
sensor1_Brightness,16.0,1524460903053
SoundWall0,58.753837171402026,1524460905890
SoundWall1,60.223024854069585,1524460905899
SoundWall2,58.79469219245505,1524460905910
sensor0_Temperature,22.26,1524460909343
sensor0_Humidity,40.90960379214332,1524460909345
sensor0_Brightness,0.0,1524460909346
sensor1_Temperature,25.19,1524460909357
sensor1_Humidity,24.63137955283436,1524460909359
sensor1_Brightness,16.0,1524460909360
SoundCenter0,63.657217109989034,1524460911118
SoundCenter1,57.317282544958125,1524460911120
SoundCenter2,56.453015767482775,1524460911121
sensor0_Temperature,22.26,1524460915643
sensor0_Humidity,40.90960379214332,1524460915645
sensor0_Brightness,0.0,1524460915647
sensor1_Temperature,25.19,1524460915648
sensor1_Humidity,24.63137955283436,1524460915650
sensor1_Brightness,16.0,1524460915652
SoundWall0,58.21667354563654,1524460915890
SoundWall1,59.85415848194753,1524460915898
SoundWall2,57.64239957108523,1524460915913
