sensor0_Temperature,27.07,1514944372257
sensor0_Brightness,82.0,1514944372262
sensor1_Temperature,27.18,1514944372265
sensor1_Brightness,0.0,1514944372268
MoveFocus,GoTour,1514944372760
SoundCenter0,65.30049169266006,1514944374769
SoundCenter1,61.48433670768856,1514944374770
SoundCenter2,59.16011096897898,1514944374771
SoundWall0,64.1747948539352,1514944374996
SoundWall1,63.206544658996805,1514944375005
SoundWall2,64.90434477575248,1514944375017
sensor0_Temperature,27.07,1514944378714
sensor0_Brightness,82.0,1514944378718
sensor1_Temperature,27.18,1514944378721
sensor1_Brightness,0.0,1514944378724
SoundC,63.95233273361063,1514944378933
Present,91,1514944378936
SoundCenter0,65.44687857229282,1514944384769
SoundCenter1,61.19187801296652,1514944384770
SoundCenter2,58.76483603476031,1514944384771
SoundWall0,64.85635507783442,1514944384996
SoundWall1,64.11898027490433,1514944385007
SoundWall2,65.44657170683817,1514944385027
sensor0_Temperature,27.07,1514944385118
sensor0_Brightness,82.0,1514944385122
sensor1_Temperature,27.18,1514944385126
sensor1_Brightness,0.0,1514944385129
SoundC,68.0998289029382,1514944388943
Present,99,1514944388946
sensor0_Temperature,27.07,1514944391815
sensor0_Brightness,82.0,1514944391818
sensor1_Temperature,27.18,1514944391822
sensor1_Brightness,0.0,1514944391825
SoundCenter0,65.73909367121367,1514944394769
SoundCenter1,61.137459320388615,1514944394770
SoundCenter2,59.05480989170358,1514944394771
SoundWall0,64.79316240398644,1514944394996
SoundWall1,64.73645084869976,1514944395005
SoundWall2,66.03260950664705,1514944395017
SoundC,70.5390318503356,1514944398949
Present,155,1514944398952
sensor0_Temperature,27.07,1514944401233
sensor0_Brightness,82.0,1514944401236
sensor1_Temperature,27.18,1514944401239
sensor1_Brightness,0.0,1514944401242
SoundCenter0,66.3680645209466,1514944404769
SoundCenter1,61.205583960884006,1514944404770
SoundCenter2,59.49996055037945,1514944404771
SoundWall0,65.23270772416275,1514944404996
SoundWall1,65.54935846694065,1514944405015
SoundWall2,66.61616014180267,1514944405030
sensor0_Temperature,27.07,1514944407688
sensor0_Brightness,82.0,1514944407692
sensor1_Temperature,27.18,1514944407695
sensor1_Brightness,0.0,1514944407698
SoundC,63.26648240367583,1514944408960
Present,109,1514944408963
sensor0_Temperature,27.07,1514944414165
sensor0_Brightness,82.0,1514944414169
sensor1_Temperature,27.18,1514944414172
sensor1_Brightness,0.0,1514944414175
SoundCenter0,66.49022176715837,1514944414769
SoundCenter1,61.35465319750316,1514944414770
SoundCenter2,59.661154327218156,1514944414771
SoundWall0,65.56176364449492,1514944414996
SoundWall1,66.32768701010588,1514944415005
SoundWall2,67.10213338622057,1514944415017
SoundC,61.80460425887306,1514944418968
Present,110,1514944418971
sensor0_Temperature,27.07,1514944420709
sensor0_Brightness,82.0,1514944420712
sensor1_Temperature,27.18,1514944420716
sensor1_Brightness,0.0,1514944420719
SoundCenter0,66.21003049353867,1514944424769
SoundCenter1,60.66980838802244,1514944424770
SoundCenter2,59.14490203388265,1514944424771
SoundWall0,65.3048269295886,1514944424996
SoundWall1,65.93322474980657,1514944425007
SoundWall2,65.83150915458549,1514944425027
sensor0_Temperature,27.07,1514944427115
sensor0_Brightness,82.0,1514944427119
sensor1_Temperature,27.18,1514944427122
sensor1_Brightness,0.0,1514944427125
SoundC,61.023021476191225,1514944428973
Present,97,1514944428976
MoveFocus,GoTour,1514944432858
sensor0_Temperature,27.07,1514944433799
sensor0_Brightness,82.0,1514944433803
sensor1_Temperature,27.18,1514944433806
sensor1_Brightness,0.0,1514944433809
SoundCenter0,65.39194263434165,1514944434769
SoundCenter1,60.21419107595329,1514944434770
SoundCenter2,58.65122061773115,1514944434771
SoundWall0,65.2520166760927,1514944434996
SoundWall1,66.63338110918905,1514944435006
SoundWall2,66.16821523579989,1514944435027
SoundC,63.26648240367583,1514944438980
Present,106,1514944438986
sensor0_Temperature,27.07,1514944440251
sensor0_Brightness,82.0,1514944440255
sensor1_Temperature,27.18,1514944440259
sensor1_Brightness,0.0,1514944440262
SoundCenter0,64.39196109614211,1514944444769
SoundCenter1,59.53280986633651,1514944444770
SoundCenter2,58.0741750500542,1514944444772
SoundWall0,64.35193721227645,1514944444996
SoundWall1,65.30695405232494,1514944445006
SoundWall2,65.09690500531595,1514944445020
sensor0_Temperature,27.07,1514944446702
sensor0_Brightness,82.0,1514944446706
sensor1_Temperature,27.18,1514944446710
sensor1_Brightness,0.0,1514944446712
SoundC,61.023021476191225,1514944448990
Present,105,1514944448993
sensor0_Temperature,27.07,1514944453117
sensor0_Brightness,82.0,1514944453121
sensor1_Temperature,27.18,1514944453125
sensor1_Brightness,0.0,1514944453128
SoundCenter0,63.78780977476309,1514944454769
SoundCenter1,59.03102820887314,1514944454771
SoundCenter2,57.3324357966226,1514944454772
SoundWall0,63.48624966180981,1514944454996
SoundWall1,63.68931687085935,1514944455006
SoundWall2,62.85015262537044,1514944455022
SoundC,61.023021476191225,1514944458998
Present,111,1514944459001
sensor0_Temperature,27.07,1514944459810
sensor0_Brightness,82.0,1514944459814
sensor1_Temperature,27.18,1514944459818
sensor1_Brightness,0.0,1514944459820
SoundCenter0,63.82350208390835,1514944464769
SoundCenter1,59.430557004550586,1514944464770
SoundCenter2,57.35214942693495,1514944464771
SoundWall0,62.529897410987765,1514944464996
SoundWall1,62.54871423790762,1514944465005
SoundWall2,61.943392592332735,1514944465017
sensor0_Temperature,27.07,1514944466266
sensor0_Brightness,82.0,1514944466270
sensor1_Temperature,27.18,1514944466273
sensor1_Brightness,0.0,1514944466276
SoundC,62.551438321825636,1514944469007
Present,106,1514944469010
sensor0_Temperature,27.07,1514944472737
sensor0_Brightness,82.0,1514944472741
sensor1_Temperature,27.18,1514944472745
sensor1_Brightness,0.0,1514944472748
SoundCenter0,63.87560384581264,1514944474769
SoundCenter1,59.2245191064055,1514944474770
SoundCenter2,57.110616757741035,1514944474771
SoundWall0,62.71113414038249,1514944474996
SoundWall1,61.943340537111446,1514944475005
SoundWall2,61.822263715013975,1514944475020
SoundC,61.023021476191225,1514944479015
Present,132,1514944479019
sensor0_Temperature,27.07,1514944479153
sensor0_Brightness,82.0,1514944479157
sensor1_Temperature,27.18,1514944479161
sensor1_Brightness,0.0,1514944479164
SoundCenter0,64.24537715468105,1514944484769
SoundCenter1,60.11464265113748,1514944484770
SoundCenter2,57.54165972415328,1514944484771
SoundWall0,63.23020709240109,1514944484996
SoundWall1,62.66725618234223,1514944485006
SoundWall2,63.27787806022887,1514944485020
sensor0_Temperature,27.07,1514944485567
sensor0_Brightness,82.0,1514944485571
sensor1_Temperature,27.18,1514944485575
sensor1_Brightness,0.0,1514944485578
SoundC,69.11838317407611,1514944489025
Present,109,1514944489028
sensor0_Temperature,27.07,1514944492282
sensor0_Brightness,82.0,1514944492285
sensor1_Temperature,27.18,1514944492289
sensor1_Brightness,0.0,1514944492292
MoveFocus,GoTour,1514944492987
SoundCenter0,64.8073579443531,1514944494769
SoundCenter1,60.12745026715363,1514944494770
SoundCenter2,57.2771018528463,1514944494771
SoundWall0,62.69583136382373,1514944494996
SoundWall1,61.968379550150495,1514944495005
SoundWall2,62.358698843479026,1514944495020
sensor0_Temperature,27.07,1514944498722
sensor0_Brightness,82.0,1514944498726
sensor1_Temperature,27.18,1514944498730
sensor1_Brightness,0.0,1514944498732
SoundC,62.551438321825636,1514944499031
Present,132,1514944499043
SoundCenter0,64.86522459046643,1514944504769
SoundCenter1,59.588163608697805,1514944504770
SoundCenter2,57.24646493441475,1514944504772
SoundWall0,62.37369832931916,1514944504996
SoundWall1,61.21844623402308,1514944505005
SoundWall2,61.673609363271005,1514944505020
sensor0_Temperature,27.07,1514944505127
sensor0_Brightness,82.0,1514944505131
sensor1_Temperature,27.18,1514944505135
sensor1_Brightness,0.0,1514944505138
SoundC,63.95233273361063,1514944509045
Present,113,1514944509049
sensor0_Temperature,27.07,1514944511829
sensor0_Brightness,82.0,1514944511833
sensor1_Temperature,27.18,1514944511837
sensor1_Brightness,0.0,1514944511839
SoundCenter0,65.3456324886958,1514944514769
SoundCenter1,59.682763301758065,1514944514771
SoundCenter2,57.24498017682434,1514944514772
SoundWall0,63.032010664056656,1514944514996
SoundWall1,61.917621438231116,1514944515006
SoundWall2,62.77287036910185,1514944515020
sensor0_Temperature,27.07,1514944518497
sensor0_Brightness,82.0,1514944518501
sensor1_Temperature,27.18,1514944518504
sensor1_Brightness,0.0,1514944518507
SoundC,65.8563679754536,1514944519051
Present,129,1514944519054
SoundCenter0,65.37417585442965,1514944524769
SoundCenter1,59.5713766014437,1514944524771
SoundCenter2,56.59300102913593,1514944524772
sensor0_Temperature,27.07,1514944524897
sensor0_Brightness,82.0,1514944524901
sensor1_Temperature,27.18,1514944524904
sensor1_Brightness,0.0,1514944524907
SoundWall0,63.96101151489656,1514944524996
SoundWall1,62.599249153677576,1514944525006
SoundWall2,63.54523382726935,1514944525025
SoundC,62.551438321825636,1514944529057
Present,110,1514944529061
sensor0_Temperature,27.07,1514944531593
sensor0_Brightness,82.0,1514944531597
sensor1_Temperature,27.18,1514944531600
sensor1_Brightness,0.0,1514944531603
SoundCenter0,65.83752344944655,1514944534769
SoundCenter1,60.06254911628488,1514944534770
SoundCenter2,57.03529245715965,1514944534772
SoundWall0,63.55240200856962,1514944534996
SoundWall1,62.49038928400571,1514944535005
SoundWall2,62.732605917684666,1514944535017
sensor0_Temperature,27.07,1514944538249
sensor0_Brightness,82.0,1514944538257
sensor1_Temperature,27.18,1514944538259
sensor1_Brightness,0.0,1514944538262
SoundC,61.80460425887306,1514944539063
Present,84,1514944539066
SoundCenter0,66.01580351832048,1514944544769
SoundCenter1,59.50965884844841,1514944544771
SoundCenter2,57.0032366411898,1514944544772
sensor0_Temperature,27.07,1514944544803
sensor0_Brightness,82.0,1514944544810
sensor1_Temperature,27.18,1514944544812
sensor1_Brightness,0.0,1514944544815
SoundWall0,62.77103602063525,1514944544996
SoundWall1,61.27467151183982,1514944545007
SoundWall2,61.953728177369086,1514944545028
SoundC,62.551438321825636,1514944549073
Present,107,1514944549076
sensor0_Temperature,27.07,1514944551199
sensor0_Brightness,82.0,1514944551206
sensor1_Temperature,27.18,1514944551209
sensor1_Brightness,0.0,1514944551211
MoveFocus,GoTour,1514944553055
SoundCenter0,66.39425282051764,1514944554769
SoundCenter1,59.68133578645487,1514944554771
SoundCenter2,57.36774169442505,1514944554772
SoundWall0,62.56006311999285,1514944554996
SoundWall1,60.65555056366272,1514944555007
SoundWall2,61.30002926402305,1514944555035
sensor0_Temperature,27.07,1514944557910
sensor0_Brightness,82.0,1514944557917
sensor1_Temperature,27.18,1514944557919
sensor1_Brightness,0.0,1514944557922
SoundC,63.95233273361063,1514944559079
Present,112,1514944559082
sensor0_Temperature,27.07,1514944564337
sensor0_Brightness,82.0,1514944564344
sensor1_Temperature,27.18,1514944564346
sensor1_Brightness,0.0,1514944564349
SoundCenter0,67.27514269579125,1514944564769
SoundCenter1,60.862477422333654,1514944564771
SoundCenter2,57.70585359196793,1514944564772
SoundWall0,63.01996000491988,1514944564996
SoundWall1,61.28694881786479,1514944565005
SoundWall2,61.66220936671448,1514944565017
SoundC,63.95233273361063,1514944569090
Present,107,1514944569093
sensor0_Temperature,27.07,1514944570813
sensor0_Brightness,82.0,1514944570820
sensor1_Temperature,27.18,1514944570823
sensor1_Brightness,0.0,1514944570825
SoundCenter0,67.76071769149303,1514944574769
SoundCenter1,61.35050496767925,1514944574770
SoundCenter2,57.860679066813915,1514944574772
SoundWall0,63.47190899216924,1514944574996
SoundWall1,62.092321955277434,1514944575013
SoundWall2,62.126081047819085,1514944575023
sensor0_Temperature,27.07,1514944577227
sensor0_Brightness,82.0,1514944577231
sensor1_Temperature,27.18,1514944577234
sensor1_Brightness,0.0,1514944577237
SoundC,60.20329792798059,1514944579096
Present,157,1514944579099
sensor0_Temperature,27.07,1514944583944
sensor0_Brightness,82.0,1514944583948
sensor1_Temperature,27.18,1514944583951
sensor1_Brightness,0.0,1514944583954
SoundCenter0,68.28643151345408,1514944584769
SoundCenter1,61.85670538201886,1514944584771
SoundCenter2,58.53106386187043,1514944584772
SoundWall0,63.84981279450291,1514944584996
SoundWall1,62.63906803698691,1514944585005
SoundWall2,62.83105939540293,1514944585015
SoundC,61.023021476191225,1514944589102
Present,110,1514944589110
sensor0_Temperature,27.07,1514944590371
sensor0_Brightness,82.0,1514944590375
sensor1_Temperature,27.18,1514944590378
sensor1_Brightness,0.0,1514944590381
SoundCenter0,68.07377298435146,1514944594769
SoundCenter1,62.130362886962935,1514944594771
SoundCenter2,58.36698231740068,1514944594772
SoundWall0,64.42140712974457,1514944594996
SoundWall1,63.62036385725002,1514944595005
SoundWall2,63.81548597798469,1514944595017
sensor0_Temperature,27.07,1514944596898
sensor0_Brightness,82.0,1514944596902
sensor1_Temperature,27.18,1514944596907
sensor1_Brightness,0.0,1514944596909
SoundC,63.26648240367583,1514944599119
Present,107,1514944599123
sensor0_Temperature,27.07,1514944603607
sensor0_Brightness,82.0,1514944603610
sensor1_Temperature,27.18,1514944603614
sensor1_Brightness,0.0,1514944603617
SoundCenter0,68.06610964582164,1514944604769
SoundCenter1,62.81726162960732,1514944604770
SoundCenter2,58.699163943682514,1514944604772
SoundWall0,65.26898955378968,1514944604996
SoundWall1,64.96427260689997,1514944605005
SoundWall2,64.35518970904279,1514944605017
SoundC,68.0998289029382,1514944609125
Present,103,1514944609131
sensor0_Temperature,27.07,1514944610035
sensor0_Brightness,82.0,1514944610039
sensor1_Temperature,27.18,1514944610042
sensor1_Brightness,0.0,1514944610044
MoveFocus,GoTour,1514944613123
SoundCenter0,68.35080755090287,1514944614769
SoundCenter1,63.628947916923984,1514944614771
SoundCenter2,59.16112857541951,1514944614772
SoundWall0,66.60493204944534,1514944614996
SoundWall1,66.7484033052741,1514944615005
SoundWall2,65.98869824271627,1514944615017
sensor0_Temperature,27.07,1514944616531
sensor0_Brightness,82.0,1514944616534
sensor1_Temperature,27.18,1514944616538
sensor1_Brightness,0.0,1514944616541
SoundC,65.24535518573873,1514944619134
Present,109,1514944619137
sensor0_Temperature,27.07,1514944622948
sensor0_Brightness,82.0,1514944622951
sensor1_Temperature,27.18,1514944622954
sensor1_Brightness,0.0,1514944622957
SoundCenter0,68.82943579337842,1514944624769
SoundCenter1,64.09877044123718,1514944624770
SoundCenter2,59.833749766568744,1514944624771
SoundWall0,67.14733934021011,1514944624996
SoundWall1,67.5533158324183,1514944625006
SoundWall2,66.63344192330618,1514944625025
SoundC,61.80460425887306,1514944629140
Present,95,1514944629143
sensor0_Temperature,27.07,1514944629592
sensor0_Brightness,82.0,1514944629596
sensor1_Temperature,27.18,1514944629599
sensor1_Brightness,0.0,1514944629602
SoundCenter0,69.0814750405741,1514944634769
SoundCenter1,64.58385774504437,1514944634770
SoundCenter2,60.80717629429112,1514944634771
SoundWall0,67.46641018719198,1514944634996
SoundWall1,67.36662901257277,1514944635005
SoundWall2,66.91896775056968,1514944635017
sensor0_Temperature,27.07,1514944636248
sensor0_Brightness,82.0,1514944636252
sensor1_Temperature,27.18,1514944636255
sensor1_Brightness,0.0,1514944636258
SoundC,61.80460425887306,1514944639146
Present,131,1514944639149
sensor0_Temperature,27.07,1514944642905
sensor0_Brightness,82.0,1514944642909
sensor1_Temperature,27.18,1514944642912
sensor1_Brightness,0.0,1514944642914
SoundCenter0,68.50492706122596,1514944644769
SoundCenter1,63.300007365678496,1514944644771
SoundCenter2,60.53765463123893,1514944644772
SoundWall0,67.06110458381032,1514944644996
SoundWall1,67.24477787919552,1514944645005
SoundWall2,66.11370517823418,1514944645014
SoundC,65.24535518573873,1514944649152
Present,111,1514944649155
SoundCenter0,68.89237778079746,1514944654769
SoundCenter1,63.23212109437668,1514944654770
SoundCenter2,61.15653621856092,1514944654771
SoundWall0,66.62324094751402,1514944654996
SoundWall1,66.6607291053552,1514944655005
SoundWall2,65.899927259725,1514944655025
SoundC,70.0787016850011,1514944659158
Present,106,1514944659161
sensor0_Temperature,27.07,1514944664632
sensor0_Brightness,82.0,1514944664637
sensor1_Temperature,27.18,1514944664639
sensor1_Brightness,0.0,1514944664642
SoundCenter0,68.99359470927992,1514944664769
SoundCenter1,62.93783205761565,1514944664770
SoundCenter2,60.83892743579432,1514944664771
SoundWall0,66.14717241091662,1514944664996
SoundWall1,66.14252613040236,1514944665005
SoundWall2,66.39018649444222,1514944665017
SoundC,70.0787016850011,1514944669164
Present,108,1514944669173
sensor0_Temperature,27.07,1514944671036
sensor0_Brightness,82.0,1514944671040
sensor1_Temperature,27.18,1514944671043
sensor1_Brightness,0.0,1514944671046
MoveFocus,GoTour,1514944673212
SoundCenter0,68.92025453702145,1514944674769
SoundCenter1,62.2844490007911,1514944674770
SoundCenter2,60.729570937720375,1514944674771
SoundWall0,65.37186731084132,1514944674996
SoundWall1,65.19171542851772,1514944675006
SoundWall2,65.80822637091373,1514944675014
sensor0_Temperature,27.07,1514944677720
sensor0_Brightness,82.0,1514944677724
sensor1_Temperature,27.18,1514944677727
sensor1_Brightness,0.0,1514944677730
SoundC,60.20329792798059,1514944679178
Present,87,1514944679181
sensor0_Temperature,27.07,1514944684379
sensor0_Brightness,82.0,1514944684383
sensor1_Temperature,27.18,1514944684386
sensor1_Brightness,0.0,1514944684389
SoundCenter0,68.52526604110676,1514944684769
SoundCenter1,61.72371090624859,1514944684770
SoundCenter2,60.65202717674579,1514944684771
SoundWall0,64.9848081632959,1514944684996
SoundWall1,64.71969751136436,1514944685005
SoundWall2,65.59786677225182,1514944685017
SoundC,61.023021476191225,1514944689184
Present,132,1514944689188
sensor0_Temperature,27.07,1514944690903
sensor0_Brightness,82.0,1514944690907
sensor1_Temperature,27.18,1514944690910
sensor1_Brightness,0.0,1514944690913
SoundCenter0,68.52991907108034,1514944694769
SoundCenter1,61.33583086971917,1514944694770
SoundCenter2,60.072668143282804,1514944694771
SoundWall0,64.51822882340335,1514944694996
SoundWall1,64.5167233163777,1514944695005
SoundWall2,65.01130792986355,1514944695020
sensor0_Temperature,27.07,1514944697589
sensor0_Brightness,82.0,1514944697593
sensor1_Temperature,27.18,1514944697596
sensor1_Brightness,0.0,1514944697599
SoundC,64.61127993529891,1514944699190
Present,107,1514944699193
sensor0_Temperature,27.07,1514944704242
sensor0_Brightness,82.0,1514944704246
sensor1_Temperature,27.18,1514944704249
sensor1_Brightness,0.0,1514944704252
SoundCenter0,69.17944327420848,1514944704769
SoundCenter1,62.00544532958098,1514944704770
SoundCenter2,60.30244435179759,1514944704771
SoundWall0,64.54338045121936,1514944704996
SoundWall1,64.541977718251,1514944705005
SoundWall2,65.19482742761322,1514944705017
SoundC,64.61127993529891,1514944709196
Present,104,1514944709199
sensor0_Temperature,27.07,1514944713664
sensor0_Brightness,82.0,1514944713675
sensor1_Temperature,27.18,1514944713679
sensor1_Brightness,0.0,1514944713682
SoundCenter0,68.91307026790582,1514944714769
SoundCenter1,61.695467540753796,1514944714771
SoundCenter2,59.9413269216244,1514944714772
SoundWall0,64.52873324997934,1514944714996
SoundWall1,64.77735415342543,1514944715005
SoundWall2,65.50614268417601,1514944715017
SoundC,63.26648240367583,1514944719202
Present,103,1514944719205
sensor0_Temperature,27.07,1514944720322
sensor0_Brightness,82.0,1514944720325
sensor1_Temperature,27.18,1514944720328
sensor1_Brightness,0.0,1514944720331
SoundCenter0,68.40571015276258,1514944724769
SoundCenter1,61.57516668493225,1514944724771
SoundCenter2,59.77578195175727,1514944724772
SoundWall0,64.39781405448521,1514944724996
SoundWall1,64.72294910382124,1514944725005
SoundWall2,64.94367311417608,1514944725017
sensor0_Temperature,27.07,1514944726737
sensor0_Brightness,82.0,1514944726740
sensor1_Temperature,27.18,1514944726743
sensor1_Brightness,0.0,1514944726746
SoundC,65.8563679754536,1514944729208
Present,128,1514944729211
sensor0_Temperature,27.07,1514944733176
sensor0_Brightness,82.0,1514944733180
sensor1_Temperature,27.18,1514944733183
sensor1_Brightness,0.0,1514944733186
MoveFocus,GoTour,1514944733270
SoundCenter0,68.02173820363815,1514944734769
SoundCenter1,61.9740505181273,1514944734771
SoundCenter2,59.64046408112374,1514944734772
SoundWall0,64.72443219435723,1514944734996
SoundWall1,65.3672467331476,1514944735005
SoundWall2,65.37355585559959,1514944735019
SoundC,65.8563679754536,1514944739214
Present,105,1514944739223
sensor0_Temperature,27.07,1514944739896
sensor0_Brightness,82.0,1514944739900
sensor1_Temperature,27.18,1514944739903
sensor1_Brightness,0.0,1514944739905
SoundCenter0,67.44743967804348,1514944744769
SoundCenter1,61.72036995306228,1514944744771
SoundCenter2,58.82668854327493,1514944744772
SoundWall0,64.89494793693808,1514944744996
SoundWall1,65.70629108866406,1514944745005
SoundWall2,66.00107494814016,1514944745014
sensor0_Temperature,27.07,1514944746660
sensor0_Brightness,82.0,1514944746664
sensor1_Temperature,27.18,1514944746667
sensor1_Brightness,0.0,1514944746670
SoundC,62.551438321825636,1514944749227
Present,103,1514944749231
sensor0_Temperature,27.07,1514944753075
sensor0_Brightness,82.0,1514944753079
sensor1_Temperature,27.18,1514944753082
sensor1_Brightness,0.0,1514944753085
SoundCenter0,65.74600504023134,1514944754769
SoundCenter1,60.83397344091747,1514944754770
SoundCenter2,57.882828061305965,1514944754771
SoundWall0,64.08078128280196,1514944754996
SoundWall1,65.45470562933103,1514944755005
SoundWall2,65.90161906884026,1514944755025
SoundC,64.61127993529891,1514944759233
Present,82,1514944759237
sensor0_Temperature,27.07,1514944759744
sensor0_Brightness,82.0,1514944759747
sensor1_Temperature,27.18,1514944759751
sensor1_Brightness,0.0,1514944759754
SoundCenter0,64.59377021810137,1514944764769
SoundCenter1,60.543242112927636,1514944764770
SoundCenter2,57.277881869714946,1514944764771
SoundWall0,63.857381300232824,1514944764996
SoundWall1,65.14588962521638,1514944765005
SoundWall2,65.7396787656399,1514944765017
sensor0_Temperature,27.07,1514944766156
sensor0_Brightness,82.0,1514944766160
sensor1_Temperature,27.18,1514944766163
sensor1_Brightness,0.0,1514944766165
SoundC,67.56641902255494,1514944769239
Present,106,1514944769243
sensor0_Temperature,27.07,1514944772647
sensor0_Brightness,82.0,1514944772651
sensor1_Temperature,27.18,1514944772654
sensor1_Brightness,0.0,1514944772657
SoundCenter0,64.2197069798592,1514944774769
SoundCenter1,61.47850926712899,1514944774770
SoundCenter2,58.0594703679876,1514944774772
SoundWall0,64.98942268585076,1514944774996
SoundWall1,65.88115191096492,1514944775005
SoundWall2,65.61672198964145,1514944775017
sensor0_Temperature,27.07,1514944779097
sensor0_Brightness,82.0,1514944779100
sensor1_Temperature,27.18,1514944779104
sensor1_Brightness,0.0,1514944779107
SoundC,63.26648240367583,1514944779245
Present,112,1514944779249
SoundCenter0,63.75445099178675,1514944784769
SoundCenter1,61.90361021411002,1514944784771
SoundCenter2,58.24863057188465,1514944784772
SoundWall0,65.8775448257437,1514944784996
SoundWall1,66.54616793530488,1514944785006
SoundWall2,65.41549869282345,1514944785023
sensor0_Temperature,27.07,1514944785563
sensor0_Brightness,82.0,1514944785566
sensor1_Temperature,27.18,1514944785570
sensor1_Brightness,0.0,1514944785573
SoundC,65.8563679754536,1514944789251
Present,99,1514944789255
sensor0_Temperature,27.07,1514944792020
sensor0_Brightness,82.0,1514944792023
sensor1_Temperature,27.18,1514944792026
sensor1_Brightness,0.0,1514944792029
MoveFocus,GoTour,1514944793334
SoundCenter0,63.443204954766955,1514944794769
SoundCenter1,61.96712103093417,1514944794771
SoundCenter2,58.02109642044247,1514944794772
SoundWall0,65.97877571308747,1514944794996
SoundWall1,65.76839841718981,1514944795006
SoundWall2,65.2184304649486,1514944795022
sensor0_Temperature,27.07,1514944798672
sensor0_Brightness,82.0,1514944798676
sensor1_Temperature,27.18,1514944798679
sensor1_Brightness,0.0,1514944798682
SoundC,62.551438321825636,1514944799258
Present,121,1514944799261
SoundCenter0,63.295464594873145,1514944804769
SoundCenter1,61.97312270877834,1514944804771
SoundCenter2,58.18858677111138,1514944804772
SoundWall0,65.63318689997818,1514944804996
SoundWall1,65.23289805610088,1514944805006
SoundWall2,64.62339680942561,1514944805015
sensor0_Temperature,27.07,1514944805086
sensor0_Brightness,82.0,1514944805091
sensor1_Temperature,27.18,1514944805094
sensor1_Brightness,0.0,1514944805098
SoundC,70.5390318503356,1514944809264
Present,106,1514944809267
sensor0_Temperature,27.07,1514944811790
sensor0_Brightness,82.0,1514944811794
sensor1_Temperature,27.18,1514944811798
sensor1_Brightness,0.0,1514944811801
SoundCenter0,64.75133887594737,1514944814769
SoundCenter1,62.78410069555801,1514944814771
SoundCenter2,59.621952904341676,1514944814772
SoundWall0,65.91987308755404,1514944814996
SoundWall1,65.09375430509901,1514944815008
SoundWall2,64.83222858254442,1514944815029
sensor0_Temperature,27.07,1514944818523
sensor0_Brightness,82.0,1514944818527
sensor1_Temperature,27.18,1514944818530
sensor1_Brightness,0.0,1514944818533
SoundC,70.5390318503356,1514944819270
Present,135,1514944819273
SoundCenter0,66.62283264121979,1514944824769
SoundCenter1,64.03735560272166,1514944824771
SoundCenter2,61.091372812417816,1514944824772
sensor0_Temperature,27.07,1514944824965
sensor0_Brightness,82.0,1514944824968
sensor1_Temperature,27.18,1514944824970
sensor1_Brightness,0.0,1514944824972
SoundWall0,67.00302373224604,1514944824996
SoundWall1,66.19828794401103,1514944825007
SoundWall2,65.86821656901729,1514944825026
SoundC,67.56641902255494,1514944829276
Present,104,1514944829279
sensor0_Temperature,27.07,1514944831630
sensor0_Brightness,82.0,1514944831634
sensor1_Temperature,27.18,1514944831638
sensor1_Brightness,0.0,1514944831641
SoundCenter0,67.12089395158299,1514944834769
SoundCenter1,63.66300887304242,1514944834770
SoundCenter2,60.58316253851594,1514944834771
SoundWall0,66.4274516024813,1514944834996
SoundWall1,65.31169951389768,1514944835005
SoundWall2,66.22410167491566,1514944835025
sensor0_Temperature,27.07,1514944838286
sensor0_Brightness,82.0,1514944838290
sensor1_Temperature,27.18,1514944838293
sensor1_Brightness,0.0,1514944838297
SoundC,61.023021476191225,1514944839282
Present,92,1514944839285
sensor0_Temperature,27.07,1514944844686
sensor0_Brightness,82.0,1514944844691
sensor1_Temperature,27.18,1514944844694
sensor1_Brightness,0.0,1514944844697
SoundCenter0,67.47581142870489,1514944844769
SoundCenter1,63.061707413366776,1514944844770
SoundCenter2,60.31581342647779,1514944844772
SoundWall0,66.19467671438528,1514944844996
SoundWall1,64.66457033001687,1514944845007
SoundWall2,66.35109018890601,1514944845026
SoundC,63.26648240367583,1514944849288
Present,166,1514944849291
sensor0_Temperature,27.07,1514944851082
sensor0_Brightness,82.0,1514944851086
sensor1_Temperature,27.18,1514944851089
sensor1_Brightness,0.0,1514944851092
MoveFocus,GoTour,1514944853412
SoundCenter0,67.39607225064881,1514944854769
SoundCenter1,62.38780707230056,1514944854771
SoundCenter2,59.93222176000204,1514944854772
SoundWall0,66.44008501795761,1514944854996
SoundWall1,65.30971960095766,1514944855006
SoundWall2,66.2634567261897,1514944855026
sensor0_Temperature,27.07,1514944857744
sensor0_Brightness,82.0,1514944857749
sensor1_Temperature,27.18,1514944857751
sensor1_Brightness,0.0,1514944857755
SoundC,75.93060245540138,1514944859294
Present,108,1514944859298
sensor0_Temperature,27.07,1514944864201
sensor0_Brightness,82.0,1514944864205
sensor1_Temperature,27.18,1514944864208
sensor1_Brightness,0.0,1514944864212
SoundCenter0,68.47966714331181,1514944864769
SoundCenter1,63.60616067665816,1514944864770
SoundCenter2,61.45027144973959,1514944864772
SoundWall0,67.48191082930983,1514944864996
SoundWall1,66.30062091079044,1514944865007
SoundWall2,67.51142891355998,1514944865023
SoundC,64.61127993529891,1514944869309
Present,117,1514944869312
sensor0_Temperature,27.07,1514944870854
sensor0_Brightness,82.0,1514944870858
sensor1_Temperature,27.18,1514944870861
sensor1_Brightness,0.0,1514944870865
SoundCenter0,69.05329363537864,1514944874769
SoundCenter1,64.43116930087065,1514944874770
SoundCenter2,61.83608663367421,1514944874772
SoundWall0,68.58888467920112,1514944874996
SoundWall1,67.52673621050056,1514944875005
SoundWall2,68.46450073824028,1514944875017
sensor0_Temperature,27.07,1514944877312
sensor0_Brightness,82.0,1514944877316
sensor1_Temperature,27.18,1514944877320
sensor1_Brightness,0.0,1514944877323
SoundC,67.56641902255494,1514944879315
Present,136,1514944879318
sensor0_Temperature,27.07,1514944883770
sensor0_Brightness,82.0,1514944883774
sensor1_Temperature,27.18,1514944883778
sensor1_Brightness,0.0,1514944883782
SoundCenter0,69.11821590502004,1514944884769
SoundCenter1,64.46444078852738,1514944884771
SoundCenter2,62.16707970312832,1514944884772
SoundWall0,68.44753000318703,1514944884996
SoundWall1,67.39289586387314,1514944885007
SoundWall2,68.96032892970662,1514944885027
SoundC,61.80460425887306,1514944889321
Present,108,1514944889324
sensor0_Temperature,27.07,1514944890220
sensor0_Brightness,82.0,1514944890224
sensor1_Temperature,27.18,1514944890227
sensor1_Brightness,0.0,1514944890231
SoundCenter0,70.22950329247777,1514944894769
SoundCenter1,65.24341883395606,1514944894770
SoundCenter2,62.9447573103334,1514944894771
SoundWall0,68.58302673103576,1514944894996
SoundWall1,67.69913044443012,1514944895006
SoundWall2,69.47201488347413,1514944895015
sensor0_Temperature,27.07,1514944896655
sensor0_Brightness,82.0,1514944896659
sensor1_Temperature,27.18,1514944896663
sensor1_Brightness,0.0,1514944896666
SoundC,68.0998289029382,1514944899327
Present,107,1514944899330
sensor0_Temperature,27.07,1514944903064
sensor0_Brightness,82.0,1514944903067
sensor1_Temperature,27.18,1514944903070
sensor1_Brightness,0.0,1514944903073
SoundCenter0,70.50306306044308,1514944904769
SoundCenter1,65.99810994683517,1514944904770
SoundCenter2,63.261180279078744,1514944904772
SoundWall0,68.84411743144004,1514944904996
SoundWall1,68.28118016505063,1514944905005
SoundWall2,69.41448828943862,1514944905020
SoundC,61.80460425887306,1514944909333
Present,79,1514944909337
sensor0_Temperature,27.07,1514944909763
sensor0_Brightness,82.0,1514944909767
sensor1_Temperature,27.18,1514944909769
sensor1_Brightness,0.0,1514944909772
MoveFocus,GoTour,1514944913545
SoundCenter0,70.64025964222313,1514944914769
SoundCenter1,66.62705777832687,1514944914771
SoundCenter2,63.41521206279868,1514944914772
SoundWall0,68.27320261455861,1514944914996
SoundWall1,68.13817453363735,1514944915005
SoundWall2,69.34963958284867,1514944915020
sensor0_Temperature,27.07,1514944916418
sensor0_Brightness,82.0,1514944916422
sensor1_Temperature,27.18,1514944916425
sensor1_Brightness,0.0,1514944916428
SoundC,61.023021476191225,1514944919339
Present,145,1514944919342
sensor0_Temperature,27.07,1514944922838
sensor0_Brightness,82.0,1514944922843
sensor1_Temperature,27.18,1514944922845
sensor1_Brightness,0.0,1514944922848
SoundCenter0,69.82377214534516,1514944924769
SoundCenter1,65.52226863617662,1514944924770
SoundCenter2,62.06926000574063,1514944924772
SoundWall0,66.91973265125013,1514944924996
SoundWall1,67.16843917627922,1514944925005
SoundWall2,68.30239201472413,1514944925017
sensor0_Temperature,27.07,1514944929245
sensor0_Brightness,82.0,1514944929249
sensor1_Temperature,27.18,1514944929252
sensor1_Brightness,0.0,1514944929255
SoundC,63.95233273361063,1514944929345
Present,110,1514944929349
SoundCenter0,69.1712609324865,1514944934769
SoundCenter1,64.8181710871023,1514944934770
SoundCenter2,61.34976231135139,1514944934771
SoundWall0,66.56086645842818,1514944934996
SoundWall1,66.41666500901421,1514944935007
SoundWall2,67.466349792623,1514944935028
sensor0_Temperature,27.07,1514944935876
sensor0_Brightness,82.0,1514944935881
sensor1_Temperature,27.18,1514944935884
sensor1_Brightness,0.0,1514944935886
SoundC,61.023021476191225,1514944939351
Present,87,1514944939354
sensor0_Temperature,27.07,1514944942341
sensor0_Brightness,82.0,1514944942344
sensor1_Temperature,27.18,1514944942347
sensor1_Brightness,0.0,1514944942350
SoundCenter0,68.20563823967328,1514944944769
SoundCenter1,64.11995688057759,1514944944770
SoundCenter2,60.229490395631764,1514944944771
SoundWall0,67.1027317772414,1514944944996
SoundWall1,66.47273060176718,1514944945005
SoundWall2,67.00346184625037,1514944945020
sensor0_Temperature,27.07,1514944948777
sensor0_Brightness,82.0,1514944948781
sensor1_Temperature,27.18,1514944948784
sensor1_Brightness,0.0,1514944948787
SoundC,62.551438321825636,1514944949357
Present,165,1514944949360
SoundCenter0,67.9476885831504,1514944954769
SoundCenter1,64.12350884724603,1514944954770
SoundCenter2,60.05108687022865,1514944954771
SoundWall0,67.70668543164928,1514944954996
SoundWall1,66.91331255056608,1514944955005
SoundWall2,66.17863124455434,1514944955017
sensor0_Temperature,27.07,1514944955187
sensor0_Brightness,82.0,1514944955191
sensor1_Temperature,27.18,1514944955194
sensor1_Brightness,0.0,1514944955196
SoundC,64.61127993529891,1514944959362
Present,106,1514944959366
sensor0_Temperature,27.07,1514944961603
sensor0_Brightness,82.0,1514944961607
sensor1_Temperature,27.18,1514944961610
sensor1_Brightness,0.0,1514944961613
SoundCenter0,68.59991788373841,1514944964769
SoundCenter1,64.68918415012651,1514944964770
SoundCenter2,61.02950322733361,1514944964771
SoundWall0,68.30909512212041,1514944964996
SoundWall1,67.0978689918192,1514944965005
SoundWall2,66.72170223713603,1514944965017
sensor0_Temperature,27.07,1514944968244
sensor0_Brightness,82.0,1514944968248
sensor1_Temperature,27.18,1514944968251
sensor1_Brightness,0.0,1514944968254
SoundC,68.61682354019833,1514944969369
Present,108,1514944969372
MoveFocus,GoTour,1514944973629
sensor0_Temperature,27.07,1514944974685
sensor0_Brightness,82.0,1514944974689
sensor1_Temperature,27.18,1514944974692
sensor1_Brightness,0.0,1514944974695
SoundCenter0,68.25078358855528,1514944974769
SoundCenter1,63.936687473254786,1514944974770
SoundCenter2,60.86539330227707,1514944974771
SoundWall0,68.86888986074173,1514944974996
SoundWall1,67.37765351621486,1514944975005
SoundWall2,67.05751092133707,1514944975017
SoundC,61.80460425887306,1514944979374
Present,131,1514944979378
sensor0_Temperature,27.07,1514944981097
sensor0_Brightness,82.0,1514944981101
sensor1_Temperature,27.18,1514944981104
sensor1_Brightness,0.0,1514944981107
SoundCenter0,67.5996958043988,1514944984769
SoundCenter1,63.85675430193547,1514944984770
SoundCenter2,60.531151182933144,1514944984771
SoundWall0,69.61443840301466,1514944984996
SoundWall1,67.45674464856901,1514944985005
SoundWall2,67.2833108673288,1514944985017
SoundC,65.24535518573873,1514944989380
Present,116,1514944989384
sensor0_Temperature,27.07,1514944990487
sensor0_Brightness,82.0,1514944990491
sensor1_Temperature,27.18,1514944990494
sensor1_Brightness,0.0,1514944990497
SoundCenter0,66.73696184339816,1514944994769
SoundCenter1,63.41292444989348,1514944994770
SoundCenter2,59.59082430788371,1514944994772
SoundWall0,69.08886034861477,1514944994996
SoundWall1,67.08860999803049,1514944995005
SoundWall2,66.99821134171856,1514944995018
sensor0_Temperature,27.07,1514944996902
sensor0_Brightness,82.0,1514944996906
sensor1_Temperature,27.18,1514944996909
sensor1_Brightness,0.0,1514944996912
SoundC,61.80460425887306,1514944999393
Present,81,1514944999396
sensor0_Temperature,27.07,1514945003303
sensor0_Brightness,82.0,1514945003307
sensor1_Temperature,27.18,1514945003310
sensor1_Brightness,0.0,1514945003313
SoundCenter0,65.91249831540844,1514945004769
SoundCenter1,62.79443242718989,1514945004771
SoundCenter2,59.07366809917528,1514945004772
SoundWall0,67.70360525816324,1514945004996
SoundWall1,65.91640513914324,1514945005005
SoundWall2,65.78929787231915,1514945005017
SoundC,63.95233273361063,1514945009407
Present,105,1514945009410
sensor0_Temperature,27.07,1514945010014
sensor0_Brightness,82.0,1514945010018
sensor1_Temperature,27.18,1514945010021
sensor1_Brightness,0.0,1514945010024
SoundCenter0,63.94849738521753,1514945014769
SoundCenter1,60.98012734619869,1514945014771
SoundCenter2,57.86287524998595,1514945014772
SoundWall0,65.88938355632355,1514945014996
SoundWall1,64.31481551978248,1514945015005
SoundWall2,64.61325925706137,1514945015017
sensor0_Temperature,27.07,1514945016464
sensor0_Brightness,82.0,1514945016469
sensor1_Temperature,27.18,1514945016472
sensor1_Brightness,0.0,1514945016475
SoundC,59.341519288975356,1514945019422
Present,109,1514945019425
sensor0_Temperature,27.07,1514945022906
sensor0_Brightness,82.0,1514945022910
sensor1_Temperature,27.18,1514945022913
sensor1_Brightness,0.0,1514945022916
SoundCenter0,62.63812699172311,1514945024769
SoundCenter1,59.67823752018694,1514945024770
SoundCenter2,56.73725014482433,1514945024771
SoundWall0,64.8579584115458,1514945024996
SoundWall1,63.82600417596005,1514945025005
SoundWall2,63.8088224973534,1514945025017
SoundC,63.26648240367583,1514945029437
Present,124,1514945029441
sensor0_Temperature,27.07,1514945029460
sensor0_Brightness,82.0,1514945029464
sensor1_Temperature,27.18,1514945029467
sensor1_Brightness,0.0,1514945029472
MoveFocus,GoTour,1514945033727
SoundCenter0,62.79603759097501,1514945034769
SoundCenter1,59.66902611173205,1514945034770
SoundCenter2,57.15402652773169,1514945034771
SoundWall0,64.08348828890753,1514945034996
SoundWall1,62.95452039305109,1514945035005
SoundWall2,63.49398230341028,1514945035017
sensor0_Temperature,27.07,1514945036126
sensor0_Brightness,82.0,1514945036130
sensor1_Temperature,27.18,1514945036133
sensor1_Brightness,0.0,1514945036136
SoundC,61.80460425887306,1514945039453
Present,108,1514945039456
sensor0_Temperature,27.07,1514945042545
sensor0_Brightness,82.0,1514945042549
sensor1_Temperature,27.18,1514945042552
sensor1_Brightness,0.0,1514945042555
SoundCenter0,63.222049496617835,1514945044769
SoundCenter1,59.84804955595586,1514945044770
SoundCenter2,57.80875677359316,1514945044771
SoundWall0,64.04006567985475,1514945044996
SoundWall1,63.508032739770876,1514945045006
SoundWall2,63.31926676336209,1514945045027
sensor0_Temperature,27.07,1514945048973
sensor0_Brightness,82.0,1514945048977
sensor1_Temperature,27.18,1514945048980
sensor1_Brightness,0.0,1514945048983
SoundC,63.95233273361063,1514945049466
Present,94,1514945049469
SoundCenter0,63.295448385292545,1514945054769
SoundCenter1,59.40557973418198,1514945054770
SoundCenter2,58.38858413523201,1514945054771
SoundWall0,64.31705232029137,1514945054996
SoundWall1,63.71456378629526,1514945055006
SoundWall2,63.57820640496219,1514945055028
sensor0_Temperature,27.07,1514945055684
sensor0_Brightness,82.0,1514945055689
sensor1_Temperature,27.18,1514945055691
sensor1_Brightness,0.0,1514945055694
SoundC,61.023021476191225,1514945059479
Present,103,1514945059482
sensor0_Temperature,27.07,1514945062147
sensor0_Brightness,82.0,1514945062151
sensor1_Temperature,27.18,1514945062154
sensor1_Brightness,0.0,1514945062157
SoundCenter0,63.31376358505766,1514945064769
SoundCenter1,59.11320450458144,1514945064770
SoundCenter2,58.50572232948591,1514945064772
SoundWall0,63.80558058913389,1514945064996
SoundWall1,63.512325663660185,1514945065005
SoundWall2,63.96129988055691,1514945065025
sensor0_Temperature,27.07,1514945068587
sensor0_Brightness,82.0,1514945068591
sensor1_Temperature,27.18,1514945068594
sensor1_Brightness,0.0,1514945068597
SoundC,63.26648240367583,1514945069489
Present,109,1514945069493
SoundCenter0,64.12335328762528,1514945074769
SoundCenter1,59.85107816206165,1514945074771
SoundCenter2,58.840456063631365,1514945074772
SoundWall0,63.968324665974464,1514945074996
sensor0_Temperature,27.07,1514945075005
SoundWall1,64.37732520922737,1514945075005
sensor0_Brightness,82.0,1514945075009
sensor1_Temperature,27.18,1514945075012
sensor1_Brightness,0.0,1514945075015
SoundWall2,64.94285327770677,1514945075025
SoundC,61.023021476191225,1514945079495
Present,135,1514945079498
sensor0_Temperature,27.07,1514945081414
sensor0_Brightness,82.0,1514945081418
sensor1_Temperature,27.18,1514945081421
sensor1_Brightness,0.0,1514945081424
SoundCenter0,64.29386743883647,1514945084769
SoundCenter1,60.32933677736886,1514945084770
SoundCenter2,59.27227187601655,1514945084772
SoundWall0,64.2203814574569,1514945084996
SoundWall1,64.7651890542566,1514945085005
SoundWall2,64.79320164128386,1514945085025
sensor0_Temperature,27.07,1514945088146
sensor0_Brightness,82.0,1514945088150
sensor1_Temperature,27.18,1514945088154
sensor1_Brightness,0.0,1514945088156
SoundC,61.023021476191225,1514945089501
Present,101,1514945089504
MoveFocus,GoTour,1514945093830
sensor0_Temperature,27.07,1514945094598
sensor0_Brightness,82.0,1514945094602
sensor1_Temperature,27.18,1514945094604
sensor1_Brightness,0.0,1514945094607
SoundCenter0,64.2971613694382,1514945094769
SoundCenter1,60.31154479255992,1514945094771
SoundCenter2,59.029434925238135,1514945094772
SoundWall0,64.11984420585719,1514945094996
SoundWall1,64.94418621706208,1514945095005
SoundWall2,64.44031056618697,1514945095018
SoundC,62.551438321825636,1514945099507
Present,107,1514945099510
SoundCenter0,64.32383466644,1514945104769
SoundCenter1,59.76074499883651,1514945104771
SoundCenter2,58.27069505302064,1514945104772
SoundWall0,63.080592069315806,1514945104996
SoundWall1,63.48626034681176,1514945105007
SoundWall2,63.636075418379235,1514945105028
sensor0_Temperature,27.07,1514945108115
sensor0_Brightness,82.0,1514945108119
sensor1_Temperature,27.18,1514945108122
sensor1_Brightness,0.0,1514945108124
SoundC,64.61127993529891,1514945109513
Present,110,1514945109516
SoundCenter0,65.2192100293195,1514945114769
SoundCenter1,60.293528177315416,1514945114771
SoundCenter2,57.63615799003648,1514945114772
SoundWall0,62.567847578114424,1514945114996
SoundWall1,62.884456369823035,1514945115005
SoundWall2,63.41501190006643,1514945115018
sensor0_Temperature,27.07,1514945115502
sensor0_Brightness,82.0,1514945115506
sensor1_Temperature,27.18,1514945115509
sensor1_Brightness,0.0,1514945115512
SoundC,64.61127993529891,1514945119523
Present,108,1514945119527
sensor0_Temperature,27.07,1514945121945
sensor0_Brightness,82.0,1514945121949
sensor1_Temperature,27.18,1514945121952
sensor1_Brightness,0.0,1514945121955
SoundCenter0,65.76201718329486,1514945124769
SoundCenter1,61.02269643157788,1514945124771
SoundCenter2,57.87229221149187,1514945124772
SoundWall0,63.087730463565535,1514945124996
SoundWall1,63.199689086291784,1514945125005
SoundWall2,63.76868370822875,1514945125017
sensor0_Temperature,27.07,1514945128390
sensor0_Brightness,82.0,1514945128394
sensor1_Temperature,27.18,1514945128397
sensor1_Brightness,0.0,1514945128400
SoundC,63.26648240367583,1514945129529
Present,112,1514945129533
SoundCenter0,65.26672741678227,1514945134769
SoundCenter1,60.49995652313857,1514945134771
SoundCenter2,58.232727552612154,1514945134772
sensor0_Temperature,27.07,1514945134848
sensor0_Brightness,82.0,1514945134852
sensor1_Temperature,27.18,1514945134855
sensor1_Brightness,0.0,1514945134858
SoundWall0,64.22984482464915,1514945134996
SoundWall1,63.35411035980692,1514945135006
SoundWall2,64.14935272235213,1514945135036
SoundC,63.95233273361063,1514945139535
Present,107,1514945139538
sensor0_Temperature,27.07,1514945141262
sensor0_Brightness,82.0,1514945141265
sensor1_Temperature,27.18,1514945141268
sensor1_Brightness,0.0,1514945141271
SoundCenter0,65.58068557916332,1514945144769
SoundCenter1,60.213588022208114,1514945144771
SoundCenter2,58.05283797367642,1514945144772
SoundWall0,64.05033831315338,1514945144996
SoundWall1,62.969309551507756,1514945145006
SoundWall2,64.52167852582713,1514945145021
sensor0_Temperature,27.07,1514945147956
sensor0_Brightness,82.0,1514945147960
sensor1_Temperature,27.18,1514945147963
sensor1_Brightness,0.0,1514945147966
SoundC,60.20329792798059,1514945149540
Present,106,1514945149544
MoveFocus,GoTour,1514945153923
sensor0_Temperature,27.07,1514945154502
sensor0_Brightness,82.0,1514945154506
sensor1_Temperature,27.18,1514945154509
sensor1_Brightness,0.0,1514945154512
SoundCenter0,65.53219254820924,1514945154769
SoundCenter1,60.44486668088473,1514945154771
SoundCenter2,58.73217234974747,1514945154772
SoundWall0,64.86962348431669,1514945154996
SoundWall1,63.60175171222465,1514945155006
SoundWall2,65.25815559735196,1514945155018
SoundC,63.26648240367583,1514945159546
Present,134,1514945159549
sensor0_Temperature,27.07,1514945160902
sensor0_Brightness,82.0,1514945160906
sensor1_Temperature,27.18,1514945160909
sensor1_Brightness,0.0,1514945160912
SoundCenter0,65.49351228498898,1514945164769
SoundCenter1,60.70723176853414,1514945164771
SoundCenter2,59.5606175892791,1514945164772
SoundWall0,65.28044162281891,1514945164996
SoundWall1,64.57796664464993,1514945165007
SoundWall2,65.41101387324453,1514945165027
sensor0_Temperature,27.07,1514945167712
sensor0_Brightness,82.0,1514945167715
sensor1_Temperature,27.18,1514945167719
sensor1_Brightness,0.0,1514945167722
SoundC,68.0998289029382,1514945169552
Present,119,1514945169555
sensor0_Temperature,27.07,1514945174170
sensor0_Brightness,82.0,1514945174174
sensor1_Temperature,27.18,1514945174177
sensor1_Brightness,0.0,1514945174180
SoundCenter0,64.5780183120732,1514945174769
SoundCenter1,60.49393712834026,1514945174770
SoundCenter2,60.63495951528848,1514945174772
SoundWall0,65.7616917109775,1514945174996
SoundWall1,65.22051121047349,1514945175008
SoundWall2,65.48850251868615,1514945175028
SoundC,60.20329792798059,1514945179558
Present,131,1514945179561
sensor0_Temperature,27.07,1514945180741
sensor0_Brightness,82.0,1514945180745
sensor1_Temperature,27.18,1514945180747
sensor1_Brightness,0.0,1514945180750
SoundCenter0,64.54281944528503,1514945184769
SoundCenter1,60.00612751292722,1514945184771
SoundCenter2,59.96336225603552,1514945184772
SoundWall0,65.2175276628858,1514945184996
SoundWall1,64.34894139099075,1514945185006
SoundWall2,64.25110412411986,1514945185014
sensor0_Temperature,27.07,1514945187151
sensor0_Brightness,82.0,1514945187155
sensor1_Temperature,27.18,1514945187158
sensor1_Brightness,0.0,1514945187161
SoundC,61.023021476191225,1514945189564
Present,108,1514945189567
sensor0_Temperature,27.07,1514945194669
sensor0_Brightness,82.0,1514945194673
sensor1_Temperature,27.18,1514945194676
sensor1_Brightness,0.0,1514945194679
SoundCenter0,65.55566387406209,1514945194769
SoundCenter1,60.67226573300077,1514945194770
SoundCenter2,59.69850449852493,1514945194771
SoundWall0,64.92756499788088,1514945194996
SoundWall1,64.41876350516448,1514945195005
SoundWall2,64.52738884810961,1514945195017
SoundC,62.551438321825636,1514945199570
Present,102,1514945199573
sensor0_Temperature,27.07,1514945201082
sensor0_Brightness,82.0,1514945201086
sensor1_Temperature,27.18,1514945201089
sensor1_Brightness,0.0,1514945201091
SoundCenter0,66.89196147943981,1514945204769
SoundCenter1,62.32959675721741,1514945204770
SoundCenter2,60.50714128207614,1514945204772
SoundWall0,65.78987557871338,1514945204996
SoundWall1,65.61528872796755,1514945205005
SoundWall2,65.49736115871015,1514945205017
sensor0_Temperature,27.07,1514945207751
sensor0_Brightness,82.0,1514945207754
sensor1_Temperature,27.18,1514945207757
sensor1_Brightness,0.0,1514945207760
SoundC,65.24535518573873,1514945209582
Present,168,1514945209585
MoveFocus,GoTour,1514945213992
sensor0_Temperature,27.07,1514945214209
sensor0_Brightness,82.0,1514945214212
sensor1_Temperature,27.18,1514945214216
sensor1_Brightness,0.0,1514945214219
SoundCenter0,67.89960706878487,1514945214769
SoundCenter1,63.47928862575805,1514945214770
SoundCenter2,60.933385617113416,1514945214772
SoundWall0,65.91109750106357,1514945214996
SoundWall1,65.76242927186301,1514945215005
SoundWall2,65.46597205189927,1514945215017
SoundC,64.61127993529891,1514945219588
Present,116,1514945219592
sensor0_Temperature,27.07,1514945220919
sensor0_Brightness,82.0,1514945220923
sensor1_Temperature,27.18,1514945220926
sensor1_Brightness,0.0,1514945220929
SoundCenter0,68.47763777634867,1514945224769
SoundCenter1,64.0012174219055,1514945224771
SoundCenter2,60.99196093126295,1514945224772
SoundWall0,65.8288931709332,1514945224996
SoundWall1,65.29957420584023,1514945225006
SoundWall2,65.12136426237548,1514945225023
sensor0_Temperature,27.07,1514945227617
sensor0_Brightness,82.0,1514945227621
sensor1_Temperature,27.18,1514945227624
sensor1_Brightness,0.0,1514945227627
SoundC,65.24535518573873,1514945229594
Present,108,1514945229597
sensor0_Temperature,27.07,1514945234081
sensor0_Brightness,82.0,1514945234085
sensor1_Temperature,27.18,1514945234088
sensor1_Brightness,0.0,1514945234091
SoundCenter0,68.96361768323041,1514945234769
SoundCenter1,64.21320015841053,1514945234770
SoundCenter2,61.10325908381601,1514945234771
SoundWall0,66.07788237289486,1514945234996
SoundWall1,65.52970770370477,1514945235005
SoundWall2,65.49978473088301,1514945235026
SoundC,73.45017003946069,1514945239600
Present,107,1514945239603
sensor0_Temperature,27.07,1514945240896
sensor0_Brightness,82.0,1514945240903
sensor1_Temperature,27.18,1514945240906
sensor1_Brightness,0.0,1514945240909
SoundCenter0,68.82731432720753,1514945244769
SoundCenter1,64.60976061673058,1514945244770
SoundCenter2,61.61100748004391,1514945244772
SoundWall0,66.6010464198849,1514945244996
SoundWall1,66.3558105841036,1514945245005
SoundWall2,66.33995951512546,1514945245017
sensor0_Temperature,27.07,1514945247585
sensor0_Brightness,82.0,1514945247589
sensor1_Temperature,27.18,1514945247592
sensor1_Brightness,0.0,1514945247595
SoundC,63.26648240367583,1514945249606
Present,100,1514945249609
sensor0_Temperature,27.07,1514945254242
sensor0_Brightness,82.0,1514945254245
sensor1_Temperature,27.18,1514945254249
sensor1_Brightness,0.0,1514945254252
SoundCenter0,68.73884049408842,1514945254769
SoundCenter1,64.00909460197326,1514945254771
SoundCenter2,61.1635009921841,1514945254772
SoundWall0,66.18841784375314,1514945254996
SoundWall1,65.91041005901359,1514945255006
SoundWall2,64.94585050896772,1514945255014
SoundC,62.551438321825636,1514945259621
Present,106,1514945259624
sensor0_Temperature,27.07,1514945260693
sensor0_Brightness,82.0,1514945260697
sensor1_Temperature,27.18,1514945260700
sensor1_Brightness,0.0,1514945260703
SoundCenter0,67.33021857928672,1514945264769
SoundCenter1,62.20053580927121,1514945264770
SoundCenter2,60.83109093007381,1514945264772
SoundWall0,65.3308624249535,1514945264996
SoundWall1,65.00690044068844,1514945265010
SoundWall2,64.65006446804324,1514945265022
sensor0_Temperature,27.07,1514945267101
sensor0_Brightness,82.0,1514945267105
sensor1_Temperature,27.18,1514945267108
sensor1_Brightness,0.0,1514945267111
SoundC,60.20329792798059,1514945269627
Present,107,1514945269630
sensor0_Temperature,27.07,1514945273800
sensor0_Brightness,82.0,1514945273804
sensor1_Temperature,27.18,1514945273807
sensor1_Brightness,0.0,1514945273810
MoveFocus,GoTour,1514945274095
SoundCenter0,66.96090553047121,1514945274769
SoundCenter1,61.5698728401205,1514945274771
SoundCenter2,60.74715804418371,1514945274772
SoundWall0,65.06077294814725,1514945274996
SoundWall1,64.80921698673903,1514945275005
SoundWall2,64.48867339066872,1514945275018
SoundC,62.551438321825636,1514945279633
Present,108,1514945279636
sensor0_Temperature,27.07,1514945280465
sensor0_Brightness,82.0,1514945280469
sensor1_Temperature,27.18,1514945280472
sensor1_Brightness,0.0,1514945280475
SoundCenter0,66.8506396048302,1514945284769
SoundCenter1,61.15191179026572,1514945284771
SoundCenter2,60.60369146647456,1514945284772
SoundWall0,65.67929445084347,1514945284996
SoundWall1,65.75822877823575,1514945285006
SoundWall2,66.40663575430229,1514945285026
sensor0_Temperature,27.07,1514945286889
sensor0_Brightness,82.0,1514945286892
sensor1_Temperature,27.18,1514945286894
sensor1_Brightness,0.0,1514945286897
SoundC,67.01551720930587,1514945289639
Present,110,1514945289642
sensor0_Temperature,27.07,1514945293570
sensor0_Brightness,82.0,1514945293573
sensor1_Temperature,27.18,1514945293576
sensor1_Brightness,0.0,1514945293579
SoundCenter0,67.13935665204063,1514945294769
SoundCenter1,61.52729500464354,1514945294770
SoundCenter2,60.40229242420801,1514945294780
SoundWall0,65.52622766634175,1514945294996
SoundWall1,65.46959575775269,1514945295005
SoundWall2,65.99399636148445,1514945295015
SoundC,63.95233273361063,1514945299645
Present,163,1514945299648
sensor0_Temperature,27.07,1514945300117
sensor0_Brightness,82.0,1514945300121
sensor1_Temperature,27.18,1514945300124
sensor1_Brightness,0.0,1514945300127
SoundCenter0,67.16224760731878,1514945304769
SoundCenter1,61.654097798962326,1514945304770
SoundCenter2,61.03302378010218,1514945304771
SoundWall0,66.1643188721017,1514945304996
SoundWall1,66.4739437437892,1514945305005
SoundWall2,66.50093131635802,1514945305021
sensor0_Temperature,27.07,1514945306796
sensor0_Brightness,82.0,1514945306800
sensor1_Temperature,27.18,1514945306803
sensor1_Brightness,0.0,1514945306806
SoundC,64.61127993529891,1514945309651
Present,95,1514945309654
sensor0_Temperature,27.07,1514945313191
sensor0_Brightness,82.0,1514945313195
sensor1_Temperature,27.18,1514945313198
sensor1_Brightness,0.0,1514945313201
SoundCenter0,66.25652963062069,1514945314769
SoundCenter1,61.26512891644244,1514945314770
SoundCenter2,60.94448994328052,1514945314771
SoundWall0,65.79290053232124,1514945314996
SoundWall1,66.16802066338124,1514945315006
SoundWall2,67.10259484195423,1514945315026
SoundC,72.66858725677886,1514945319666
Present,103,1514945319670
sensor0_Temperature,27.07,1514945319689
sensor0_Brightness,82.0,1514945319693
sensor1_Temperature,27.18,1514945319696
sensor1_Brightness,0.0,1514945319699
SoundCenter0,67.36214844459175,1514945324769
SoundCenter1,62.33315555888669,1514945324770
SoundCenter2,61.2723168788165,1514945324771
SoundWall0,65.91508517778718,1514945324996
SoundWall1,66.43098532997695,1514945325005
SoundWall2,66.62169939590753,1514945325020
sensor0_Temperature,27.07,1514945326090
sensor0_Brightness,82.0,1514945326094
sensor1_Temperature,27.18,1514945326097
sensor1_Brightness,0.0,1514945326100
SoundC,63.26648240367583,1514945329679
Present,128,1514945329682
sensor0_Temperature,27.07,1514945332793
sensor0_Brightness,82.0,1514945332797
sensor1_Temperature,27.18,1514945332799
sensor1_Brightness,0.0,1514945332802
MoveFocus,GoTour,1514945334199
SoundCenter0,67.36556573786322,1514945334769
SoundCenter1,62.80214391102238,1514945334770
SoundCenter2,61.570104654285835,1514945334771
SoundWall0,66.96585270982021,1514945334996
SoundWall1,67.70897127419774,1514945335005
SoundWall2,68.12933040176715,1514945335017
sensor0_Temperature,27.07,1514945339202
sensor0_Brightness,82.0,1514945339206
sensor1_Temperature,27.18,1514945339209
sensor1_Brightness,0.0,1514945339211
SoundC,68.61682354019833,1514945339687
Present,123,1514945339690
SoundCenter0,67.57795405642631,1514945344769
SoundCenter1,63.502212227093814,1514945344770
SoundCenter2,62.068203865692716,1514945344771
SoundWall0,67.74447501885007,1514945344996
SoundWall1,68.32654145356896,1514945345013
SoundWall2,68.40544509866807,1514945345023
sensor0_Temperature,27.07,1514945345901
sensor0_Brightness,82.0,1514945345905
sensor1_Temperature,27.18,1514945345908
sensor1_Brightness,0.0,1514945345911
SoundC,64.61127993529891,1514945349693
Present,99,1514945349696
sensor0_Temperature,27.07,1514945352342
sensor0_Brightness,82.0,1514945352346
sensor1_Temperature,27.18,1514945352349
sensor1_Brightness,0.0,1514945352352
SoundCenter0,67.72466865321603,1514945354769
SoundCenter1,63.33015446243302,1514945354770
SoundCenter2,61.376715850526466,1514945354771
SoundWall0,67.67856118636251,1514945354996
SoundWall1,68.1565744679308,1514945355007
SoundWall2,68.02542234467361,1514945355026
sensor0_Temperature,27.07,1514945358798
sensor0_Brightness,82.0,1514945358802
sensor1_Temperature,27.18,1514945358805
sensor1_Brightness,0.0,1514945358808
SoundC,62.551438321825636,1514945359699
Present,114,1514945359702
SoundCenter0,69.18124038614447,1514945364769
SoundCenter1,64.53970794654597,1514945364770
SoundCenter2,61.988899631978114,1514945364771
SoundWall0,67.35878751819865,1514945364996
SoundWall1,67.70345825937142,1514945365005
SoundWall2,67.73684202747607,1514945365017
sensor0_Temperature,27.07,1514945365200
sensor0_Brightness,82.0,1514945365204
sensor1_Temperature,27.18,1514945365207
sensor1_Brightness,0.0,1514945365210
SoundC,81.48928461417114,1514945369705
Present,100,1514945369708
sensor0_Temperature,27.07,1514945371900
sensor0_Brightness,82.0,1514945371904
sensor1_Temperature,27.18,1514945371907
sensor1_Brightness,0.0,1514945371910
SoundCenter0,72.16709815820175,1514945374769
SoundCenter1,67.41832108864156,1514945374770
SoundCenter2,64.52617966625759,1514945374771
SoundWall0,70.51796266726265,1514945374996
SoundWall1,70.92230824625796,1514945375005
SoundWall2,70.5237018833502,1514945375017
sensor0_Temperature,27.07,1514945378352
sensor0_Brightness,82.0,1514945378356
sensor1_Temperature,27.18,1514945378359
sensor1_Brightness,0.0,1514945378362
SoundC,64.61127993529891,1514945379711
Present,120,1514945379714
SoundCenter0,73.50872341824252,1514945384769
SoundCenter1,69.11198997666735,1514945384770
SoundCenter2,65.9972135381823,1514945384771
sensor0_Temperature,27.07,1514945384804
sensor0_Brightness,82.0,1514945384808
sensor1_Temperature,27.18,1514945384811
sensor1_Brightness,0.0,1514945384814
SoundWall0,72.25212082362454,1514945384996
SoundWall1,72.69772352678908,1514945385008
SoundWall2,72.68933708747731,1514945385028
SoundC,78.37870659506,1514945389718
Present,112,1514945389721
sensor0_Temperature,27.07,1514945391202
sensor0_Brightness,82.0,1514945391207
sensor1_Temperature,27.18,1514945391209
sensor1_Brightness,0.0,1514945391212
Exit,null,1514945393305
UserCount,7,1514945393305
CorrectedUserCount,7,1514945393319
MoveFocus,GoTour,1514945394272
SoundCenter0,74.50390383784165,1514945394769
SoundCenter1,69.96271157087035,1514945394770
SoundCenter2,66.95104238181322,1514945394772
SoundWall0,72.52112359401895,1514945394996
SoundWall1,73.11369592128433,1514945395007
SoundWall2,73.18539330515274,1514945395014
sensor0_Temperature,27.07,1514945397923
sensor0_Brightness,82.0,1514945397927
sensor1_Temperature,27.18,1514945397930
sensor1_Brightness,0.0,1514945397933
Exit,null,1514945399300
UserCount,6,1514945399300
CorrectedUserCount,6,1514945399332
SoundC,68.0998289029382,1514945399724
Present,102,1514945399727
Exit,null,1514945400460
UserCount,5,1514945400464
CorrectedUserCount,5,1514945400468
Exit,null,1514945402486
UserCount,4,1514945402486
CorrectedUserCount,4,1514945402493
Exit,null,1514945403810
UserCount,3,1514945403811
CorrectedUserCount,3,1514945403817
Exit,null,1514945403852
UserCount,2,1514945403853
CorrectedUserCount,2,1514945403862
sensor0_Temperature,27.07,1514945404320
sensor0_Brightness,82.0,1514945404323
sensor1_Temperature,27.18,1514945404326
sensor1_Brightness,0.0,1514945404330
TurnOffLightGroup2,null,1514945404621
LightGroup2,Off,1514945404638
SoundCenter0,74.99442383733569,1514945404769
SoundCenter1,71.1686232519158,1514945404770
SoundCenter2,68.37154893038412,1514945404771
SoundWall0,74.23048259861531,1514945404996
SoundWall1,74.67952818488297,1514945405006
SoundWall2,74.83578297262616,1514945405017
Exit,null,1514945405252
UserCount,1,1514945405256
CorrectedUserCount,1,1514945405260
Exit,null,1514945407160
UserCount,0,1514945407160
CorrectedUserCount,0,1514945407172
SoundC,65.24535518573873,1514945409734
Present,136,1514945409743
sensor0_Temperature,27.07,1514945410730
sensor0_Brightness,82.0,1514945410733
sensor1_Temperature,27.18,1514945410736
sensor1_Brightness,0.0,1514945410739
