seat4AOccupied,true,1527220862893
totalSeatCount,1,1527220862893
SoundWindow0,64.74072786813319,1527220863864
SoundWindow1,55.22738359704283,1527220863865
sensor0_Temperature,26.6,1527220864392
sensor0_Humidity,35.36020916510618,1527220864393
sensor0_Brightness,149.0,1527220864393
sensor1_Temperature,24.37,1527220864393
sensor1_Humidity,35.85348868750947,1527220864394
sensor1_Brightness,109.0,1527220864394
SoundCenter0,62.682237175148884,1527220866174
SoundCenter1,55.17132055582859,1527220866177
SoundCenter2,53.36177411948811,1527220866177
SoundWall0,59.32426001871468,1527220866922
SoundWall1,60.86962233646011,1527220866931
SoundWall2,58.256933149720176,1527220866945
TurnOnLightGroup2,null,1527220867394
Color,green,1527220867426
LightGroup2,On,1527220867438
SoundC,76.57687443958919,1527220867479
SoundC,76.57687443958919,1527220867479
Present,84,1527220867483
Present,84,1527220867483
Aircon0Power,Off,1527220867975
Aircon1Power,Off,1527220867978
Aircon0Power,Off,1527220867984
Aircon1Power,Off,1527220867987
Aircon0Power,Off,1527220867992
Aircon1Power,Off,1527220867998
Aircon0Power,Off,1527220868035
Aircon1Power,Off,1527220868039
Aircon0Power,Off,1527220868045
seat3BOccupied,true,1527220868743
totalSeatCount,2,1527220868743
sensor0_Temperature,26.6,1527220870736
sensor0_Humidity,35.36020916510618,1527220870737
sensor0_Brightness,149.0,1527220870737
sensor1_Temperature,24.37,1527220870738
sensor1_Humidity,35.85348868750947,1527220870738
sensor1_Brightness,109.0,1527220870739
tiltAircon1_Pitch,163.13,1527220871269
tiltAircon1_Roll,177.26,1527220871269
SoundWindow0,66.21594119915603,1527220873864
SoundWindow1,55.6365521896296,1527220873935
SoundCenter0,64.52309669479705,1527220876174
SoundCenter1,56.750914376179296,1527220876176
SoundCenter2,54.777337471086426,1527220876177
SoundWall0,60.6162895475323,1527220876922
SoundWall1,62.159334336010986,1527220876931
SoundWall2,59.452056525354365,1527220876945
sensor0_Temperature,26.6,1527220877077
sensor0_Humidity,35.36020916510618,1527220877078
sensor0_Brightness,149.0,1527220877078
sensor1_Temperature,24.37,1527220877079
sensor1_Humidity,35.85348868750947,1527220877080
sensor1_Brightness,109.0,1527220877080
SoundC,78.6610829898935,1527220877487
SoundC,78.6610829898935,1527220877487
Present,88,1527220877491
Present,88,1527220877491
tiltTest_Pitch,-7.82,1527220882269
tiltTest_Roll,12.68,1527220882269
sensor0_Temperature,26.6,1527220883387
sensor0_Humidity,35.36020916510618,1527220883388
sensor0_Brightness,149.0,1527220883389
sensor1_Temperature,24.37,1527220883389
sensor1_Humidity,35.85348868750947,1527220883390
sensor1_Brightness,109.0,1527220883390
SoundWindow0,68.266292172116,1527220883865
SoundWindow1,56.72317131575895,1527220883865
Mtest1,true,1527220884269
SoundCenter0,65.11558597684773,1527220886174
SoundCenter1,58.01830536565027,1527220886176
SoundCenter2,56.70502576779065,1527220886177
SoundWall0,62.01157314677703,1527220886922
SoundWall1,64.09547514364151,1527220886930
SoundWall2,60.80448698497926,1527220886944
SoundC,75.25847282855663,1527220887495
SoundC,75.25847282855663,1527220887495
Present,82,1527220887499
Present,82,1527220887499
Mtest8,true,1527220889283
sensor0_Temperature,26.6,1527220889688
sensor0_Humidity,35.36020916510618,1527220889689
sensor0_Brightness,149.0,1527220889689
sensor1_Temperature,24.37,1527220889690
sensor1_Humidity,35.85348868750947,1527220889690
sensor1_Brightness,109.0,1527220889691
SoundWindow0,68.27881914024155,1527220893865
SoundWindow1,57.14132223102824,1527220893865
sensor0_Temperature,26.6,1527220895978
sensor0_Humidity,35.36020916510618,1527220895979
sensor0_Brightness,149.0,1527220895979
sensor1_Temperature,24.37,1527220895980
sensor1_Humidity,35.85348868750947,1527220895980
sensor1_Brightness,109.0,1527220895980
SoundCenter0,65.29623665797344,1527220896174
SoundCenter1,58.704828828425974,1527220896176
SoundCenter2,58.21958022239803,1527220896177
SoundWall0,63.28529004683125,1527220896922
SoundWall1,65.09543292780144,1527220896930
SoundWall2,62.660424343749234,1527220896944
SoundC,76.25684571588656,1527220897502
SoundC,76.25684571588656,1527220897502
Present,81,1527220897506
Present,81,1527220897506
Aircon1Power,Off,1527220898266
sensor0_Temperature,26.6,1527220902275
sensor0_Humidity,35.36020916510618,1527220902277
sensor0_Brightness,149.0,1527220902279
sensor1_Temperature,24.37,1527220902281
sensor1_Humidity,35.85348868750947,1527220902283
sensor1_Brightness,109.0,1527220902286
SoundWindow0,69.29850085630638,1527220903864
SoundWindow1,58.19852851115343,1527220903865
SoundCenter0,66.15727563481337,1527220906174
SoundCenter1,60.62852959331478,1527220906176
SoundCenter2,60.39544832706218,1527220906177
SoundWall0,65.23086172063276,1527220906922
SoundWall1,66.88096084906098,1527220906931
SoundWall2,64.44219087451305,1527220906944
SoundC,77.50193375604124,1527220907511
SoundC,77.50193375604124,1527220907511
Present,72,1527220907514
Present,72,1527220907514
sensor0_Temperature,26.6,1527220908624
sensor0_Humidity,35.36020916510618,1527220908625
sensor0_Brightness,149.0,1527220908627
sensor1_Temperature,24.37,1527220908627
sensor1_Humidity,35.85348868750947,1527220908628
sensor1_Brightness,109.0,1527220908629
tiltAircon0_Pitch,165.84,1527220913838
tiltAircon0_Roll,-179.88,1527220913838
SoundWindow0,69.49530001514695,1527220913865
SoundWindow1,58.344596053885795,1527220913865
sensor0_Temperature,26.6,1527220914958
sensor0_Humidity,35.36020916510618,1527220914963
sensor0_Brightness,149.0,1527220914964
sensor1_Temperature,24.37,1527220914964
sensor1_Humidity,35.85348868750947,1527220914965
sensor1_Brightness,109.0,1527220914966
seat2AOccupied,false,1527220915838
totalSeatCount,2,1527220915838
SoundCenter0,67.35172034673694,1527220916174
SoundCenter1,61.89664195973807,1527220916176
SoundCenter2,61.706280262793925,1527220916177
SoundWall0,64.72927017790623,1527220916922
SoundWall1,66.65126692730479,1527220916930
SoundWall2,64.93404741123148,1527220916944
SoundC,74.55832985633069,1527220917517
SoundC,74.55832985633069,1527220917517
Present,109,1527220917520
Present,109,1527220917520
Mtest1,false,1527220920838
sensor0_Temperature,26.6,1527220921270
sensor0_Humidity,35.36020916510618,1527220921271
sensor0_Brightness,149.0,1527220921272
sensor1_Temperature,24.25,1527220921274
sensor1_Humidity,35.730168806908644,1527220921275
sensor1_Brightness,106.0,1527220921276
SoundWindow0,68.70835628452174,1527220923865
SoundWindow1,58.040177923495555,1527220923865
Mtest8,false,1527220925838
SoundCenter0,67.9601376878108,1527220926174
SoundCenter1,62.16567804493059,1527220926176
SoundCenter2,61.993405205099606,1527220926177
SoundWall0,64.28446857687136,1527220926922
SoundWall1,67.33970690717427,1527220926931
SoundWall2,66.27040900691391,1527220926945
SoundC,78.9387917919758,1527220927525
SoundC,78.9387917919758,1527220927525
Present,95,1527220927528
Present,95,1527220927528
sensor0_Temperature,26.6,1527220927615
sensor0_Humidity,35.236889284505345,1527220927616
sensor0_Brightness,131.0,1527220927616
sensor1_Temperature,24.25,1527220927617
sensor1_Humidity,35.730168806908644,1527220927617
sensor1_Brightness,106.0,1527220927618
tiltAircon1_Pitch,162.66,1527220931838
tiltAircon1_Roll,-179.82,1527220931838
SoundWindow0,69.0476112514932,1527220933865
SoundWindow1,58.74943837497556,1527220933865
sensor0_Temperature,26.6,1527220933903
sensor0_Humidity,35.236889284505345,1527220933904
sensor0_Brightness,131.0,1527220933904
sensor1_Temperature,24.25,1527220933905
sensor1_Humidity,35.730168806908644,1527220933905
sensor1_Brightness,106.0,1527220933906
SoundCenter0,68.03631588385443,1527220936174
SoundCenter1,62.33777151130061,1527220936176
SoundCenter2,62.318277528593605,1527220936177
SoundWall0,64.12386255512124,1527220936922
SoundWall1,67.88756675262181,1527220936931
SoundWall2,66.45201883270848,1527220936937
SoundC,77.79930435088828,1527220937533
SoundC,77.79930435088828,1527220937533
Present,84,1527220937537
Present,84,1527220937537
sensor0_Temperature,26.6,1527220940196
sensor0_Humidity,35.236889284505345,1527220940197
sensor0_Brightness,131.0,1527220940197
sensor1_Temperature,24.25,1527220940198
sensor1_Humidity,35.730168806908644,1527220940198
sensor1_Brightness,106.0,1527220940199
seat1BOccupied,false,1527220940838
totalSeatCount,2,1527220940838
tiltTest_Pitch,-7.69,1527220942838
tiltTest_Roll,13.12,1527220942838
SoundWindow0,67.6715235583247,1527220943865
SoundWindow1,58.07197511625306,1527220943865
SoundCenter0,67.4035161669303,1527220946174
SoundCenter1,61.39628659236559,1527220946176
SoundCenter2,61.24775839269743,1527220946177
sensor0_Temperature,26.6,1527220946498
sensor0_Humidity,35.236889284505345,1527220946499
sensor0_Brightness,131.0,1527220946500
sensor1_Temperature,24.25,1527220946501
sensor1_Humidity,35.730168806908644,1527220946501
sensor1_Brightness,106.0,1527220946502
SoundWall0,63.11833041866915,1527220946922
SoundWall1,67.47473082525282,1527220946932
SoundWall2,65.86726016458836,1527220946943
SoundC,74.19700410241327,1527220947541
SoundC,74.19700410241327,1527220947541
Present,91,1527220947545
Present,91,1527220947545
Mtest1,true,1527220949838
InferredPresence,false,1527220950915
InferredPresence,true,1527220950932
sensor0_Temperature,26.6,1527220952799
sensor0_Humidity,35.236889284505345,1527220952800
sensor0_Brightness,131.0,1527220952800
sensor1_Temperature,24.25,1527220952801
sensor1_Humidity,35.730168806908644,1527220952801
sensor1_Brightness,106.0,1527220952801
SoundWindow0,67.2506889300859,1527220953865
SoundWindow1,57.97688238098617,1527220953865
SoundCenter0,67.01440039364049,1527220956174
SoundCenter1,61.2946583624152,1527220956176
SoundCenter2,60.68186422250083,1527220956177
SoundWall0,62.51601515119828,1527220956922
SoundWall1,67.49714273310052,1527220956931
SoundWall2,65.43753541739576,1527220956945
SoundC,77.79930435088828,1527220957549
SoundC,77.79930435088828,1527220957549
Present,95,1527220957551
Present,95,1527220957551
sensor0_Temperature,26.6,1527220959090
sensor0_Humidity,35.236889284505345,1527220959107
sensor0_Brightness,131.0,1527220959170
sensor1_Temperature,24.25,1527220959170
sensor1_Humidity,35.730168806908644,1527220959171
sensor1_Brightness,106.0,1527220959172
SoundWindow0,65.1109703147876,1527220963865
SoundWindow1,56.87142011438689,1527220963865
Aircon0Power,Off,1527220963906
Aircon1Power,Off,1527220963917
sensor0_Temperature,26.6,1527220965469
sensor0_Humidity,35.236889284505345,1527220965470
sensor0_Brightness,131.0,1527220965471
sensor1_Temperature,24.25,1527220965471
sensor1_Humidity,35.730168806908644,1527220965471
sensor1_Brightness,106.0,1527220965472
seat6AOccupied,false,1527220966071
totalSeatCount,2,1527220966071
SoundCenter0,66.35257693931013,1527220966174
SoundCenter1,60.08200831348686,1527220966176
SoundCenter2,59.4670628759268,1527220966177
SoundWall0,61.00933468965192,1527220966922
SoundWall1,66.25269973463078,1527220966931
SoundWall2,64.21666316193604,1527220966944
SoundC,74.19700410241327,1527220967558
SoundC,74.19700410241327,1527220967558
Present,92,1527220967561
Present,92,1527220967561
sensor0_Temperature,26.6,1527220971779
sensor0_Humidity,35.236889284505345,1527220971780
sensor0_Brightness,131.0,1527220971780
sensor1_Temperature,24.25,1527220971781
sensor1_Humidity,35.730168806908644,1527220971781
sensor1_Brightness,106.0,1527220971783
tiltAircon0_Pitch,163.01,1527220973071
tiltAircon0_Roll,177.26,1527220973071
SoundWindow0,64.63411492820978,1527220973864
SoundWindow1,56.89383484639935,1527220973865
SoundCenter0,66.61619230810939,1527220976174
SoundCenter1,60.99074973561173,1527220976176
SoundCenter2,60.0635066075746,1527220976182
SoundWall0,62.23760621477148,1527220976922
SoundWall1,67.37399513478292,1527220976930
SoundWall2,65.10821815824518,1527220976945
SoundC,76.89092096632638,1527220977563
SoundC,76.89092096632638,1527220977563
Present,90,1527220977565
Present,90,1527220977565
sensor0_Temperature,26.6,1527220978087
sensor0_Humidity,35.236889284505345,1527220978087
sensor0_Brightness,131.0,1527220978088
sensor1_Temperature,24.25,1527220978088
sensor1_Humidity,35.730168806908644,1527220978088
sensor1_Brightness,106.0,1527220978088
Mtest1,true,1527220980071
SoundWindow0,65.89470082995112,1527220983865
SoundWindow1,57.422048755452494,1527220983865
sensor0_Temperature,26.6,1527220984493
sensor0_Humidity,35.236889284505345,1527220984493
sensor0_Brightness,131.0,1527220984494
sensor1_Temperature,24.25,1527220984494
sensor1_Humidity,35.730168806908644,1527220984494
sensor1_Brightness,106.0,1527220984495
SoundCenter0,66.94438711794928,1527220986174
SoundCenter1,61.974023341012774,1527220986177
SoundCenter2,61.11096295255611,1527220986178
SoundWall0,63.58987460796482,1527220986922
SoundWall1,67.82201545090155,1527220986930
SoundWall2,65.93637162269265,1527220986952
SoundC,75.25847282855663,1527220987567
SoundC,75.25847282855663,1527220987567
Present,77,1527220987570
Present,77,1527220987570
sensor0_Temperature,26.6,1527220990792
sensor0_Humidity,35.236889284505345,1527220990793
sensor0_Brightness,127.0,1527220990793
sensor1_Temperature,24.25,1527220990793
sensor1_Humidity,35.730168806908644,1527220990794
sensor1_Brightness,109.0,1527220990794
tiltAircon1_Pitch,162.88,1527220993111
tiltAircon1_Roll,179.88,1527220993111
SoundWindow0,66.00310943010312,1527220993868
SoundWindow1,57.48144714009257,1527220993870
Aircon0Power,Off,1527220994318
SoundCenter0,66.70421637736106,1527220996174
SoundCenter1,61.75385092281911,1527220996176
SoundCenter2,60.52869160766017,1527220996178
SoundWall0,63.50435256698677,1527220996922
SoundWall1,67.6714532318616,1527220996931
SoundWall2,66.48939416809898,1527220996945
sensor0_Temperature,26.6,1527220997094
sensor0_Humidity,35.236889284505345,1527220997094
sensor0_Brightness,127.0,1527220997095
sensor1_Temperature,24.25,1527220997095
sensor1_Humidity,35.730168806908644,1527220997095
sensor1_Brightness,109.0,1527220997096
SoundC,74.19700410241327,1527220997571
SoundC,74.19700410241327,1527220997571
Present,90,1527220997574
Present,90,1527220997574
tiltTest_Pitch,-7.58,1527221002111
tiltTest_Roll,12.75,1527221002111
sensor0_Temperature,26.6,1527221003452
sensor0_Humidity,35.236889284505345,1527221003453
sensor0_Brightness,127.0,1527221003453
sensor1_Temperature,24.25,1527221003453
sensor1_Humidity,35.730168806908644,1527221003454
sensor1_Brightness,109.0,1527221003454
SoundWindow0,67.27770875171919,1527221003865
SoundWindow1,58.10782906886072,1527221003865
SoundCenter0,67.70040830115647,1527221006174
SoundCenter1,63.61229476190593,1527221006176
SoundCenter2,62.29069428999449,1527221006177
SoundWall0,65.55836833573777,1527221006922
SoundWall1,68.7050810540461,1527221006931
SoundWall2,67.64771213930791,1527221006944
SoundC,76.89092096632638,1527221007576
SoundC,76.89092096632638,1527221007576
Present,84,1527221007578
Present,84,1527221007578
sensor0_Temperature,26.6,1527221009745
sensor0_Humidity,35.236889284505345,1527221009745
sensor0_Brightness,127.0,1527221009746
sensor1_Temperature,24.25,1527221009746
sensor1_Humidity,35.730168806908644,1527221009746
sensor1_Brightness,109.0,1527221009747
SoundWindow0,69.09664886295788,1527221013865
SoundWindow1,58.51846388228728,1527221013865
sensor0_Temperature,26.6,1527221016068
sensor0_Humidity,35.236889284505345,1527221016069
sensor0_Brightness,127.0,1527221016070
sensor1_Temperature,24.25,1527221016071
sensor1_Humidity,35.730168806908644,1527221016071
sensor1_Brightness,109.0,1527221016072
Mtest1,false,1527221016111
SoundCenter0,67.73398700163644,1527221016174
SoundCenter1,63.856061204274596,1527221016177
SoundCenter2,62.89221264131057,1527221016178
SoundWall0,66.32410474237783,1527221016922
SoundWall1,68.84782273116124,1527221016931
SoundWall2,67.65895717693702,1527221016942
SoundC,74.91204818426347,1527221017584
SoundC,74.91204818426347,1527221017584
Present,89,1527221017586
Present,89,1527221017586
sensor0_Temperature,26.6,1527221022416
sensor0_Humidity,35.236889284505345,1527221022416
sensor0_Brightness,127.0,1527221022417
sensor1_Temperature,24.25,1527221022417
sensor1_Humidity,35.730168806908644,1527221022418
sensor1_Brightness,109.0,1527221022418
SoundWindow0,69.17818169350964,1527221023865
SoundWindow1,58.41179659537832,1527221023865
SoundCenter0,67.32143311329568,1527221026174
SoundCenter1,63.19150242518993,1527221026177
SoundCenter2,62.880189628774495,1527221026178
SoundWall0,66.36156576838901,1527221026922
SoundWall1,68.19766012792245,1527221026931
SoundWall2,67.24601197630905,1527221026948
SoundC,78.9387917919758,1527221027591
SoundC,78.9387917919758,1527221027591
Present,89,1527221027594
Present,89,1527221027594
sensor0_Temperature,26.6,1527221028780
sensor0_Humidity,35.236889284505345,1527221028783
sensor0_Brightness,127.0,1527221028784
sensor1_Temperature,24.25,1527221028784
sensor1_Humidity,35.730168806908644,1527221028785
sensor1_Brightness,109.0,1527221028785
tiltAircon0_Pitch,163.13,1527221033111
tiltAircon0_Roll,179.94,1527221033111
SoundWindow0,70.55074686167283,1527221033865
SoundWindow1,59.408023209178275,1527221033865
sensor0_Temperature,26.6,1527221035095
sensor0_Humidity,35.236889284505345,1527221035096
sensor0_Brightness,127.0,1527221035097
sensor1_Temperature,24.25,1527221035097
sensor1_Humidity,35.730168806908644,1527221035097
sensor1_Brightness,109.0,1527221035098
SoundCenter0,67.91270009514349,1527221036174
SoundCenter1,63.434501630723844,1527221036176
SoundCenter2,63.55481264162624,1527221036177
SoundWall0,67.4071135987403,1527221036922
SoundWall1,69.09988300646212,1527221036930
SoundWall2,68.19698918916554,1527221036946
SoundC,74.55832985633069,1527221037600
SoundC,74.55832985633069,1527221037600
Present,92,1527221037603
Present,92,1527221037603
sensor0_Temperature,26.6,1527221041393
sensor0_Humidity,35.236889284505345,1527221041394
sensor0_Brightness,127.0,1527221041394
sensor1_Temperature,24.25,1527221041395
sensor1_Humidity,35.730168806908644,1527221041395
sensor1_Brightness,109.0,1527221041396
SoundWindow0,70.80905352088027,1527221043865
SoundWindow1,59.56282187368198,1527221043865
SoundCenter0,68.49600085087648,1527221046174
SoundCenter1,63.33035718648934,1527221046177
SoundCenter2,63.28848032499455,1527221046178
SoundWall0,66.8318107757813,1527221046922
SoundWall1,68.80826005034565,1527221046931
SoundWall2,67.83718478604382,1527221046942
SoundC,78.09150302019039,1527221047608
SoundC,78.09150302019039,1527221047608
Present,88,1527221047611
Present,88,1527221047611
sensor0_Temperature,26.6,1527221047699
sensor0_Humidity,35.236889284505345,1527221047700
sensor0_Brightness,127.0,1527221047700
sensor1_Temperature,24.25,1527221047701
sensor1_Humidity,35.730168806908644,1527221047702
sensor1_Brightness,109.0,1527221047702
SoundWindow0,70.41470989822612,1527221053865
SoundWindow1,59.194544256027676,1527221053865
sensor0_Temperature,26.6,1527221054029
sensor0_Humidity,35.236889284505345,1527221054030
sensor0_Brightness,123.0,1527221054030
sensor1_Temperature,24.25,1527221054030
sensor1_Humidity,35.85348868750947,1527221054031
sensor1_Brightness,114.0,1527221054031
tiltAircon1_Pitch,162.8,1527221054111
tiltAircon1_Roll,177.14,1527221054111
SoundCenter0,67.80308568020304,1527221056174
SoundCenter1,62.662331352895855,1527221056176
SoundCenter2,62.842954093404366,1527221056177
SoundWall0,66.41003952779512,1527221056922
SoundWall1,68.13946542767557,1527221056931
SoundWall2,66.58477488339878,1527221056942
SoundC,74.55832985633069,1527221057616
SoundC,74.55832985633069,1527221057616
Present,107,1527221057620
Present,107,1527221057620
sensor0_Temperature,26.6,1527221060338
sensor0_Humidity,35.236889284505345,1527221060339
sensor0_Brightness,123.0,1527221060339
sensor1_Temperature,24.25,1527221060340
sensor1_Humidity,35.85348868750947,1527221060341
sensor1_Brightness,114.0,1527221060342
tiltTest_Pitch,-10.24,1527221063111
tiltTest_Roll,12.67,1527221063111
SoundWindow0,69.44174286817261,1527221063865
SoundWindow1,58.22577834229609,1527221063865
SoundCenter0,66.10502287729732,1527221066174
SoundCenter1,60.781413544835445,1527221066177
SoundCenter2,60.97275386010862,1527221066177
sensor0_Temperature,26.6,1527221066647
sensor0_Humidity,35.236889284505345,1527221066647
sensor0_Brightness,123.0,1527221066647
sensor1_Temperature,24.25,1527221066648
sensor1_Humidity,35.85348868750947,1527221066648
sensor1_Brightness,114.0,1527221066648
SoundWall0,64.28713013200306,1527221066922
SoundWall1,66.49913793931256,1527221066931
SoundWall2,64.74134023985245,1527221066942
SoundC,75.59789851419828,1527221067624
SoundC,75.59789851419828,1527221067624
Present,98,1527221067627
Present,98,1527221067627
sensor0_Temperature,26.6,1527221072932
sensor0_Humidity,35.236889284505345,1527221072932
sensor0_Brightness,123.0,1527221072933
sensor1_Temperature,24.25,1527221072933
sensor1_Humidity,35.85348868750947,1527221072933
sensor1_Brightness,114.0,1527221072933
SoundWindow0,69.54871938885645,1527221073865
SoundWindow1,58.36553800172484,1527221073865
SoundCenter0,66.34223217336978,1527221076174
SoundCenter1,61.179726329949474,1527221076177
SoundCenter2,60.94055697219276,1527221076178
SoundWall0,65.04618073518705,1527221076922
SoundWall1,67.10495129447892,1527221076931
SoundWall2,65.48854400735713,1527221076942
SoundC,78.9387917919758,1527221077632
SoundC,78.9387917919758,1527221077632
Present,88,1527221077635
Present,88,1527221077635
sensor0_Temperature,26.6,1527221079242
sensor0_Humidity,35.236889284505345,1527221079243
sensor0_Brightness,123.0,1527221079243
sensor1_Temperature,24.25,1527221079243
sensor1_Humidity,35.85348868750947,1527221079244
sensor1_Brightness,114.0,1527221079244
SoundWindow0,71.9886282453487,1527221083865
SoundWindow1,59.50400387046487,1527221083865
sensor0_Temperature,26.6,1527221085535
sensor0_Humidity,35.236889284505345,1527221085536
sensor0_Brightness,123.0,1527221085537
sensor1_Temperature,24.25,1527221085538
sensor1_Humidity,35.85348868750947,1527221085538
sensor1_Brightness,114.0,1527221085539
SoundCenter0,67.66938650704049,1527221086174
SoundCenter1,64.13577596985787,1527221086177
SoundCenter2,63.00254636031148,1527221086178
SoundWall0,67.52594350523393,1527221086922
SoundWall1,69.90937182834061,1527221086931
SoundWall2,68.42229670132649,1527221086942
SoundC,79.74539468352583,1527221087639
SoundC,79.74539468352583,1527221087639
Present,92,1527221087644
Present,92,1527221087644
sensor0_Temperature,26.6,1527221091853
sensor0_Humidity,35.236889284505345,1527221091853
sensor0_Brightness,123.0,1527221091854
sensor1_Temperature,24.25,1527221091855
sensor1_Humidity,35.85348868750947,1527221091856
sensor1_Brightness,114.0,1527221091856
SoundWindow0,72.5464505612577,1527221093865
SoundWindow1,60.074293448954094,1527221093865
tiltAircon0_Pitch,163.08,1527221096112
tiltAircon0_Roll,179.94,1527221096112
SoundCenter0,67.16742115012093,1527221096174
SoundCenter1,63.81815528410009,1527221096176
SoundCenter2,62.41518961529123,1527221096176
SoundWall0,67.96395396805248,1527221096922
SoundWall1,70.10071620429997,1527221096931
SoundWall2,67.91607066294294,1527221096942
SoundC,73.82773649063114,1527221097647
SoundC,73.82773649063114,1527221097647
Present,82,1527221097651
Present,82,1527221097651
sensor0_Temperature,26.6,1527221098170
sensor0_Humidity,35.236889284505345,1527221098171
sensor0_Brightness,123.0,1527221098171
sensor1_Temperature,24.25,1527221098172
sensor1_Humidity,35.85348868750947,1527221098172
sensor1_Brightness,114.0,1527221098172
SoundWindow0,71.93423169734639,1527221103865
SoundWindow1,60.459276234255086,1527221103865
sensor0_Temperature,26.6,1527221104463
sensor0_Humidity,35.236889284505345,1527221104464
sensor0_Brightness,123.0,1527221104464
sensor1_Temperature,24.25,1527221104465
sensor1_Humidity,35.85348868750947,1527221104465
sensor1_Brightness,114.0,1527221104466
seat6BOccupied,false,1527221105112
totalSeatCount,2,1527221105112
SoundCenter0,66.64439040494453,1527221106174
SoundCenter1,63.77332614905132,1527221106177
SoundCenter2,62.3193461378643,1527221106178
SoundWall0,67.98246558725029,1527221106922
SoundWall1,70.15114989953608,1527221106931
SoundWall2,67.6223034084304,1527221106942
SoundC,82.41011779552353,1527221107653
SoundC,82.41011779552353,1527221107653
Present,93,1527221107656
Present,93,1527221107656
sensor0_Temperature,26.6,1527221110762
sensor0_Humidity,35.236889284505345,1527221110763
sensor0_Brightness,123.0,1527221110763
sensor1_Temperature,24.25,1527221110764
sensor1_Humidity,35.85348868750947,1527221110764
sensor1_Brightness,114.0,1527221110765
SoundWindow0,71.50815381621665,1527221113865
SoundWindow1,60.29838758015382,1527221113865
tiltAircon1_Pitch,162.69,1527221114112
tiltAircon1_Roll,177.26,1527221114112
SoundCenter0,67.27581470794435,1527221116174
SoundCenter1,64.62401403257395,1527221116176
SoundCenter2,63.01829376920793,1527221116177
SoundWall0,67.9694117792937,1527221116922
SoundWall1,70.22270902320257,1527221116931
SoundWall2,68.46624973106371,1527221116942
sensor0_Temperature,26.6,1527221117117
sensor0_Humidity,35.236889284505345,1527221117117
sensor0_Brightness,145.0,1527221117118
sensor1_Temperature,24.25,1527221117118
sensor1_Humidity,35.85348868750947,1527221117118
sensor1_Brightness,117.0,1527221117119
SoundC,74.91204818426347,1527221117661
SoundC,74.91204818426347,1527221117661
Present,88,1527221117664
Present,88,1527221117664
tiltTest_Pitch,-7.66,1527221123112
tiltTest_Roll,12.88,1527221123112
sensor0_Temperature,26.6,1527221123418
sensor0_Humidity,35.236889284505345,1527221123418
sensor0_Brightness,145.0,1527221123419
sensor1_Temperature,24.25,1527221123419
sensor1_Humidity,35.85348868750947,1527221123419
sensor1_Brightness,117.0,1527221123419
SoundWindow0,71.48840208990916,1527221123865
SoundWindow1,60.43299882133046,1527221123865
SoundCenter0,67.48748907240461,1527221126174
SoundCenter1,64.57316796473484,1527221126176
SoundCenter2,63.4325972340926,1527221126177
SoundWall0,68.42264309439861,1527221126922
SoundWall1,69.97320958907196,1527221126931
SoundWall2,68.14832759259947,1527221126942
SoundC,79.48080653810413,1527221127668
SoundC,79.48080653810413,1527221127668
Present,95,1527221127670
Present,95,1527221127670
sensor0_Temperature,26.6,1527221129725
sensor0_Humidity,35.236889284505345,1527221129725
sensor0_Brightness,145.0,1527221129726
sensor1_Temperature,24.25,1527221129726
sensor1_Humidity,35.85348868750947,1527221129727
sensor1_Brightness,117.0,1527221129727
SoundWindow0,72.03526667152168,1527221133865
SoundWindow1,60.929131167475475,1527221133865
sensor0_Temperature,26.6,1527221136045
sensor0_Humidity,35.236889284505345,1527221136045
sensor0_Brightness,145.0,1527221136046
sensor1_Temperature,24.25,1527221136047
sensor1_Humidity,35.85348868750947,1527221136047
sensor1_Brightness,117.0,1527221136047
SoundCenter0,68.07210142318384,1527221136174
SoundCenter1,65.48914665317093,1527221136176
SoundCenter2,64.37451984684655,1527221136177
SoundWall0,68.74751484739222,1527221136922
SoundWall1,70.37957243306417,1527221136931
SoundWall2,68.40062013256033,1527221136942
SoundC,78.9387917919758,1527221137675
SoundC,78.9387917919758,1527221137675
Present,86,1527221137679
Present,86,1527221137679
sensor0_Temperature,26.6,1527221142334
sensor0_Humidity,35.236889284505345,1527221142335
sensor0_Brightness,145.0,1527221142335
sensor1_Temperature,24.25,1527221142336
sensor1_Humidity,35.85348868750947,1527221142336
sensor1_Brightness,117.0,1527221142337
SoundWindow0,72.01733323952699,1527221143865
SoundWindow1,61.146827456641155,1527221143866
SoundCenter0,68.07763446667313,1527221146174
SoundCenter1,65.10422627622258,1527221146176
SoundCenter2,64.54870680820747,1527221146177
SoundWall0,68.44610015811237,1527221146922
SoundWall1,70.22190923764154,1527221146931
SoundWall2,67.85611018844104,1527221146942
SoundC,75.59789851419828,1527221147683
SoundC,75.59789851419828,1527221147683
Present,88,1527221147687
Present,88,1527221147687
sensor0_Temperature,26.6,1527221148657
sensor0_Humidity,35.236889284505345,1527221148658
sensor0_Brightness,145.0,1527221148659
sensor1_Temperature,24.25,1527221148659
sensor1_Humidity,35.85348868750947,1527221148660
sensor1_Brightness,117.0,1527221148660
SoundWindow0,70.32235420623577,1527221153865
SoundWindow1,59.28018545403997,1527221153865
sensor0_Temperature,26.6,1527221155019
sensor0_Humidity,35.236889284505345,1527221155019
sensor0_Brightness,145.0,1527221155020
sensor1_Temperature,24.25,1527221155020
sensor1_Humidity,35.85348868750947,1527221155020
sensor1_Brightness,117.0,1527221155020
SoundCenter0,67.38122949746328,1527221156174
SoundCenter1,63.64745982697637,1527221156176
SoundCenter2,63.065137370897915,1527221156176
SoundWall0,66.35305005908658,1527221156922
SoundWall1,68.25397412491014,1527221156931
SoundWall2,66.5535986189552,1527221156942
tiltAircon0_Pitch,163.16,1527221157112
tiltAircon0_Roll,179.88,1527221157112
SoundC,74.19700410241327,1527221157691
SoundC,74.19700410241327,1527221157691
Present,113,1527221157695
Present,113,1527221157695
sensor0_Temperature,26.6,1527221161364
sensor0_Humidity,35.236889284505345,1527221161365
sensor0_Brightness,145.0,1527221161365
sensor1_Temperature,24.25,1527221161367
sensor1_Humidity,35.85348868750947,1527221161367
sensor1_Brightness,117.0,1527221161367
SoundWindow0,69.51019371307387,1527221163865
SoundWindow1,58.38696370429438,1527221163865
SoundCenter0,67.80679159534455,1527221166174
SoundCenter1,63.58454840710484,1527221166176
SoundCenter2,63.4427139899905,1527221166177
SoundWall0,65.83038448714373,1527221166922
SoundWall1,67.5660045012809,1527221166931
SoundWall2,65.46456896317862,1527221166942
sensor0_Temperature,26.6,1527221167655
sensor0_Humidity,35.236889284505345,1527221167655
sensor0_Brightness,145.0,1527221167658
sensor1_Temperature,24.25,1527221167659
sensor1_Humidity,35.85348868750947,1527221167659
sensor1_Brightness,117.0,1527221167660
SoundC,78.9387917919758,1527221167699
SoundC,78.9387917919758,1527221167699
Present,90,1527221167703
Present,90,1527221167703
SoundWindow0,69.72067341430521,1527221173865
SoundWindow1,58.53869188654556,1527221173865
sensor0_Temperature,26.6,1527221173982
sensor0_Humidity,35.236889284505345,1527221173983
sensor0_Brightness,145.0,1527221173984
sensor1_Temperature,24.25,1527221173985
sensor1_Humidity,35.85348868750947,1527221173986
sensor1_Brightness,117.0,1527221173987
tiltAircon1_Pitch,162.77,1527221175112
tiltAircon1_Roll,179.88,1527221175112
SoundCenter0,67.48565276317895,1527221176174
SoundCenter1,63.55580757649947,1527221176176
SoundCenter2,63.53270351278133,1527221176179
SoundWall0,64.90934483147876,1527221176922
SoundWall1,66.64763875640168,1527221176930
SoundWall2,63.50118216556914,1527221176944
SoundC,74.19700410241327,1527221177707
SoundC,74.19700410241327,1527221177707
Present,92,1527221177710
Present,92,1527221177710
sensor0_Temperature,26.6,1527221180274
sensor0_Humidity,35.236889284505345,1527221180274
sensor0_Brightness,135.0,1527221180275
sensor1_Temperature,24.37,1527221180275
sensor1_Humidity,35.97680856811029,1527221180275
sensor1_Brightness,122.0,1527221180275
tiltTest_Pitch,-7.66,1527221183112
tiltTest_Roll,12.88,1527221183112
SoundWindow0,70.60518274955803,1527221183865
SoundWindow1,59.489919683354195,1527221183865
SoundCenter0,68.51773106722781,1527221186174
SoundCenter1,64.45667011520344,1527221186176
SoundCenter2,64.14020751569544,1527221186178
sensor0_Temperature,26.6,1527221186574
sensor0_Humidity,35.236889284505345,1527221186575
sensor0_Brightness,135.0,1527221186575
sensor1_Temperature,24.37,1527221186575
sensor1_Humidity,35.97680856811029,1527221186576
sensor1_Brightness,122.0,1527221186576
SoundWall0,66.02352315290567,1527221186922
SoundWall1,67.93505049632532,1527221186930
SoundWall2,64.84530942024077,1527221186951
SoundC,76.89092096632638,1527221187713
SoundC,76.89092096632638,1527221187713
Present,90,1527221187716
Present,90,1527221187716
sensor0_Temperature,26.6,1527221192870
sensor0_Humidity,35.236889284505345,1527221192871
sensor0_Brightness,135.0,1527221192871
sensor1_Temperature,24.37,1527221192871
sensor1_Humidity,35.97680856811029,1527221192873
sensor1_Brightness,122.0,1527221192873
SoundWindow0,69.15882672314365,1527221193865
SoundWindow1,58.630305090088804,1527221193865
SoundCenter0,67.88712393528965,1527221196174
SoundCenter1,63.2930127127481,1527221196176
SoundCenter2,63.20262837176896,1527221196178
SoundWall0,64.87185043353058,1527221196922
SoundWall1,67.02532834949143,1527221196931
SoundWall2,64.15627336076741,1527221196946
SoundC,75.93060245540138,1527221197721
SoundC,75.93060245540138,1527221197721
Present,79,1527221197723
Present,79,1527221197723
sensor0_Temperature,26.6,1527221199162
sensor0_Humidity,35.236889284505345,1527221199163
sensor0_Brightness,135.0,1527221199163
sensor1_Temperature,24.37,1527221199164
sensor1_Humidity,35.97680856811029,1527221199164
sensor1_Brightness,122.0,1527221199165
SoundWindow0,68.2435407294913,1527221203865
SoundWindow1,57.62502249406134,1527221203865
sensor0_Temperature,26.6,1527221205459
sensor0_Humidity,35.236889284505345,1527221205459
sensor0_Brightness,135.0,1527221205460
sensor1_Temperature,24.37,1527221205460
sensor1_Humidity,35.97680856811029,1527221205461
sensor1_Brightness,122.0,1527221205461
SoundCenter0,65.98547169821315,1527221206174
SoundCenter1,61.014399381967635,1527221206176
SoundCenter2,60.86861133042831,1527221206178
SoundWall0,63.250179310045425,1527221206922
SoundWall1,65.54340090945169,1527221206930
SoundWall2,62.80807207874582,1527221206944
SoundC,75.59789851419828,1527221207728
SoundC,75.59789851419828,1527221207728
Present,78,1527221207731
Present,78,1527221207731
sensor0_Temperature,26.6,1527221211744
sensor0_Humidity,35.236889284505345,1527221211745
sensor0_Brightness,135.0,1527221211745
sensor1_Temperature,24.37,1527221211745
sensor1_Humidity,35.97680856811029,1527221211746
sensor1_Brightness,122.0,1527221211746
SoundWindow0,68.3859275736726,1527221213864
SoundWindow1,58.232558348319294,1527221214418
SoundCenter0,65.90791993773219,1527221216174
SoundCenter1,61.954933293378936,1527221216176
SoundCenter2,61.8827894114675,1527221216177
SoundWall0,64.42579505650009,1527221216922
SoundWall1,66.81748714293941,1527221216930
SoundWall2,64.16868015321823,1527221216944
tiltAircon0_Pitch,165.84,1527221217112
tiltAircon0_Roll,179.76,1527221217112
SoundC,79.74539468352583,1527221217735
SoundC,79.74539468352583,1527221217735
Present,100,1527221217738
Present,100,1527221217738
sensor0_Temperature,26.6,1527221218050
sensor0_Humidity,35.236889284505345,1527221218051
sensor0_Brightness,135.0,1527221218051
sensor1_Temperature,24.37,1527221218052
sensor1_Humidity,35.97680856811029,1527221218053
sensor1_Brightness,122.0,1527221218053
SoundWindow0,70.2229938115533,1527221223865
SoundWindow1,58.90541867636719,1527221223865
sensor0_Temperature,26.6,1527221224342
sensor0_Humidity,35.236889284505345,1527221224343
sensor0_Brightness,135.0,1527221224343
sensor1_Temperature,24.37,1527221224344
sensor1_Humidity,35.97680856811029,1527221224344
sensor1_Brightness,122.0,1527221224344
SoundCenter0,65.9055715899458,1527221226174
SoundCenter1,62.61535033740691,1527221226176
SoundCenter2,62.351404217168714,1527221226177
SoundWall0,65.46268284514021,1527221226922
SoundWall1,68.34613831790317,1527221226930
SoundWall2,66.12097880458255,1527221226944
SoundC,75.25847282855663,1527221227740
SoundC,75.25847282855663,1527221227740
Present,92,1527221227744
Present,92,1527221227744
sensor0_Temperature,26.6,1527221230635
sensor0_Humidity,35.236889284505345,1527221230635
sensor0_Brightness,135.0,1527221230636
sensor1_Temperature,24.37,1527221230636
sensor1_Humidity,35.97680856811029,1527221230637
sensor1_Brightness,122.0,1527221230637
SoundWindow0,70.0142391495675,1527221233865
SoundWindow1,58.741290171825746,1527221233865
tiltAircon1_Pitch,162.55,1527221235112
tiltAircon1_Roll,177.26,1527221235112
SoundCenter0,66.26412661608148,1527221236174
SoundCenter1,62.208339745694325,1527221236177
SoundCenter2,62.05496049396505,1527221236178
SoundWall0,66.17062783107444,1527221236922
SoundWall1,69.10099355226674,1527221236930
sensor0_Temperature,26.6,1527221236936
sensor0_Humidity,35.236889284505345,1527221236937
sensor0_Brightness,135.0,1527221236938
sensor1_Temperature,24.37,1527221236938
sensor1_Humidity,35.97680856811029,1527221236939
sensor1_Brightness,122.0,1527221236939
SoundWall2,67.66578274244151,1527221236944
SoundC,74.91204818426347,1527221237748
SoundC,74.91204818426347,1527221237748
Present,87,1527221237752
Present,87,1527221237752
tiltTest_Pitch,-7.64,1527221243112
tiltTest_Roll,12.65,1527221243112
sensor0_Temperature,26.6,1527221243228
sensor0_Humidity,35.236889284505345,1527221243228
sensor0_Brightness,124.0,1527221243229
sensor1_Temperature,24.25,1527221243229
sensor1_Humidity,35.97680856811029,1527221243229
sensor1_Brightness,109.0,1527221243230
SoundWindow0,68.44374120916494,1527221243865
SoundWindow1,57.37669964792811,1527221243865
SoundCenter0,64.90638661634567,1527221246174
SoundCenter1,60.46399635433213,1527221246176
SoundCenter2,60.13686658125027,1527221246177
SoundWall0,63.88062987809628,1527221246922
SoundWall1,67.09288206060468,1527221246930
SoundWall2,66.45643995975026,1527221246944
SoundC,74.91204818426347,1527221247756
SoundC,74.91204818426347,1527221247756
Present,92,1527221247760
Present,92,1527221247760
sensor0_Temperature,26.6,1527221249516
sensor0_Humidity,35.236889284505345,1527221249517
sensor0_Brightness,124.0,1527221249517
sensor1_Temperature,24.25,1527221249518
sensor1_Humidity,35.97680856811029,1527221249519
sensor1_Brightness,109.0,1527221249519
SoundWindow0,68.60647348804687,1527221253865
SoundWindow1,56.977356252835285,1527221253865
sensor0_Temperature,26.6,1527221255819
sensor0_Humidity,35.236889284505345,1527221255819
sensor0_Brightness,124.0,1527221255820
sensor1_Temperature,24.25,1527221255820
sensor1_Humidity,35.97680856811029,1527221255820
sensor1_Brightness,109.0,1527221255821
SoundCenter0,63.956716520961415,1527221256174
SoundCenter1,59.802838909791,1527221256176
SoundCenter2,59.33083024576681,1527221256177
SoundWall0,63.500570783752785,1527221256922
SoundWall1,66.86875685209222,1527221256930
SoundWall2,66.0855913142062,1527221256944
SoundC,75.59789851419828,1527221257763
SoundC,75.59789851419828,1527221257763
Present,79,1527221257767
Present,79,1527221257767
SoundWindow0,68.3175361020253,1527221263865
SoundWindow1,57.38146533784387,1527221263865
SoundCenter0,65.54416943671214,1527221266174
SoundCenter1,61.123941857611484,1527221266176
SoundCenter2,60.688447313520264,1527221266177
SoundWall0,63.841402893817374,1527221266922
SoundWall1,67.27465120512915,1527221266931
SoundWall2,66.41530018670791,1527221266944
SoundC,73.45017003946069,1527221267771
SoundC,73.45017003946069,1527221267771
Present,89,1527221267774
Present,89,1527221267774
SoundWindow0,68.34180439295602,1527221273865
SoundWindow1,57.53538979367623,1527221273865
SoundCenter0,65.67885017914672,1527221276174
SoundCenter1,60.61400365837773,1527221276176
SoundCenter2,60.53832157243911,1527221276176
SoundWall0,63.118567180187064,1527221276922
SoundWall1,66.91490659887587,1527221276930
SoundWall2,65.8061484699168,1527221276944
tiltAircon0_Pitch,163.46,1527221277112
tiltAircon0_Roll,180.0,1527221277112
SoundC,74.19700410241327,1527221277778
SoundC,74.19700410241327,1527221277778
Present,88,1527221277782
Present,88,1527221277782
InferredPresence,false,1527221282141
sensor0_Temperature,26.6,1527221282825
sensor0_Humidity,35.236889284505345,1527221282826
sensor0_Brightness,124.0,1527221282826
sensor1_Temperature,24.25,1527221282827
sensor1_Humidity,35.97680856811029,1527221282827
sensor1_Brightness,109.0,1527221282827
SoundWindow0,67.27818910266035,1527221283865
SoundWindow1,57.455016010552285,1527221283866
SoundCenter0,65.28982553472095,1527221286174
SoundCenter1,60.43510194298108,1527221286176
SoundCenter2,59.92372880380296,1527221286177
SoundWall0,62.992552407659495,1527221286922
SoundWall1,66.19614743920049,1527221286930
SoundWall2,64.90312950952173,1527221286944
SoundC,74.19700410241327,1527221287785
SoundC,74.19700410241327,1527221287785
Present,84,1527221287788
Present,84,1527221287788
sensor0_Temperature,26.6,1527221289114
sensor0_Humidity,35.236889284505345,1527221289115
sensor0_Brightness,124.0,1527221289115
sensor1_Temperature,24.25,1527221289116
sensor1_Humidity,35.97680856811029,1527221289116
sensor1_Brightness,109.0,1527221289117
SoundWindow0,67.0759216557092,1527221293865
SoundWindow1,57.90312729569993,1527221293866
Aircon1Power,Off,1527221295280
Aircon0Power,Off,1527221295286
Aircon1Power,Off,1527221295289
Aircon0Power,Off,1527221295295
Aircon1Power,Off,1527221295299
Aircon0Power,Off,1527221295305
Aircon1Power,Off,1527221295309
Aircon0Power,Off,1527221295316
Aircon1Power,Off,1527221295319
Aircon0Power,Off,1527221295324
sensor0_Temperature,26.6,1527221295412
sensor0_Humidity,35.236889284505345,1527221295413
sensor0_Brightness,124.0,1527221295414
sensor1_Temperature,24.25,1527221295415
sensor1_Humidity,35.97680856811029,1527221295416
sensor1_Brightness,109.0,1527221295417
SoundCenter0,64.87800611089246,1527221296174
SoundCenter1,60.47241768489978,1527221296177
SoundCenter2,59.8015584276889,1527221296177
SoundWall0,63.39140657792765,1527221296922
SoundWall1,66.85152840717679,1527221296931
SoundWall2,64.97911996713849,1527221296944
SoundC,78.37870659506,1527221297792
SoundC,78.37870659506,1527221297792
Present,91,1527221297795
Present,91,1527221297795
tiltAircon1_Pitch,163.03,1527221299139
tiltAircon1_Roll,179.76,1527221299139
sensor0_Temperature,26.6,1527221301710
sensor0_Humidity,35.236889284505345,1527221301711
sensor0_Brightness,124.0,1527221301712
sensor1_Temperature,24.25,1527221301713
sensor1_Humidity,35.97680856811029,1527221301713
sensor1_Brightness,109.0,1527221301714
tiltTest_Pitch,-7.89,1527221303139
tiltTest_Roll,12.87,1527221303139
SoundWindow0,67.66218000042981,1527221303864
SoundWindow1,58.433893790037864,1527221305607
SoundCenter0,65.23078011498288,1527221306174
SoundCenter1,61.39597550742549,1527221306176
SoundCenter2,60.6185828621847,1527221306177
SoundWall0,64.54538770366558,1527221306922
SoundWall1,68.23278861725778,1527221306930
SoundWall2,65.77012300563828,1527221306944
SoundC,73.82773649063114,1527221307796
SoundC,73.82773649063114,1527221307796
Present,91,1527221307800
Present,91,1527221307800
sensor0_Temperature,26.6,1527221308038
sensor0_Humidity,35.236889284505345,1527221308039
sensor0_Brightness,135.0,1527221308039
sensor1_Temperature,24.25,1527221308040
sensor1_Humidity,36.10012844871113,1527221308040
sensor1_Brightness,109.0,1527221308041
SoundWindow0,66.81850010140273,1527221313865
SoundWindow1,58.55490090238384,1527221313866
sensor0_Temperature,26.6,1527221314410
sensor0_Humidity,35.236889284505345,1527221314411
sensor0_Brightness,135.0,1527221314412
sensor1_Temperature,24.25,1527221314412
sensor1_Humidity,36.10012844871113,1527221314413
sensor1_Brightness,109.0,1527221314413
SoundCenter0,65.41178092284773,1527221316174
SoundCenter1,60.79353476136451,1527221316176
SoundCenter2,60.62331746934085,1527221316177
SoundWall0,64.16438795203338,1527221316922
SoundWall1,67.48043963782791,1527221316930
SoundWall2,65.26172911561507,1527221316944
SoundC,74.19700410241327,1527221317804
SoundC,74.19700410241327,1527221317804
Present,89,1527221317806
Present,89,1527221317806
sensor0_Temperature,26.6,1527221320750
sensor0_Humidity,35.236889284505345,1527221320750
sensor0_Brightness,135.0,1527221320750
sensor1_Temperature,24.25,1527221320751
sensor1_Humidity,36.10012844871113,1527221320752
sensor1_Brightness,109.0,1527221320753
SoundWindow0,67.21091603795739,1527221323865
SoundWindow1,58.721287360809676,1527221323866
SoundCenter0,65.40001618395122,1527221326174
SoundCenter1,61.23647126353596,1527221326176
SoundCenter2,60.97199230497181,1527221326177
SoundWall0,64.83710794007885,1527221326922
SoundWall1,67.74705920336058,1527221326930
SoundWall2,65.5360125182314,1527221326947
sensor0_Temperature,26.6,1527221327330
sensor0_Humidity,35.236889284505345,1527221327331
sensor0_Brightness,135.0,1527221327332
sensor1_Temperature,24.25,1527221327334
sensor1_Humidity,36.10012844871113,1527221327335
sensor1_Brightness,109.0,1527221327336
SoundC,76.57687443958919,1527221327808
SoundC,76.57687443958919,1527221327808
Present,93,1527221327811
Present,93,1527221327811
sensor0_Temperature,26.6,1527221333674
sensor0_Humidity,35.236889284505345,1527221333675
sensor0_Brightness,135.0,1527221333676
sensor1_Temperature,24.25,1527221333677
sensor1_Humidity,36.10012844871113,1527221333678
sensor1_Brightness,109.0,1527221333679
SoundWindow0,67.58528588337757,1527221333864
SoundCenter0,65.59010383594439,1527221336174
SoundCenter1,62.46722775922534,1527221336176
SoundCenter2,61.5888873232461,1527221336176
SoundWall0,65.1960300810284,1527221336922
SoundWall1,67.88353046602298,1527221336932
SoundWall2,66.05366421345022,1527221336947
SoundWindow1,58.79385728314919,1527221337132
tiltAircon0_Pitch,162.96,1527221337139
tiltAircon0_Roll,-179.82,1527221337139
SoundC,76.89092096632638,1527221337814
SoundC,76.89092096632638,1527221337814
Present,95,1527221337817
Present,95,1527221337817
sensor0_Temperature,26.6,1527221339970
sensor0_Humidity,35.236889284505345,1527221339970
sensor0_Brightness,135.0,1527221339971
sensor1_Temperature,24.25,1527221339972
sensor1_Humidity,36.10012844871113,1527221339972
sensor1_Brightness,109.0,1527221339973
SoundWindow0,68.3134057881801,1527221343864
SoundWindow1,59.61922470273335,1527221343866
SoundCenter0,65.69202012050944,1527221346174
SoundCenter1,62.02434276365988,1527221346177
SoundCenter2,61.6138761678866,1527221346178
sensor0_Temperature,26.6,1527221346263
sensor0_Humidity,35.236889284505345,1527221346263
sensor0_Brightness,135.0,1527221346264
sensor1_Temperature,24.25,1527221346264
sensor1_Humidity,36.10012844871113,1527221346264
sensor1_Brightness,109.0,1527221346265
SoundWall0,65.46138475861636,1527221346922
SoundWall1,67.98867085723946,1527221346931
SoundWall2,66.68970671473006,1527221346945
SoundC,77.50193375604124,1527221347821
SoundC,77.50193375604124,1527221347821
Present,95,1527221347824
Present,95,1527221347824
sensor0_Temperature,26.6,1527221352578
sensor0_Humidity,35.236889284505345,1527221352579
sensor0_Brightness,135.0,1527221352581
sensor1_Temperature,24.25,1527221352581
sensor1_Humidity,36.10012844871113,1527221352582
sensor1_Brightness,109.0,1527221352582
SoundWindow0,68.74861373603639,1527221353864
SoundWindow1,59.14698303486746,1527221353866
SoundCenter0,65.60443013062412,1527221356174
SoundCenter1,61.42161233032326,1527221356177
SoundCenter2,61.17986584620579,1527221356178
SoundWall0,64.4597729545897,1527221356922
SoundWall1,66.55668832554512,1527221356931
SoundWall2,66.06241742626807,1527221356944
SoundC,74.55832985633069,1527221357827
SoundC,74.55832985633069,1527221357827
Present,97,1527221357830
Present,97,1527221357830
sensor0_Temperature,26.6,1527221358890
sensor0_Humidity,35.236889284505345,1527221358890
sensor0_Brightness,135.0,1527221358891
sensor1_Temperature,24.25,1527221358891
sensor1_Humidity,36.10012844871113,1527221358892
sensor1_Brightness,109.0,1527221358892
tiltAircon1_Pitch,162.92,1527221359140
tiltAircon1_Roll,179.94,1527221359140
tiltTest_Pitch,-7.62,1527221363140
tiltTest_Roll,12.95,1527221363140
SoundWindow0,69.15421129426595,1527221363864
SoundWindow1,59.59672621706691,1527221363866
sensor0_Temperature,26.6,1527221365174
sensor0_Humidity,35.236889284505345,1527221365174
sensor0_Brightness,135.0,1527221365175
sensor1_Temperature,24.25,1527221365176
sensor1_Humidity,36.10012844871113,1527221365176
sensor1_Brightness,109.0,1527221365177
SoundCenter0,65.25889792890304,1527221366174
SoundCenter1,61.4965421234354,1527221366177
SoundCenter2,61.47758123000411,1527221366178
SoundWall0,64.56356365544552,1527221366922
SoundWall1,66.7099419684474,1527221366931
SoundWall2,66.18964619987837,1527221366945
SoundC,80.76394895466376,1527221367835
SoundC,80.76394895466376,1527221367835
Present,92,1527221367838
Present,92,1527221367838
sensor0_Temperature,26.6,1527221371478
sensor0_Humidity,35.236889284505345,1527221371478
sensor0_Brightness,120.0,1527221371479
sensor1_Temperature,24.25,1527221371480
sensor1_Humidity,36.10012844871113,1527221371480
sensor1_Brightness,122.0,1527221371481
SoundWindow0,70.09630725939242,1527221373864
SoundWindow1,60.23677929407106,1527221373865
SoundCenter0,66.93117679318684,1527221376174
SoundCenter1,63.447291103404886,1527221376177
SoundCenter2,62.96846181509033,1527221376178
SoundWall0,66.13708826535424,1527221376922
SoundWall1,68.85102779613803,1527221376931
SoundWall2,67.90648863354528,1527221376945
sensor0_Temperature,26.6,1527221377772
sensor0_Humidity,35.236889284505345,1527221377773
sensor0_Brightness,120.0,1527221377774
sensor1_Temperature,24.25,1527221377774
sensor1_Humidity,36.10012844871113,1527221377775
sensor1_Brightness,122.0,1527221377776
SoundC,74.19700410241327,1527221377844
SoundC,74.19700410241327,1527221377844
Present,86,1527221377846
Present,86,1527221377846
SoundWindow0,68.89719138927039,1527221383865
SoundWindow1,59.18241339106957,1527221383865
sensor0_Temperature,26.6,1527221384081
sensor0_Humidity,35.236889284505345,1527221384081
sensor0_Brightness,120.0,1527221384081
sensor1_Temperature,24.25,1527221384083
sensor1_Humidity,36.10012844871113,1527221384083
sensor1_Brightness,122.0,1527221384084
SoundCenter0,65.89396189650078,1527221386174
SoundCenter1,61.404490363167106,1527221386177
SoundCenter2,61.219542842915445,1527221386178
SoundWall0,64.30350482167077,1527221386922
SoundWall1,67.54541639992672,1527221386930
SoundWall2,66.99482323737149,1527221386941
SoundC,75.59789851419828,1527221387849
SoundC,75.59789851419828,1527221387849
Present,79,1527221387851
Present,79,1527221387851
sensor0_Temperature,26.6,1527221390369
sensor0_Humidity,35.236889284505345,1527221390370
sensor0_Brightness,120.0,1527221390371
sensor1_Temperature,24.25,1527221390371
sensor1_Humidity,36.10012844871113,1527221390373
sensor1_Brightness,122.0,1527221390373
SoundWindow0,67.2929399974346,1527221393865
SoundWindow1,58.01129436449854,1527221393865
SoundCenter0,65.2986601980801,1527221396174
SoundCenter1,59.59039613148403,1527221396176
SoundCenter2,60.11792866505031,1527221396177
sensor0_Temperature,26.6,1527221396675
sensor0_Humidity,35.236889284505345,1527221396676
sensor0_Brightness,120.0,1527221396678
sensor1_Temperature,24.25,1527221396679
sensor1_Humidity,36.10012844871113,1527221396680
sensor1_Brightness,122.0,1527221396681
SoundWall0,62.61580644969452,1527221396922
SoundWall1,66.03815391594695,1527221396930
SoundWall2,65.02088217695753,1527221396941
tiltAircon0_Pitch,163.21,1527221397140
tiltAircon0_Roll,179.76,1527221397140
SoundC,75.93060245540138,1527221397857
SoundC,75.93060245540138,1527221397857
Present,97,1527221397859
Present,97,1527221397859
sensor0_Temperature,26.6,1527221402980
sensor0_Humidity,35.236889284505345,1527221402980
sensor0_Brightness,120.0,1527221402980
sensor1_Temperature,24.25,1527221402981
sensor1_Humidity,36.10012844871113,1527221402981
sensor1_Brightness,122.0,1527221402981
SoundWindow0,65.35756078507296,1527221403865
SoundWindow1,56.623176139433205,1527221403865
SoundCenter0,63.69848272260023,1527221406174
SoundCenter1,58.57249816657829,1527221406177
SoundCenter2,59.06789990065811,1527221406178
SoundWall0,60.90261087544238,1527221406922
SoundWall1,64.59445658402437,1527221406930
SoundWall2,63.3756952599377,1527221406944
SoundC,75.93060245540138,1527221407864
SoundC,75.93060245540138,1527221407864
Present,91,1527221407866
Present,91,1527221407866
sensor0_Temperature,26.6,1527221409271
sensor0_Humidity,35.236889284505345,1527221409272
sensor0_Brightness,120.0,1527221409273
sensor1_Temperature,24.25,1527221409273
sensor1_Humidity,36.10012844871113,1527221409273
sensor1_Brightness,122.0,1527221409273
SoundWindow0,64.12804705416062,1527221413864
SoundWindow1,56.099105403198024,1527221413865
sensor0_Temperature,26.6,1527221415599
sensor0_Humidity,35.236889284505345,1527221415600
sensor0_Brightness,120.0,1527221415601
sensor1_Temperature,24.25,1527221415602
sensor1_Humidity,36.10012844871113,1527221415603
sensor1_Brightness,122.0,1527221415604
SoundCenter0,63.99512156680969,1527221416174
SoundCenter1,59.55284764491254,1527221416177
SoundCenter2,59.65153502068313,1527221416178
SoundWall0,61.9132786035508,1527221416922
SoundWall1,65.48659543755986,1527221416931
SoundWall2,63.3974164634376,1527221416941
SoundC,76.89092096632638,1527221417871
SoundC,76.89092096632638,1527221417871
Present,93,1527221417873
Present,93,1527221417873
tiltAircon1_Pitch,162.78,1527221419140
tiltAircon1_Roll,180.0,1527221419140
sensor0_Temperature,26.6,1527221421899
sensor0_Humidity,35.236889284505345,1527221421900
sensor0_Brightness,120.0,1527221421901
sensor1_Temperature,24.25,1527221421902
sensor1_Humidity,36.10012844871113,1527221421902
sensor1_Brightness,122.0,1527221421902
SoundWindow0,64.30509047958135,1527221423865
SoundWindow1,56.0258747466565,1527221423865
tiltTest_Pitch,-7.55,1527221424140
tiltTest_Roll,12.78,1527221424140
SoundCenter0,65.72497016053846,1527221426174
SoundCenter1,61.225285155136454,1527221426177
SoundCenter2,61.132472726528945,1527221426178
SoundWall0,62.62916951999838,1527221426922
SoundWall1,65.56901743171423,1527221426931
SoundWall2,62.942155775478405,1527221426944
SoundC,77.19920484509075,1527221427877
SoundC,77.19920484509075,1527221427877
Present,76,1527221427880
Present,76,1527221427880
sensor0_Temperature,26.6,1527221428200
sensor0_Humidity,35.236889284505345,1527221428201
sensor0_Brightness,120.0,1527221428201
sensor1_Temperature,24.25,1527221428202
sensor1_Humidity,36.10012844871113,1527221428203
sensor1_Brightness,122.0,1527221428203
SoundWindow0,63.71738634343174,1527221433865
SoundWindow1,55.49275145134212,1527221433865
sensor0_Temperature,26.6,1527221434593
sensor0_Humidity,35.236889284505345,1527221434594
sensor0_Brightness,137.0,1527221434595
sensor1_Temperature,24.25,1527221434595
sensor1_Humidity,36.22344832931194,1527221434596
sensor1_Brightness,121.0,1527221434597
SoundCenter0,64.18779607707035,1527221436174
SoundCenter1,60.72998412898888,1527221436177
SoundCenter2,60.21406407292823,1527221436178
SoundWall0,61.692586174141624,1527221436923
SoundWall1,64.305684774335,1527221436931
SoundWall2,61.76338187022514,1527221436944
SoundC,77.79930435088828,1527221437886
SoundC,77.79930435088828,1527221437886
Present,113,1527221437888
Present,113,1527221437888
sensor0_Temperature,26.6,1527221440887
sensor0_Humidity,35.236889284505345,1527221440887
sensor0_Brightness,137.0,1527221440888
sensor1_Temperature,24.25,1527221440888
sensor1_Humidity,36.22344832931194,1527221440888
sensor1_Brightness,121.0,1527221440889
SoundWindow0,65.58935817414728,1527221443865
SoundWindow1,56.70501299317175,1527221443865
SoundCenter0,65.08612283212821,1527221446174
SoundCenter1,62.612166116842246,1527221446177
SoundCenter2,61.38743723681882,1527221446178
SoundWall0,63.80651008467816,1527221446922
SoundWall1,65.91899609153315,1527221446931
SoundWall2,63.240427042766896,1527221446941
sensor0_Temperature,26.6,1527221447179
sensor0_Humidity,35.236889284505345,1527221447180
sensor0_Brightness,137.0,1527221447181
sensor1_Temperature,24.25,1527221447181
sensor1_Humidity,36.22344832931194,1527221447182
sensor1_Brightness,121.0,1527221447182
SoundC,75.25847282855663,1527221447894
SoundC,75.25847282855663,1527221447894
Present,79,1527221447896
Present,79,1527221447896
sensor0_Temperature,26.6,1527221453481
sensor0_Humidity,35.236889284505345,1527221453481
sensor0_Brightness,137.0,1527221453482
sensor1_Temperature,24.25,1527221453482
sensor1_Humidity,36.22344832931194,1527221453482
sensor1_Brightness,121.0,1527221453483
SoundWindow0,66.7437657046159,1527221453864
SoundWindow1,57.0483719348039,1527221453865
SoundCenter0,65.2173527706641,1527221456174
SoundCenter1,63.03558695164406,1527221456176
SoundCenter2,61.470982308118984,1527221456176
SoundWall0,64.61061609749137,1527221456922
SoundWall1,66.9595075723543,1527221456930
SoundWall2,63.48974893520022,1527221456944
SoundC,74.55832985633069,1527221457902
SoundC,74.55832985633069,1527221457902
Present,89,1527221457905
Present,89,1527221457905
tiltAircon0_Pitch,165.84,1527221458141
tiltAircon0_Roll,180.0,1527221458141
sensor0_Temperature,26.6,1527221459798
sensor0_Humidity,35.236889284505345,1527221459799
sensor0_Brightness,137.0,1527221459800
sensor1_Temperature,24.25,1527221459801
sensor1_Humidity,36.22344832931194,1527221459801
sensor1_Brightness,121.0,1527221459801
SoundWindow0,67.73436945379969,1527221463864
SoundWindow1,57.07203251933461,1527221463865
sensor0_Temperature,26.6,1527221466118
sensor0_Humidity,35.236889284505345,1527221466119
sensor0_Brightness,137.0,1527221466119
sensor1_Temperature,24.25,1527221466120
sensor1_Humidity,36.22344832931194,1527221466120
sensor1_Brightness,121.0,1527221466121
SoundCenter0,64.74640410367653,1527221466174
SoundCenter1,62.40539547141122,1527221466177
SoundCenter2,60.54047024659073,1527221466178
SoundWall0,63.92345947069988,1527221466922
SoundWall1,66.6188325971627,1527221466930
SoundWall2,63.28732393766551,1527221466944
SoundC,74.91204818426347,1527221467908
SoundC,74.91204818426347,1527221467908
Present,81,1527221467910
Present,81,1527221467910
sensor0_Temperature,26.6,1527221472426
sensor0_Humidity,35.236889284505345,1527221472426
sensor0_Brightness,137.0,1527221472427
sensor1_Temperature,24.25,1527221472427
sensor1_Humidity,36.22344832931194,1527221472428
sensor1_Brightness,121.0,1527221472428
SoundWindow0,67.1358526128172,1527221473864
SoundWindow1,56.76788128094433,1527221473865
SoundCenter0,62.47404585026534,1527221476174
SoundCenter1,59.97274280744123,1527221476176
SoundCenter2,58.422227715594964,1527221476177
SoundWall0,61.72325496551184,1527221476922
SoundWall1,64.5199065661864,1527221476931
SoundWall2,61.549308668404,1527221476945
SoundC,74.19700410241327,1527221477912
SoundC,74.19700410241327,1527221477912
Present,114,1527221477914
Present,114,1527221477914
sensor0_Temperature,26.6,1527221478770
sensor0_Humidity,35.236889284505345,1527221478771
sensor0_Brightness,137.0,1527221478771
sensor1_Temperature,24.25,1527221478772
sensor1_Humidity,36.22344832931194,1527221478772
sensor1_Brightness,121.0,1527221478772
tiltAircon1_Pitch,162.75,1527221480141
tiltAircon1_Roll,180.0,1527221480141
SoundWindow0,65.39763959688968,1527221483864
SoundWindow1,55.7574970981791,1527221483865
tiltTest_Pitch,-7.62,1527221484141
tiltTest_Roll,12.91,1527221484141
sensor0_Temperature,26.6,1527221485070
sensor0_Humidity,35.236889284505345,1527221485071
sensor0_Brightness,137.0,1527221485071
sensor1_Temperature,24.25,1527221485071
sensor1_Humidity,36.22344832931194,1527221485071
sensor1_Brightness,121.0,1527221485072
SoundCenter0,59.95670177892552,1527221486174
SoundCenter1,56.84822630257617,1527221486176
SoundCenter2,55.59753451380144,1527221486178
SoundWall0,59.985726443925884,1527221486922
SoundWall1,63.332670815678554,1527221486931
SoundWall2,60.68573097198909,1527221486942
SoundC,74.91204818426347,1527221487919
SoundC,74.91204818426347,1527221487919
Present,92,1527221487922
Present,92,1527221487922
sensor0_Temperature,26.6,1527221491370
sensor0_Humidity,35.236889284505345,1527221491370
sensor0_Brightness,137.0,1527221491371
sensor1_Temperature,24.25,1527221491371
sensor1_Humidity,36.22344832931194,1527221491372
sensor1_Brightness,121.0,1527221491372
SoundWindow0,64.2941535170331,1527221493864
SoundWindow1,55.31438283437296,1527221493865
SoundCenter0,58.87492283423227,1527221496174
SoundCenter1,54.856008068633066,1527221496177
SoundCenter2,54.157223842772964,1527221496178
SoundWall0,59.13882542233853,1527221496922
SoundWall1,62.27219385842808,1527221496931
SoundWall2,60.39421530047549,1527221496944
sensor0_Temperature,26.6,1527221497660
sensor0_Humidity,35.236889284505345,1527221497660
sensor0_Brightness,131.0,1527221497661
sensor1_Temperature,24.37,1527221497661
sensor1_Humidity,36.4700880905136,1527221497661
sensor1_Brightness,116.0,1527221497662
SoundC,76.25684571588656,1527221497926
SoundC,76.25684571588656,1527221497926
Present,90,1527221497929
Present,90,1527221497929
SoundWindow0,62.90064775544712,1527221503864
SoundWindow1,54.439253743968,1527221503865
sensor0_Temperature,26.6,1527221503952
sensor0_Humidity,35.236889284505345,1527221503953
sensor0_Brightness,131.0,1527221503953
sensor1_Temperature,24.37,1527221503953
sensor1_Humidity,36.4700880905136,1527221503954
sensor1_Brightness,116.0,1527221503954
SoundCenter0,57.80424846502147,1527221506174
SoundCenter1,53.532170197892974,1527221506177
SoundCenter2,53.37203620490197,1527221506178
SoundWall0,57.32430390738163,1527221506922
SoundWall1,60.785945565870534,1527221506931
SoundWall2,58.61817992102777,1527221506944
SoundC,75.25847282855663,1527221507931
SoundC,75.25847282855663,1527221507931
Present,77,1527221507934
Present,77,1527221507934
sensor0_Temperature,26.6,1527221510251
sensor0_Humidity,35.236889284505345,1527221510252
sensor0_Brightness,131.0,1527221510252
sensor1_Temperature,24.37,1527221510253
sensor1_Humidity,36.4700880905136,1527221510254
sensor1_Brightness,116.0,1527221510255
SoundWindow0,62.491991180141696,1527221513864
SoundWindow1,54.45211772927322,1527221513865
SoundCenter0,57.437638007120604,1527221516174
SoundCenter1,53.16918595639954,1527221516176
SoundCenter2,53.02914074395566,1527221516176
sensor0_Temperature,26.6,1527221516545
sensor0_Humidity,35.236889284505345,1527221516545
sensor0_Brightness,131.0,1527221516545
sensor1_Temperature,24.37,1527221516546
sensor1_Humidity,36.4700880905136,1527221516546
sensor1_Brightness,116.0,1527221516546
SoundWall0,57.04680069847854,1527221516922
SoundWall1,59.668840187495114,1527221516930
SoundWall2,58.81540266590934,1527221516944
SoundC,74.19700410241327,1527221517938
SoundC,74.19700410241327,1527221517938
Present,113,1527221517941
Present,113,1527221517941
tiltAircon0_Pitch,163.18,1527221518141
tiltAircon0_Roll,177.14,1527221518141
sensor0_Temperature,26.6,1527221522832
sensor0_Humidity,35.236889284505345,1527221522833
sensor0_Brightness,131.0,1527221522833
sensor1_Temperature,24.37,1527221522833
sensor1_Humidity,36.4700880905136,1527221522834
sensor1_Brightness,116.0,1527221522834
SoundWindow0,62.57539302649174,1527221523865
SoundWindow1,54.81388488886272,1527221523865
SoundCenter0,58.99396042012229,1527221526174
SoundCenter1,54.26572633604444,1527221526176
SoundCenter2,54.27661243236858,1527221526177
SoundWall0,57.840760707766925,1527221526922
SoundWall1,60.04170187690212,1527221526930
SoundWall2,59.24547091783883,1527221526944
SoundC,75.93060245540138,1527221527945
SoundC,75.93060245540138,1527221527945
Present,83,1527221527948
Present,83,1527221527948
sensor0_Temperature,26.6,1527221529137
sensor0_Humidity,35.236889284505345,1527221529139
sensor0_Brightness,131.0,1527221529139
sensor1_Temperature,24.37,1527221529140
sensor1_Humidity,36.4700880905136,1527221529140
sensor1_Brightness,116.0,1527221529140
SoundWindow0,64.02811112059854,1527221533864
SoundWindow1,55.3219815701867,1527221533865
sensor0_Temperature,26.6,1527221535429
sensor0_Humidity,35.236889284505345,1527221535430
sensor0_Brightness,131.0,1527221535430
sensor1_Temperature,24.37,1527221535430
sensor1_Humidity,36.4700880905136,1527221535431
sensor1_Brightness,116.0,1527221535431
SoundCenter0,60.966657790004746,1527221536174
SoundCenter1,55.9532890013525,1527221536177
SoundCenter2,55.611371724392775,1527221536178
SoundWall0,58.96088924161661,1527221536922
SoundWall1,61.28898254189587,1527221536931
SoundWall2,60.17893572705377,1527221536945
SoundC,74.19700410241327,1527221537952
SoundC,74.19700410241327,1527221537952
Present,91,1527221537954
Present,91,1527221537954
tiltAircon1_Pitch,162.81,1527221540141
tiltAircon1_Roll,-179.94,1527221540141
sensor0_Temperature,26.6,1527221541720
sensor0_Humidity,35.236889284505345,1527221541721
sensor0_Brightness,131.0,1527221541721
sensor1_Temperature,24.37,1527221541722
sensor1_Humidity,36.4700880905136,1527221541722
sensor1_Brightness,116.0,1527221541722
SoundWindow0,65.68656010948872,1527221543864
SoundWindow1,55.741208047449994,1527221543865
tiltTest_Pitch,-9.66,1527221544141
tiltTest_Roll,11.32,1527221544141
SoundCenter0,62.15097761692618,1527221546174
SoundCenter1,56.891655561550046,1527221546177
SoundCenter2,56.49935104759628,1527221546178
SoundWall0,59.414746945773636,1527221546922
SoundWall1,61.20599938599184,1527221546930
SoundWall2,60.07388307503278,1527221546944
SoundC,76.57687443958919,1527221547958
SoundC,76.57687443958919,1527221547958
Present,77,1527221547960
Present,77,1527221547960
sensor0_Temperature,26.6,1527221548009
sensor0_Humidity,35.236889284505345,1527221548010
sensor0_Brightness,131.0,1527221548010
sensor1_Temperature,24.37,1527221548010
sensor1_Humidity,36.4700880905136,1527221548011
sensor1_Brightness,116.0,1527221548011
SoundWindow0,65.15267478293805,1527221553864
SoundWindow1,55.41149814364908,1527221553866
sensor0_Temperature,26.6,1527221554297
sensor0_Humidity,35.236889284505345,1527221554297
sensor0_Brightness,131.0,1527221554298
sensor1_Temperature,24.37,1527221554298
sensor1_Humidity,36.4700880905136,1527221554299
sensor1_Brightness,116.0,1527221554300
SoundCenter0,63.01677411054358,1527221556174
SoundCenter1,57.34131834922364,1527221556177
SoundCenter2,56.777775148410726,1527221556178
SoundWall0,59.15337876001537,1527221556922
SoundWall1,60.795535223547745,1527221556931
SoundWall2,58.77263190202767,1527221556944
SoundC,76.25684571588656,1527221557962
SoundC,76.25684571588656,1527221557962
Present,101,1527221557964
Present,101,1527221557964
sensor0_Temperature,26.6,1527221560584
sensor0_Humidity,35.36020916510618,1527221560585
sensor0_Brightness,142.0,1527221560585
sensor1_Temperature,24.25,1527221560586
sensor1_Humidity,36.34676820991278,1527221560587
sensor1_Brightness,106.0,1527221560588
SoundWindow0,65.64636732958985,1527221563864
SoundWindow1,56.3263184212432,1527221563866
SoundCenter0,64.03980397560174,1527221566174
SoundCenter1,58.5731814846385,1527221566177
SoundCenter2,57.703698090120085,1527221566178
sensor0_Temperature,26.6,1527221566880
sensor0_Humidity,35.36020916510618,1527221566880
sensor0_Brightness,142.0,1527221566882
sensor1_Temperature,24.25,1527221566882
sensor1_Humidity,36.34676820991278,1527221566882
sensor1_Brightness,106.0,1527221566883
SoundWall0,60.52574885826784,1527221566922
SoundWall1,62.230261812294685,1527221566931
SoundWall2,60.44014165393137,1527221566944
SoundC,76.89092096632638,1527221567966
SoundC,76.89092096632638,1527221567966
Present,97,1527221567968
Present,97,1527221567968
sensor0_Temperature,26.6,1527221573180
sensor0_Humidity,35.36020916510618,1527221573181
sensor0_Brightness,142.0,1527221573182
sensor1_Temperature,24.25,1527221573183
sensor1_Humidity,36.34676820991278,1527221573184
sensor1_Brightness,106.0,1527221573185
SoundWindow0,66.6601172368052,1527221573864
SoundWindow1,57.10951344478297,1527221573866
seat5AOccupied,false,1527221575141
totalSeatCount,2,1527221575141
SoundCenter0,65.55997886887425,1527221576174
SoundCenter1,60.00629757209179,1527221576176
SoundCenter2,59.20596013649602,1527221576177
SoundWall0,62.30711694691941,1527221576922
SoundWall1,64.60975512365903,1527221576930
SoundWall2,62.54552214478729,1527221576942
SoundC,74.19700410241327,1527221577970
SoundC,74.19700410241327,1527221577970
Present,92,1527221577973
Present,92,1527221577973
tiltAircon0_Pitch,163.13,1527221578141
tiltAircon0_Roll,180.0,1527221578141
sensor0_Temperature,26.6,1527221579498
sensor0_Humidity,35.36020916510618,1527221579499
sensor0_Brightness,142.0,1527221579500
sensor1_Temperature,24.25,1527221579501
sensor1_Humidity,36.34676820991278,1527221579502
sensor1_Brightness,106.0,1527221579502
SoundWindow0,67.20748493196385,1527221583864
SoundWindow1,57.57752668251176,1527221583866
sensor0_Temperature,26.6,1527221585809
sensor0_Humidity,35.36020916510618,1527221585811
sensor0_Brightness,142.0,1527221585812
sensor1_Temperature,24.25,1527221585812
sensor1_Humidity,36.34676820991278,1527221585813
sensor1_Brightness,106.0,1527221585814
SoundCenter0,66.61914877824668,1527221586174
SoundCenter1,61.15527533105887,1527221586177
SoundCenter2,60.60593953461641,1527221586178
SoundWall0,64.02685147378412,1527221586922
SoundWall1,66.60635680752365,1527221586931
SoundWall2,64.01170325588826,1527221586944
SoundC,74.19700410241327,1527221587974
SoundC,74.19700410241327,1527221587974
Present,108,1527221587976
Present,108,1527221587976
sensor0_Temperature,26.6,1527221592118
sensor0_Humidity,35.36020916510618,1527221592119
sensor0_Brightness,142.0,1527221592119
sensor1_Temperature,24.25,1527221592120
sensor1_Humidity,36.34676820991278,1527221592120
sensor1_Brightness,106.0,1527221592121
SoundWindow0,68.17102964766072,1527221593864
SoundWindow1,58.8042959340767,1527221593866
Aircon1Power,Off,1527221596136
Aircon0Power,Off,1527221596143
Aircon1Power,Off,1527221596147
Aircon0Power,Off,1527221596153
Aircon1Power,Off,1527221596156
Aircon0Power,Off,1527221596166
Aircon1Power,Off,1527221596171
SoundCenter0,67.4445284159911,1527221596174
Aircon0Power,Off,1527221596176
SoundCenter1,62.4177156893566,1527221596177
SoundCenter2,61.86280495830922,1527221596178
Aircon1Power,Off,1527221596180
Aircon0Power,Off,1527221596187
SoundWall0,65.20332633279645,1527221596922
SoundWall1,67.8658995614631,1527221596931
SoundWall2,65.83259177422111,1527221596945
SoundC,77.79930435088828,1527221597978
SoundC,77.79930435088828,1527221597978
Present,92,1527221597981
Present,92,1527221597981
sensor0_Temperature,26.6,1527221598422
sensor0_Humidity,35.36020916510618,1527221598423
sensor0_Brightness,142.0,1527221598423
sensor1_Temperature,24.25,1527221598423
sensor1_Humidity,36.34676820991278,1527221598424
sensor1_Brightness,106.0,1527221598424
tiltAircon1_Pitch,162.86,1527221600466
tiltAircon1_Roll,180.0,1527221600466
SoundWindow0,68.2760445245252,1527221603864
SoundWindow1,59.5445760948469,1527221603866
tiltTest_Pitch,-7.5,1527221604466
tiltTest_Roll,14.14,1527221604466
sensor0_Temperature,26.6,1527221604721
sensor0_Humidity,35.36020916510618,1527221604721
sensor0_Brightness,142.0,1527221604722
sensor1_Temperature,24.25,1527221604723
sensor1_Humidity,36.34676820991278,1527221604723
sensor1_Brightness,106.0,1527221604724
SoundCenter0,68.4895769775139,1527221606174
SoundCenter1,63.985747737940876,1527221606177
SoundCenter2,63.24946310230082,1527221606178
SoundWall0,66.1332477159307,1527221606922
SoundWall1,69.07339022629617,1527221606931
SoundWall2,67.09342190268154,1527221606944
SoundC,74.91204818426347,1527221607984
SoundC,74.91204818426347,1527221607984
Present,94,1527221607987
Present,94,1527221607987
sensor0_Temperature,26.6,1527221611020
sensor0_Humidity,35.36020916510618,1527221611021
sensor0_Brightness,142.0,1527221611021
sensor1_Temperature,24.25,1527221611022
sensor1_Humidity,36.34676820991278,1527221611022
sensor1_Brightness,106.0,1527221611023
SoundWindow0,70.60988280444218,1527221613864
SoundWindow1,60.77934808452197,1527221613866
SoundCenter0,70.25596149848299,1527221616174
SoundCenter1,66.15166928682206,1527221616177
SoundCenter2,65.8112865364013,1527221616178
SoundWall0,68.16913607008175,1527221616922
SoundWall1,71.28879169249406,1527221616930
SoundWall2,69.49565086233108,1527221616943
sensor0_Temperature,26.6,1527221617305
sensor0_Humidity,35.36020916510618,1527221617306
sensor0_Brightness,142.0,1527221617307
sensor1_Temperature,24.25,1527221617307
sensor1_Humidity,36.34676820991278,1527221617308
sensor1_Brightness,106.0,1527221617309
SoundC,81.48928461417114,1527221617991
SoundC,81.48928461417114,1527221617991
Present,108,1527221617994
Present,108,1527221617994
sensor0_Temperature,26.6,1527221623743
sensor0_Humidity,35.36020916510618,1527221623744
sensor0_Brightness,142.0,1527221623744
sensor1_Temperature,24.37,1527221623744
sensor1_Humidity,36.4700880905136,1527221623745
sensor1_Brightness,111.0,1527221623745
SoundWindow0,71.10147039758358,1527221623864
SoundWindow1,60.58485686698631,1527221623866
SoundCenter0,71.27507477379186,1527221626174
SoundCenter1,67.03794437458056,1527221626177
SoundCenter2,66.73011152078548,1527221626178
SoundWall0,69.6601253639521,1527221626922
SoundWall1,72.23744176334868,1527221626930
SoundWall2,69.9605328675988,1527221626942
SoundC,75.59789851419828,1527221627996
SoundC,75.59789851419828,1527221627996
Present,90,1527221627998
Present,90,1527221627998
sensor0_Temperature,26.6,1527221630042
sensor0_Humidity,35.36020916510618,1527221630043
sensor0_Brightness,138.0,1527221630043
sensor1_Temperature,24.37,1527221630044
sensor1_Humidity,36.4700880905136,1527221630044
sensor1_Brightness,111.0,1527221630045
SoundWindow0,70.45022853171182,1527221633864
SoundWindow1,59.989090957032786,1527221633866
SoundCenter0,70.69823700207517,1527221636174
SoundCenter1,66.8985128572066,1527221636176
SoundCenter2,66.42652761881213,1527221636176
sensor0_Temperature,26.6,1527221636348
sensor0_Humidity,35.36020916510618,1527221636349
sensor0_Brightness,138.0,1527221636349
sensor1_Temperature,24.37,1527221636350
sensor1_Humidity,36.4700880905136,1527221636351
sensor1_Brightness,111.0,1527221636351
SoundWall0,69.29240756833723,1527221636922
SoundWall1,71.90380947694375,1527221636930
SoundWall2,69.42155988461873,1527221636944
SoundC,75.25847282855663,1527221638001
SoundC,75.25847282855663,1527221638001
Present,91,1527221638004
Present,91,1527221638004
tiltAircon0_Pitch,163.13,1527221638466
tiltAircon0_Roll,179.76,1527221638466
sensor0_Temperature,26.6,1527221642645
sensor0_Humidity,35.36020916510618,1527221642646
sensor0_Brightness,138.0,1527221642646
sensor1_Temperature,24.37,1527221642647
sensor1_Humidity,36.4700880905136,1527221642648
sensor1_Brightness,111.0,1527221642648
SoundWindow0,71.04545158998104,1527221643864
SoundWindow1,60.34475852400063,1527221643866
SoundCenter0,69.81275325161934,1527221646174
SoundCenter1,66.37718254274732,1527221646176
SoundCenter2,65.728321860086,1527221646177
SoundWall0,68.93013012766498,1527221646922
SoundWall1,71.05304858064488,1527221646930
SoundWall2,68.57311134899042,1527221646944
SoundC,78.09150302019039,1527221648006
SoundC,78.09150302019039,1527221648006
Present,83,1527221648009
Present,83,1527221648009
sensor0_Temperature,26.6,1527221648948
sensor0_Humidity,35.36020916510618,1527221648948
sensor0_Brightness,138.0,1527221648949
sensor1_Temperature,24.37,1527221648950
sensor1_Humidity,36.4700880905136,1527221648950
sensor1_Brightness,111.0,1527221648951
SoundWindow0,70.82449223581696,1527221653864
SoundWindow1,60.06259351254148,1527221653866
sensor0_Temperature,26.6,1527221655241
sensor0_Humidity,35.36020916510618,1527221655241
sensor0_Brightness,138.0,1527221655242
sensor1_Temperature,24.37,1527221655242
sensor1_Humidity,36.4700880905136,1527221655243
sensor1_Brightness,111.0,1527221655243
SoundCenter0,69.47677201567585,1527221656174
SoundCenter1,66.28701569735505,1527221656176
SoundCenter2,65.63749468392474,1527221656178
SoundWall0,68.88675311372259,1527221656922
SoundWall1,70.58859401357061,1527221656930
SoundWall2,67.35960438883573,1527221656944
SoundC,76.89092096632638,1527221658013
SoundC,76.89092096632638,1527221658013
Present,90,1527221658016
Present,90,1527221658016
tiltAircon1_Pitch,162.8,1527221661466
tiltAircon1_Roll,179.88,1527221661466
sensor0_Temperature,26.6,1527221661527
sensor0_Humidity,35.36020916510618,1527221661527
sensor0_Brightness,138.0,1527221661528
sensor1_Temperature,24.37,1527221661528
sensor1_Humidity,36.4700880905136,1527221661528
sensor1_Brightness,111.0,1527221661528
SoundWindow0,71.49973184921768,1527221663864
SoundWindow1,60.11973375435631,1527221663866
tiltTest_Pitch,-7.63,1527221664466
tiltTest_Roll,11.49,1527221664466
SoundCenter0,69.46391153460236,1527221666174
SoundCenter1,66.13797122133874,1527221666177
SoundCenter2,65.51980657962353,1527221666178
SoundWall0,69.41939299790799,1527221666922
SoundWall1,71.03454969282046,1527221666930
SoundWall2,67.98840211533144,1527221666944
sensor0_Temperature,26.6,1527221667847
sensor0_Humidity,35.36020916510618,1527221667848
sensor0_Brightness,138.0,1527221667848
sensor1_Temperature,24.37,1527221667849
sensor1_Humidity,36.4700880905136,1527221667849
sensor1_Brightness,111.0,1527221667850
SoundC,76.57687443958919,1527221668022
SoundC,76.57687443958919,1527221668022
Present,92,1527221668024
Present,92,1527221668024
SoundWindow0,71.20305874375899,1527221673864
SoundWindow1,59.84050913827647,1527221673866
sensor0_Temperature,26.6,1527221674139
sensor0_Humidity,35.36020916510618,1527221674139
sensor0_Brightness,138.0,1527221674140
sensor1_Temperature,24.37,1527221674140
sensor1_Humidity,36.4700880905136,1527221674140
sensor1_Brightness,111.0,1527221674141
SoundCenter0,68.15168800564537,1527221676174
SoundCenter1,65.3041903093931,1527221676177
SoundCenter2,64.20014232438903,1527221676178
SoundWall0,69.09418375401135,1527221676922
SoundWall1,70.87824322462285,1527221676930
SoundWall2,67.94475017326394,1527221676944
SoundC,77.19920484509075,1527221678029
SoundC,77.19920484509075,1527221678029
Present,93,1527221678032
Present,93,1527221678032
sensor0_Temperature,26.6,1527221680433
sensor0_Humidity,35.36020916510618,1527221680433
sensor0_Brightness,138.0,1527221680434
sensor1_Temperature,24.37,1527221680435
sensor1_Humidity,36.4700880905136,1527221680435
sensor1_Brightness,111.0,1527221680436
SoundWindow0,70.38743531418001,1527221683864
SoundWindow1,59.61713395792448,1527221683865
SoundCenter0,66.82582759153156,1527221686174
SoundCenter1,64.42905657807387,1527221686177
SoundCenter2,63.26348687589829,1527221686178
sensor0_Temperature,26.6,1527221686734
sensor0_Humidity,35.36020916510618,1527221686735
sensor0_Brightness,138.0,1527221686735
sensor1_Temperature,24.25,1527221686736
sensor1_Humidity,36.4700880905136,1527221686736
sensor1_Brightness,108.0,1527221686736
SoundWall0,67.3608428235755,1527221686922
SoundWall1,69.3726338509773,1527221686930
SoundWall2,66.47800322984857,1527221686944
SoundC,78.6610829898935,1527221688035
SoundC,78.6610829898935,1527221688035
Present,89,1527221688038
Present,89,1527221688038
sensor0_Temperature,26.6,1527221693037
sensor0_Humidity,35.36020916510618,1527221693038
sensor0_Brightness,143.0,1527221693039
sensor1_Temperature,24.25,1527221693040
sensor1_Humidity,36.4700880905136,1527221693040
sensor1_Brightness,108.0,1527221693040
SoundWindow0,70.21868018436888,1527221693864
SoundWindow1,59.375384013846386,1527221693866
SoundCenter0,65.87791600029249,1527221696174
SoundCenter1,63.6179758422983,1527221696176
SoundCenter2,62.224778043712334,1527221696177
SoundWall0,66.32719379445732,1527221696922
SoundWall1,68.2441400820986,1527221696930
SoundWall2,64.61655447302806,1527221696950
SoundC,77.19920484509075,1527221698042
SoundC,77.19920484509075,1527221698042
Present,90,1527221698044
Present,90,1527221698044
tiltAircon0_Pitch,163.18,1527221698466
tiltAircon0_Roll,180.0,1527221698466
sensor0_Temperature,26.6,1527221699338
sensor0_Humidity,35.36020916510618,1527221699339
sensor0_Brightness,143.0,1527221699339
sensor1_Temperature,24.25,1527221699340
sensor1_Humidity,36.4700880905136,1527221699340
sensor1_Brightness,108.0,1527221699340
SoundWindow0,70.35050270300731,1527221703864
SoundWindow1,59.34049071609839,1527221704992
sensor0_Temperature,26.6,1527221705631
sensor0_Humidity,35.36020916510618,1527221705631
sensor0_Brightness,143.0,1527221705632
sensor1_Temperature,24.25,1527221705633
sensor1_Humidity,36.4700880905136,1527221705633
sensor1_Brightness,108.0,1527221705633
SoundCenter0,65.94988907014672,1527221706174
SoundCenter1,63.33901946146156,1527221706177
SoundCenter2,61.922647122439564,1527221706178
SoundWall0,65.51475055318132,1527221706922
SoundWall1,67.91346909841819,1527221706931
SoundWall2,64.29511478028813,1527221706945
SoundC,76.57687443958919,1527221708048
SoundC,76.57687443958919,1527221708048
Present,99,1527221708051
Present,99,1527221708051
sensor0_Temperature,26.6,1527221711932
sensor0_Humidity,35.36020916510618,1527221711932
sensor0_Brightness,143.0,1527221711933
sensor1_Temperature,24.25,1527221711934
sensor1_Humidity,36.4700880905136,1527221711935
sensor1_Brightness,108.0,1527221711936
SoundWindow0,70.1219481242258,1527221713864
SoundWindow1,58.56554024202181,1527221713865
SoundCenter0,66.13618627414334,1527221716174
SoundCenter1,62.53971076954034,1527221716177
SoundCenter2,61.19787096482255,1527221716178
SoundWall0,64.28935883963314,1527221716922
SoundWall1,67.54328148935265,1527221716930
SoundWall2,64.05011975279433,1527221716944
SoundC,76.89092096632638,1527221718055
SoundC,76.89092096632638,1527221718055
Present,100,1527221718058
Present,100,1527221718058
sensor0_Temperature,26.6,1527221718223
sensor0_Humidity,35.36020916510618,1527221718224
sensor0_Brightness,143.0,1527221718224
sensor1_Temperature,24.25,1527221718225
sensor1_Humidity,36.4700880905136,1527221718225
sensor1_Brightness,108.0,1527221718226
Mtest1,true,1527221721466
InferredPresence,true,1527221722496
seat4AOccupied,false,1527221722772
totalSeatCount,1,1527221722772
SoundWindow0,69.73797253044943,1527221723864
SoundWindow1,58.06620028358016,1527221723865
sensor0_Temperature,26.6,1527221724519
sensor0_Humidity,35.36020916510618,1527221724520
sensor0_Brightness,143.0,1527221724522
sensor1_Temperature,24.25,1527221724523
sensor1_Humidity,36.4700880905136,1527221724524
sensor1_Brightness,108.0,1527221724525
tiltAircon1_Pitch,162.92,1527221724772
tiltAircon1_Roll,179.76,1527221724772
tiltTest_Pitch,-7.86,1527221724772
tiltTest_Roll,8.74,1527221724772
SoundCenter0,66.18167377764783,1527221726174
SoundCenter1,62.160819032982,1527221726177
SoundCenter2,61.313220022357726,1527221726178
Mtest8,true,1527221726772
SoundWall0,63.492389146615984,1527221726922
SoundWall1,66.64183895597573,1527221726930
SoundWall2,62.90651580989088,1527221726944
SoundC,74.91204818426347,1527221728061
SoundC,74.91204818426347,1527221728061
Present,79,1527221728064
Present,79,1527221728064
sensor0_Temperature,26.6,1527221730834
sensor0_Humidity,35.36020916510618,1527221730834
sensor0_Brightness,143.0,1527221730835
sensor1_Temperature,24.25,1527221730835
sensor1_Humidity,36.4700880905136,1527221730836
sensor1_Brightness,108.0,1527221730836
SoundWindow0,70.18896542162115,1527221733864
SoundWindow1,58.51247546404406,1527221733865
Aircon1Power,Off,1527221735409
Aircon0Power,Off,1527221735427
Aircon1Power,Off,1527221735432
Aircon0Power,Off,1527221735441
SoundCenter0,65.7920081578301,1527221736174
SoundCenter1,61.19351772801972,1527221736177
SoundCenter2,61.00593561353507,1527221736178
SoundWall0,62.97658937215604,1527221736922
SoundWall1,65.67432406375748,1527221736931
SoundWall2,62.055952457691724,1527221736944
sensor0_Temperature,26.6,1527221737123
sensor0_Humidity,35.36020916510618,1527221737124
sensor0_Brightness,143.0,1527221737125
sensor1_Temperature,24.25,1527221737125
sensor1_Humidity,36.4700880905136,1527221737125
sensor1_Brightness,108.0,1527221737126
SoundC,75.59789851419828,1527221738069
SoundC,75.59789851419828,1527221738069
Present,99,1527221738071
Present,99,1527221738071
Aircon1Power,Off,1527221740703
sensor0_Temperature,26.6,1527221743409
sensor0_Humidity,35.36020916510618,1527221743410
sensor0_Brightness,143.0,1527221743411
sensor1_Temperature,24.25,1527221743412
sensor1_Humidity,36.4700880905136,1527221743412
sensor1_Brightness,108.0,1527221743414
SoundWindow0,70.70967009114362,1527221743864
SoundWindow1,58.46074466481069,1527221743865
SoundCenter0,66.25394749542404,1527221746174
SoundCenter1,60.9768811858775,1527221746177
SoundCenter2,61.3167151555845,1527221746178
SoundWall0,63.29069051082591,1527221746922
SoundWall1,65.73263335129353,1527221746930
SoundWall2,62.557754890754275,1527221746941
SoundC,74.19700410241327,1527221748077
SoundC,74.19700410241327,1527221748077
Present,89,1527221748081
Present,89,1527221748081
sensor0_Temperature,26.6,1527221749728
sensor0_Humidity,35.36020916510618,1527221749728
sensor0_Brightness,143.0,1527221749729
sensor1_Temperature,24.25,1527221749729
sensor1_Humidity,36.593407971114424,1527221749729
sensor1_Brightness,101.0,1527221749729
Mtest1,true,1527221751706
SoundWindow0,69.50146535792364,1527221753864
Mtest8,true,1527221756019
sensor0_Temperature,26.72,1527221756036
sensor0_Humidity,35.36020916510618,1527221756037
sensor0_Brightness,135.0,1527221756037
sensor1_Temperature,24.25,1527221756038
sensor1_Humidity,36.593407971114424,1527221756038
sensor1_Brightness,101.0,1527221756039
SoundWindow1,58.37871134708217,1527221756068
SoundCenter0,66.22795982903078,1527221756174
SoundCenter1,60.160278372975974,1527221756176
SoundCenter2,60.79445866289098,1527221756177
SoundWall0,62.43192750235609,1527221756922
SoundWall1,64.97689970454049,1527221756930
SoundWall2,62.85336286769787,1527221756944
SoundC,75.25847282855663,1527221758084
SoundC,75.25847282855663,1527221758084
Present,95,1527221758088
Present,95,1527221758088
tiltAircon0_Pitch,165.84,1527221758182
tiltAircon0_Roll,180.0,1527221758182
