SoundC,60.20329792798059,1514876450724
Present,97,1514876450728
SoundCenter0,62.99995970084525,1514876454769
SoundCenter1,56.57814877860566,1514876454771
SoundCenter2,56.78686748825958,1514876454772
SoundWall0,60.466504705574984,1514876454996
SoundWall1,59.05909372726571,1514876455005
SoundWall2,59.45242741890628,1514876455014
sensor0_Temperature,27.07,1514876455361
sensor0_Brightness,82.0,1514876455365
sensor1_Temperature,27.18,1514876455368
sensor1_Brightness,0.0,1514876455372
Entrance,null,1514876455988
UserCount,5,1514876455989
CorrectedUserCount,2,1514876455994
Entrance,null,1514876456195
UserCount,6,1514876456196
CorrectedUserCount,3,1514876456197
Entrance,null,1514876457533
UserCount,7,1514876457533
CorrectedUserCount,4,1514876457538
Entrance,null,1514876457693
UserCount,8,1514876457693
CorrectedUserCount,5,1514876457698
TurnOnLightGroup1,null,1514876458969
TurnOnLightGroup3,null,1514876458971
Color,blue,1514876459012
LightGroup1,On,1514876459025
Color,blue,1514876459070
LightGroup3,On,1514876459083
TurnOnLightGroup2,null,1514876459301
Color,blue,1514876459326
LightGroup2,On,1514876459341
SoundC,61.023021476191225,1514876460730
Present,105,1514876460743
sensor0_Temperature,27.07,1514876461964
sensor0_Brightness,82.0,1514876461969
sensor1_Temperature,27.18,1514876461972
sensor1_Brightness,0.0,1514876461975
SetColor,null,1514876462322
Color,cyan,1514876462363
MoveFocus,GoTour,1514876464631
SoundCenter0,63.94270205919963,1514876464769
SoundCenter1,58.25197769358768,1514876464771
SoundCenter2,58.72893144074717,1514876464772
SoundWall0,61.737144187014906,1514876464996
SoundWall1,60.67239880786679,1514876465005
SoundWall2,61.01262695511444,1514876465017
sensor0_Temperature,27.07,1514876468426
sensor0_Brightness,82.0,1514876468430
sensor1_Temperature,27.18,1514876468433
sensor1_Brightness,0.0,1514876468437
SoundC,70.5390318503356,1514876470746
Present,125,1514876470750
SoundCenter0,64.65690834438995,1514876474769
SoundCenter1,59.401360845122994,1514876474771
SoundCenter2,59.45022033189254,1514876474772
SoundWall0,63.40370055503901,1514876474996
SoundWall1,63.50625017581884,1514876475005
SoundWall2,62.925591690448435,1514876475017
sensor0_Temperature,27.07,1514876475702
sensor0_Brightness,82.0,1514876475705
sensor1_Temperature,27.18,1514876475706
sensor1_Brightness,0.0,1514876475709
SoundC,63.26648240367583,1514876480752
Present,73,1514876480762
sensor0_Temperature,27.07,1514876482866
sensor0_Brightness,82.0,1514876482871
sensor1_Temperature,27.18,1514876482873
sensor1_Brightness,0.0,1514876482876
SoundCenter0,65.94054467661316,1514876484769
SoundCenter1,61.227864434052016,1514876484770
SoundCenter2,60.92381862057966,1514876484771
SoundWall0,65.63045631133808,1514876484997
SoundWall1,65.3257277729459,1514876485006
SoundWall2,63.77295023919717,1514876485018
sensor0_Temperature,27.07,1514876489321
sensor0_Brightness,82.0,1514876489325
sensor1_Temperature,27.18,1514876489327
sensor1_Brightness,0.0,1514876489330
SoundC,65.8563679754536,1514876490770
Present,93,1514876490773
SoundCenter0,67.26334580269916,1514876494769
SoundCenter1,63.33834947329737,1514876494771
SoundCenter2,62.19920101268023,1514876494772
SoundWall0,66.7282966401236,1514876494996
SoundWall1,66.61287993733664,1514876495005
SoundWall2,65.0383248769039,1514876495017
sensor0_Temperature,27.07,1514876496133
sensor0_Brightness,82.0,1514876496137
sensor1_Temperature,27.18,1514876496139
sensor1_Brightness,0.0,1514876496141
SoundC,66.44593723960276,1514876500776
Present,104,1514876500779
sensor0_Temperature,27.07,1514876502690
sensor0_Brightness,82.0,1514876502694
sensor1_Temperature,27.18,1514876502697
sensor1_Brightness,0.0,1514876502700
SoundCenter0,67.56296081840163,1514876504769
SoundCenter1,64.92490255112871,1514876504771
SoundCenter2,63.32983151734436,1514876504772
SoundWall0,67.30945580011746,1514876504996
SoundWall1,67.46133320660677,1514876505005
SoundWall2,65.8452890684165,1514876505017
sensor0_Temperature,27.07,1514876510024
sensor0_Brightness,82.0,1514876510028
sensor1_Temperature,27.18,1514876510031
sensor1_Brightness,0.0,1514876510034
SoundC,60.20329792798059,1514876510782
Present,98,1514876510785
SoundCenter0,68.30456930422646,1514876514769
SoundCenter1,66.51621699999893,1514876514771
SoundCenter2,63.61773072499647,1514876514772
SoundWall0,68.39633478071411,1514876514996
SoundWall1,68.9989473339036,1514876515005
SoundWall2,66.95332990705359,1514876515014
sensor0_Temperature,27.07,1514876516642
sensor0_Brightness,82.0,1514876516646
sensor1_Temperature,27.18,1514876516649
sensor1_Brightness,0.0,1514876516652
SoundC,56.45426312235056,1514876520788
Present,113,1514876520791
sensor0_Temperature,27.07,1514876523067
sensor0_Brightness,82.0,1514876523071
sensor1_Temperature,27.18,1514876523074
sensor1_Brightness,0.0,1514876523077
MoveFocus,GoTour,1514876524728
SoundCenter0,68.81492166610651,1514876524769
SoundCenter1,66.28256726734189,1514876524771
SoundCenter2,63.19257088705942,1514876524772
SoundWall0,68.90823296982869,1514876524996
SoundWall1,69.32085670311275,1514876525005
SoundWall2,67.4346658623528,1514876525017
sensor0_Temperature,27.07,1514876529958
sensor0_Brightness,82.0,1514876529962
sensor1_Temperature,27.18,1514876529965
sensor1_Brightness,0.0,1514876529968
SoundC,72.26372429269907,1514876530793
Present,96,1514876530797
SoundCenter0,70.5983400351608,1514876534769
SoundCenter1,68.179402409571,1514876534770
SoundCenter2,65.55333348421772,1514876534771
SoundWall0,70.58012358537609,1514876534996
SoundWall1,70.27837002640355,1514876535006
SoundWall2,68.79611442701771,1514876535014
sensor0_Temperature,27.07,1514876536390
sensor0_Brightness,82.0,1514876536394
sensor1_Temperature,27.18,1514876536397
sensor1_Brightness,0.0,1514876536400
SoundC,70.0787016850011,1514876540799
Present,94,1514876540803
sensor0_Temperature,27.07,1514876542871
sensor0_Brightness,82.0,1514876542875
sensor1_Temperature,27.18,1514876542878
sensor1_Brightness,0.0,1514876542881
SoundCenter0,72.18163711626615,1514876544769
SoundCenter1,69.75085233143757,1514876544770
SoundCenter2,67.32947893047897,1514876544771
SoundWall0,71.14086753142027,1514876544996
SoundWall1,70.92026038910112,1514876545005
SoundWall2,69.69586096454218,1514876545017
sensor0_Temperature,27.07,1514876549718
sensor0_Brightness,82.0,1514876549722
sensor1_Temperature,27.18,1514876549724
sensor1_Brightness,0.0,1514876549727
SoundC,73.82773649063114,1514876550805
Present,102,1514876550809
SoundCenter0,72.46506595385902,1514876554769
SoundCenter1,70.18390595033512,1514876554770
SoundCenter2,67.81231616473521,1514876554771
SoundWall0,72.7197237838251,1514876554996
SoundWall1,72.59529184695593,1514876555005
SoundWall2,71.47064526778584,1514876555019
sensor0_Temperature,27.07,1514876556861
sensor0_Brightness,82.0,1514876556865
sensor1_Temperature,27.18,1514876556868
sensor1_Brightness,0.0,1514876556871
SoundC,75.93060245540138,1514876560811
Present,98,1514876560814
sensor0_Temperature,27.07,1514876563286
sensor0_Brightness,82.0,1514876563290
sensor1_Temperature,27.18,1514876563293
sensor1_Brightness,0.0,1514876563295
SoundCenter0,73.36235832652034,1514876564769
SoundCenter1,70.70945414050907,1514876564770
SoundCenter2,68.94036104137724,1514876564771
SoundWall0,75.18366521259242,1514876564996
SoundWall1,74.62831308815518,1514876565005
SoundWall2,73.66586485981556,1514876565014
sensor0_Temperature,27.07,1514876570140
sensor0_Brightness,82.0,1514876570144
sensor1_Temperature,27.18,1514876570147
sensor1_Brightness,0.0,1514876570150
SoundC,61.80460425887306,1514876570817
Present,100,1514876570820
SoundCenter0,74.41918890374241,1514876574769
SoundCenter1,71.22501947753321,1514876574770
SoundCenter2,70.00622956630687,1514876574771
SoundWall0,75.72324381219687,1514876574996
SoundWall1,75.12143005481248,1514876575005
SoundWall2,74.50336176896039,1514876575017
sensor0_Temperature,27.07,1514876576573
sensor0_Brightness,82.0,1514876576576
sensor1_Temperature,27.18,1514876576579
sensor1_Brightness,0.0,1514876576581
SoundC,65.8563679754536,1514876580828
Present,93,1514876580831
sensor0_Temperature,27.07,1514876583014
sensor0_Brightness,82.0,1514876583018
sensor1_Temperature,27.18,1514876583021
sensor1_Brightness,0.0,1514876583024
SoundCenter0,74.88931280231459,1514876584769
SoundCenter1,72.0842110143792,1514876584770
SoundCenter2,71.05408738524123,1514876584771
SoundWall0,76.39814263694946,1514876584996
SoundWall1,76.13174823961812,1514876585005
SoundWall2,74.97522975183115,1514876585017
MoveFocus,GoTour,1514876585056
sensor0_Temperature,27.07,1514876589567
sensor0_Brightness,82.0,1514876589570
sensor1_Temperature,27.18,1514876589573
sensor1_Brightness,0.0,1514876589576
SoundC,67.01551720930587,1514876590832
Present,96,1514876590835
SoundCenter0,73.99124199853108,1514876594769
SoundCenter1,70.81265560341575,1514876594770
SoundCenter2,69.72885489274921,1514876594771
SoundWall0,75.2146771935956,1514876594996
SoundWall1,75.07929807138109,1514876595006
SoundWall2,74.11129341414163,1514876595027
sensor0_Temperature,27.07,1514876596027
sensor0_Brightness,82.0,1514876596031
sensor1_Temperature,27.18,1514876596034
sensor1_Brightness,0.0,1514876596037
SoundC,70.0787016850011,1514876600847
Present,99,1514876600850
sensor0_Temperature,27.07,1514876602502
sensor0_Brightness,82.0,1514876602506
sensor1_Temperature,27.18,1514876602509
sensor1_Brightness,0.0,1514876602512
SoundCenter0,73.69866930527236,1514876604769
SoundCenter1,70.79017463159788,1514876604770
SoundCenter2,69.77577363397641,1514876604771
SoundWall0,74.91608849368343,1514876604996
SoundWall1,74.90304076692759,1514876605005
SoundWall2,73.26600951006168,1514876605017
sensor0_Temperature,27.07,1514876609033
sensor0_Brightness,82.0,1514876609036
sensor1_Temperature,27.18,1514876609039
sensor1_Brightness,0.0,1514876609042
SoundC,73.45017003946069,1514876610853
Present,124,1514876610856
SoundCenter0,74.13572536298024,1514876614769
SoundCenter1,70.6268072245628,1514876614770
SoundCenter2,69.74010703485393,1514876614771
SoundWall0,75.11165454289015,1514876614996
SoundWall1,75.08915708828336,1514876615006
SoundWall2,73.17024186051854,1514876615026
sensor0_Temperature,27.07,1514876616312
sensor0_Brightness,82.0,1514876616315
sensor1_Temperature,27.18,1514876616318
sensor1_Brightness,0.0,1514876616321
SoundC,72.66858725677886,1514876620859
Present,87,1514876620862
sensor0_Temperature,27.07,1514876622961
sensor0_Brightness,82.0,1514876622965
sensor1_Temperature,27.18,1514876622968
sensor1_Brightness,0.0,1514876622971
SoundCenter0,74.95523141441625,1514876624769
SoundCenter1,71.48099590712927,1514876624770
SoundCenter2,70.54111333728564,1514876624771
SoundWall0,74.95017161742291,1514876624996
SoundWall1,75.51427679494344,1514876625005
SoundWall2,73.46302283952222,1514876625014
sensor0_Temperature,27.07,1514876630005
sensor0_Brightness,82.0,1514876630009
sensor1_Temperature,27.18,1514876630012
sensor1_Brightness,0.0,1514876630015
SoundC,69.11838317407611,1514876630865
Present,103,1514876630868
SoundCenter0,74.55063887277815,1514876634769
SoundCenter1,71.39733418331939,1514876634770
SoundCenter2,70.18509057324205,1514876634771
SoundWall0,75.72973164271748,1514876634996
SoundWall1,76.48513439466096,1514876635005
SoundWall2,74.04090039152983,1514876635017
sensor0_Temperature,27.07,1514876636926
sensor0_Brightness,82.0,1514876636930
sensor1_Temperature,27.18,1514876636933
sensor1_Brightness,0.0,1514876636935
SoundC,65.8563679754536,1514876640871
Present,103,1514876640874
sensor0_Temperature,27.07,1514876644249
sensor0_Brightness,82.0,1514876644253
sensor1_Temperature,27.18,1514876644256
sensor1_Brightness,0.0,1514876644258
SoundCenter0,75.23485101031666,1514876644769
SoundCenter1,72.54240104658628,1514876644770
SoundCenter2,70.6800062042759,1514876644771
SoundWall0,76.70738171759314,1514876644996
SoundWall1,76.96932345578983,1514876645005
SoundWall2,74.79801393992999,1514876645018
MoveFocus,GoTour,1514876645145
SoundC,67.01551720930587,1514876650877
Present,97,1514876650880
sensor0_Temperature,27.07,1514876651430
sensor0_Brightness,82.0,1514876651434
sensor1_Temperature,27.18,1514876651437
sensor1_Brightness,0.0,1514876651440
SoundCenter0,75.50222222219443,1514876654769
SoundCenter1,73.47760132169009,1514876654770
SoundCenter2,71.2658464146529,1514876654771
SoundWall0,77.791013246195,1514876654996
SoundWall1,77.87118893178743,1514876655005
SoundWall2,75.29773580359918,1514876655017
sensor0_Temperature,27.07,1514876658678
sensor0_Brightness,82.0,1514876658682
sensor1_Temperature,27.18,1514876658685
sensor1_Brightness,0.0,1514876658687
SoundC,61.80460425887306,1514876660883
Present,147,1514876660886
SoundCenter0,74.99986018611153,1514876664769
SoundCenter1,72.65385887086367,1514876664770
SoundCenter2,70.43859677330381,1514876664771
SoundWall0,77.79945378435231,1514876664996
SoundWall1,78.12791347280204,1514876665005
SoundWall2,75.90206577291393,1514876665017
sensor0_Temperature,27.07,1514876665384
sensor0_Brightness,82.0,1514876665388
sensor1_Temperature,27.18,1514876665391
sensor1_Brightness,0.0,1514876665394
SoundC,56.45426312235056,1514876670889
Present,95,1514876670901
sensor0_Temperature,27.07,1514876672497
sensor0_Brightness,82.0,1514876672501
sensor1_Temperature,27.18,1514876672504
sensor1_Brightness,0.0,1514876672507
SoundCenter0,74.98372160332279,1514876674769
SoundCenter1,72.68895560292687,1514876674770
SoundCenter2,70.14675992119214,1514876674771
SoundWall0,77.26582961252949,1514876674996
SoundWall1,77.5017322670793,1514876675006
SoundWall2,75.29244013583777,1514876675027
sensor0_Temperature,27.07,1514876678922
sensor0_Brightness,82.0,1514876678925
sensor1_Temperature,27.18,1514876678929
sensor1_Brightness,0.0,1514876678932
SoundC,61.023021476191225,1514876680904
Present,109,1514876680907
SoundCenter0,74.56063647316753,1514876684769
SoundCenter1,72.27389547364119,1514876684770
SoundCenter2,70.00836245049595,1514876684771
SoundWall0,77.09915374851587,1514876684996
SoundWall1,77.01905371117533,1514876685007
SoundWall2,74.86920379178422,1514876685031
sensor0_Temperature,27.07,1514876685824
sensor0_Brightness,82.0,1514876685828
sensor1_Temperature,27.18,1514876685831
sensor1_Brightness,0.0,1514876685834
SoundC,61.80460425887306,1514876690910
Present,106,1514876690927
sensor0_Temperature,27.07,1514876692889
sensor0_Brightness,82.0,1514876692893
sensor1_Temperature,27.18,1514876692896
sensor1_Brightness,0.0,1514876692898
SoundCenter0,75.2578355984594,1514876694769
SoundCenter1,72.66839284385767,1514876694770
SoundCenter2,70.676530504576,1514876694771
SoundWall0,77.21647717800694,1514876694996
SoundWall1,77.23143261257705,1514876695005
SoundWall2,75.13938477891128,1514876695019
sensor0_Temperature,27.07,1514876699443
sensor0_Brightness,82.0,1514876699446
sensor1_Temperature,27.18,1514876699449
sensor1_Brightness,0.0,1514876699451
SoundC,61.80460425887306,1514876700931
Present,107,1514876700934
SoundCenter0,74.47716363879472,1514876704769
SoundCenter1,71.51023724673014,1514876704770
SoundCenter2,70.04372202786287,1514876704771
SoundWall0,76.83253046703749,1514876704996
SoundWall1,76.89901205746519,1514876705005
SoundWall2,75.11701824365481,1514876705017
MoveFocus,GoTour,1514876705263
sensor0_Temperature,27.07,1514876705945
sensor0_Brightness,82.0,1514876705949
sensor1_Temperature,27.18,1514876705952
sensor1_Brightness,0.0,1514876705955
SoundC,74.91204818426347,1514876710936
Present,111,1514876710939
sensor0_Temperature,27.07,1514876712813
sensor0_Brightness,82.0,1514876712817
sensor1_Temperature,27.18,1514876712820
sensor1_Brightness,0.0,1514876712822
SoundCenter0,73.25929163923266,1514876714769
SoundCenter1,70.5492866986594,1514876714770
SoundCenter2,69.22715682737467,1514876714771
SoundWall0,76.11852713515124,1514876714996
SoundWall1,76.15680214346258,1514876715005
SoundWall2,75.00254199148402,1514876715017
sensor0_Temperature,27.07,1514876719295
sensor0_Brightness,82.0,1514876719298
sensor1_Temperature,27.18,1514876719302
sensor1_Brightness,0.0,1514876719305
SoundC,60.20329792798059,1514876720943
Present,108,1514876720947
SoundCenter0,74.00340831936958,1514876724769
SoundCenter1,71.27769209502763,1514876724770
SoundCenter2,69.99494581238426,1514876724771
SoundWall0,75.97757202069579,1514876724996
SoundWall1,75.64730056063344,1514876725006
SoundWall2,74.98670731885917,1514876725017
sensor0_Temperature,27.07,1514876726263
sensor0_Brightness,82.0,1514876726267
sensor1_Temperature,27.18,1514876726270
sensor1_Brightness,0.0,1514876726272
SoundC,63.26648240367583,1514876730954
Present,100,1514876730957
sensor0_Temperature,27.07,1514876733403
sensor0_Brightness,82.0,1514876733407
sensor1_Temperature,27.18,1514876733410
sensor1_Brightness,0.0,1514876733413
SoundCenter0,73.9696314483717,1514876734769
SoundCenter1,71.89282923892182,1514876734771
SoundCenter2,70.52905416776463,1514876734772
SoundWall0,75.95172444985027,1514876734996
SoundWall1,75.7552945676578,1514876735006
SoundWall2,75.21062607248558,1514876735026
sensor0_Temperature,27.07,1514876740635
sensor0_Brightness,82.0,1514876740639
sensor1_Temperature,27.18,1514876740642
sensor1_Brightness,0.0,1514876740645
SoundC,69.11838317407611,1514876740960
Present,94,1514876740963
SoundCenter0,74.00223335750019,1514876744769
SoundCenter1,72.18595294022438,1514876744771
SoundCenter2,70.06398274274122,1514876744772
SoundWall0,74.83087507386341,1514876744996
SoundWall1,75.33835737884685,1514876745006
SoundWall2,74.84134806080958,1514876745026
sensor0_Temperature,27.07,1514876747115
sensor0_Brightness,82.0,1514876747119
sensor1_Temperature,27.18,1514876747123
sensor1_Brightness,0.0,1514876747126
SoundC,59.341519288975356,1514876750966
Present,124,1514876750969
sensor0_Temperature,27.07,1514876753582
sensor0_Brightness,82.0,1514876753587
sensor1_Temperature,27.18,1514876753589
sensor1_Brightness,0.0,1514876753592
SoundCenter0,73.07296158790723,1514876754769
SoundCenter1,71.45598138673851,1514876754770
SoundCenter2,68.94493808520988,1514876754772
SoundWall0,74.09924555891698,1514876754996
SoundWall1,74.36686700820792,1514876755005
SoundWall2,74.16510119265283,1514876755017
sensor0_Temperature,27.07,1514876760870
sensor0_Brightness,82.0,1514876760875
sensor1_Temperature,27.18,1514876760877
sensor1_Brightness,0.0,1514876760880
SoundC,59.341519288975356,1514876760972
Present,89,1514876760975
SoundCenter0,73.62877356763725,1514876764769
SoundCenter1,72.0105307523751,1514876764770
SoundCenter2,69.11900021092903,1514876764772
SoundWall0,74.4524503489203,1514876764996
SoundWall1,74.36147789543546,1514876765005
SoundWall2,74.13424302788619,1514876765017
MoveFocus,GoTour,1514876765560
sensor0_Temperature,27.07,1514876767379
sensor0_Brightness,82.0,1514876767383
sensor1_Temperature,27.18,1514876767386
sensor1_Brightness,0.0,1514876767389
SoundC,68.0998289029382,1514876770978
Present,109,1514876770981
sensor0_Temperature,27.07,1514876774392
sensor0_Brightness,82.0,1514876774396
sensor1_Temperature,27.18,1514876774398
sensor1_Brightness,0.0,1514876774401
SoundCenter0,74.68796952544015,1514876774769
SoundCenter1,72.67635725933087,1514876774770
SoundCenter2,69.86010775331802,1514876774772
SoundWall0,75.08132572941666,1514876774996
SoundWall1,75.31709399833423,1514876775006
SoundWall2,74.53263767120089,1514876775026
SoundC,69.11838317407611,1514876780984
Present,99,1514876780987
sensor0_Temperature,27.07,1514876781318
sensor0_Brightness,82.0,1514876781322
sensor1_Temperature,27.18,1514876781324
sensor1_Brightness,0.0,1514876781327
SoundCenter0,74.09566100922426,1514876784769
SoundCenter1,72.24760702095071,1514876784770
SoundCenter2,69.42763206903975,1514876784771
SoundWall0,74.60234268412948,1514876784996
SoundWall1,74.87501777819804,1514876785005
SoundWall2,74.10208887975347,1514876785017
sensor0_Temperature,27.07,1514876788141
sensor0_Brightness,82.0,1514876788145
sensor1_Temperature,27.18,1514876788147
sensor1_Brightness,0.0,1514876788150
SoundC,62.551438321825636,1514876790990
Present,96,1514876790993
SoundCenter0,73.84734691708285,1514876794769
SoundCenter1,71.44610102158187,1514876794770
SoundCenter2,69.03949970182806,1514876794771
SoundWall0,74.58568890030658,1514876794996
SoundWall1,74.54302165708833,1514876795005
SoundWall2,73.77691296443469,1514876795017
sensor0_Temperature,27.07,1514876795229
sensor0_Brightness,82.0,1514876795233
sensor1_Temperature,27.18,1514876795235
sensor1_Brightness,0.0,1514876795238
SoundC,68.61682354019833,1514876800995
Present,113,1514876800999
sensor0_Temperature,27.07,1514876801653
sensor0_Brightness,82.0,1514876801668
sensor1_Temperature,27.18,1514876801671
sensor1_Brightness,0.0,1514876801675
SoundCenter0,73.25444833529177,1514876804769
SoundCenter1,70.46392983372989,1514876804770
SoundCenter2,68.3453732395978,1514876804771
SoundWall0,74.78281270978593,1514876804996
SoundWall1,74.64978519940595,1514876805006
SoundWall2,73.69716956696706,1514876805027
sensor0_Temperature,27.07,1514876808308
sensor0_Brightness,82.0,1514876808312
sensor1_Temperature,27.18,1514876808315
sensor1_Brightness,0.0,1514876808318
SoundC,78.9387917919758,1514876811002
Present,97,1514876811005
SoundCenter0,73.76861934442212,1514876814769
SoundCenter1,70.64427486427896,1514876814770
SoundCenter2,67.94753716715071,1514876814771
sensor0_Temperature,27.07,1514876814913
sensor0_Brightness,82.0,1514876814918
sensor1_Temperature,27.18,1514876814920
sensor1_Brightness,0.0,1514876814923
SoundWall0,75.01944252987954,1514876814996
SoundWall1,75.00428010002184,1514876815005
SoundWall2,74.10334894912577,1514876815017
SoundC,60.20329792798059,1514876821007
Present,102,1514876821011
sensor0_Temperature,27.07,1514876821914
sensor0_Brightness,82.0,1514876821918
sensor1_Temperature,27.18,1514876821921
sensor1_Brightness,0.0,1514876821924
SoundCenter0,73.61185889232048,1514876824769
SoundCenter1,70.18524257979946,1514876824770
SoundCenter2,67.65308826416171,1514876824771
SoundWall0,74.44964387278391,1514876824996
SoundWall1,75.18662011136813,1514876825005
SoundWall2,73.76675412190123,1514876825017
MoveFocus,GoTour,1514876825702
sensor0_Temperature,27.07,1514876828959
sensor0_Brightness,82.0,1514876828963
sensor1_Temperature,27.18,1514876828966
sensor1_Brightness,0.0,1514876828969
SoundC,68.61682354019833,1514876831014
Present,106,1514876831019
SoundCenter0,73.70144430270133,1514876834769
SoundCenter1,70.04169774987004,1514876834770
SoundCenter2,67.44083744309275,1514876834771
SoundWall0,73.92844270952273,1514876834996
SoundWall1,74.22179397406134,1514876835006
SoundWall2,72.73727637047234,1514876835027
sensor0_Temperature,27.07,1514876835656
sensor0_Brightness,82.0,1514876835660
sensor1_Temperature,27.18,1514876835663
sensor1_Brightness,0.0,1514876835666
SoundC,72.66858725677886,1514876841023
Present,105,1514876841034
sensor0_Temperature,27.07,1514876842794
sensor0_Brightness,82.0,1514876842798
sensor1_Temperature,27.18,1514876842801
sensor1_Brightness,0.0,1514876842804
SoundCenter0,73.78488243317148,1514876844769
SoundCenter1,69.8975601130953,1514876844770
SoundCenter2,67.03944385651424,1514876844771
SoundWall0,75.33391359357994,1514876844997
SoundWall1,75.6663151213133,1514876845006
SoundWall2,73.66889975554163,1514876845033
sensor0_Temperature,27.07,1514876850086
sensor0_Brightness,82.0,1514876850090
sensor1_Temperature,27.18,1514876850093
sensor1_Brightness,0.0,1514876850096
SoundC,70.5390318503356,1514876851037
Present,121,1514876851040
SoundCenter0,73.95088408353035,1514876854769
SoundCenter1,69.99795296874717,1514876854771
SoundCenter2,66.78335531015223,1514876854772
SoundWall0,74.6759279208586,1514876854996
SoundWall1,75.49693526157262,1514876855006
SoundWall2,73.22037231609205,1514876855026
sensor0_Temperature,27.07,1514876856493
sensor0_Brightness,82.0,1514876856497
sensor1_Temperature,27.18,1514876856500
sensor1_Brightness,0.0,1514876856503
SoundC,78.9387917919758,1514876861042
Present,109,1514876861045
sensor0_Temperature,27.07,1514876862950
sensor0_Brightness,82.0,1514876862954
sensor1_Temperature,27.18,1514876862957
sensor1_Brightness,0.0,1514876862960
SoundCenter0,75.2038250831993,1514876864769
SoundCenter1,71.43136872732887,1514876864771
SoundCenter2,68.37822465043463,1514876864772
SoundWall0,74.92903747161715,1514876864996
SoundWall1,75.88166658917895,1514876865006
SoundWall2,73.67578098412824,1514876865038
sensor0_Temperature,27.07,1514876870033
sensor0_Brightness,82.0,1514876870037
sensor1_Temperature,27.18,1514876870040
sensor1_Brightness,0.0,1514876870043
SoundC,73.45017003946069,1514876871048
Present,94,1514876871052
SoundCenter0,76.32763117986002,1514876874769
SoundCenter1,72.66039667950118,1514876874771
SoundCenter2,69.80219662843885,1514876874772
SoundWall0,75.5399557198706,1514876874996
SoundWall1,76.25264545561679,1514876875005
SoundWall2,73.85675475501952,1514876875016
sensor0_Temperature,27.07,1514876876904
sensor0_Brightness,82.0,1514876876908
sensor1_Temperature,27.18,1514876876910
sensor1_Brightness,0.0,1514876876913
SoundC,59.341519288975356,1514876881054
Present,96,1514876881058
sensor0_Temperature,27.07,1514876883517
sensor0_Brightness,82.0,1514876883521
sensor1_Temperature,27.18,1514876883524
sensor1_Brightness,0.0,1514876883527
SoundCenter0,76.46193835865594,1514876884769
SoundCenter1,72.92465623874917,1514876884771
SoundCenter2,69.85700763544502,1514876884772
SoundWall0,76.00468637432647,1514876884996
SoundWall1,76.46112741630064,1514876885005
SoundWall2,73.62080562417431,1514876885032
MoveFocus,GoTour,1514876885812
sensor0_Temperature,27.07,1514876890352
sensor0_Brightness,82.0,1514876890356
sensor1_Temperature,27.18,1514876890359
sensor1_Brightness,0.0,1514876890362
SoundC,72.66858725677886,1514876891060
Present,100,1514876891063
SoundCenter0,77.02410826423446,1514876894769
SoundCenter1,73.3265945711348,1514876894771
SoundCenter2,70.01226249552802,1514876894772
SoundWall0,75.6136099550194,1514876894996
SoundWall1,76.15297681130401,1514876895005
SoundWall2,73.29468226093007,1514876895018
sensor0_Temperature,27.07,1514876896912
sensor0_Brightness,82.0,1514876896916
sensor1_Temperature,27.18,1514876896919
sensor1_Brightness,0.0,1514876896922
SoundC,60.20329792798059,1514876901066
Present,100,1514876901069
sensor0_Temperature,27.07,1514876903392
sensor0_Brightness,82.0,1514876903397
sensor1_Temperature,27.18,1514876903399
sensor1_Brightness,0.0,1514876903402
SoundCenter0,76.46165662906014,1514876904769
SoundCenter1,72.47689837864915,1514876904770
SoundCenter2,68.90342507398512,1514876904773
SoundWall0,74.48853626537775,1514876904996
SoundWall1,74.94327030922288,1514876905005
SoundWall2,71.97313501921369,1514876905017
sensor0_Temperature,27.07,1514876909933
sensor0_Brightness,82.0,1514876909937
sensor1_Temperature,27.18,1514876909939
sensor1_Brightness,0.0,1514876909942
SoundC,56.45426312235056,1514876911076
Present,94,1514876911079
SoundCenter0,75.31171079699587,1514876914769
SoundCenter1,71.83448436466458,1514876914771
SoundCenter2,68.09453737295115,1514876914772
SoundWall0,73.9318816793566,1514876914996
SoundWall1,73.87307741075865,1514876915005
SoundWall2,70.75425606686862,1514876915017
sensor0_Temperature,27.07,1514876916850
sensor0_Brightness,82.0,1514876916853
sensor1_Temperature,27.18,1514876916857
sensor1_Brightness,0.0,1514876916860
SoundC,64.61127993529891,1514876921082
Present,99,1514876921085
sensor0_Temperature,27.07,1514876923359
sensor0_Brightness,82.0,1514876923363
sensor1_Temperature,27.18,1514876923366
sensor1_Brightness,0.0,1514876923369
SoundCenter0,72.87047817173483,1514876924769
SoundCenter1,69.28418765378498,1514876924771
SoundCenter2,65.90189070351884,1514876924772
SoundWall0,73.18766568955509,1514876924996
SoundWall1,72.69058791357976,1514876925005
SoundWall2,69.2809268460053,1514876925017
sensor0_Temperature,27.07,1514876930919
sensor0_Brightness,82.0,1514876930923
sensor1_Temperature,27.18,1514876930926
sensor1_Brightness,0.0,1514876930929
SoundC,60.20329792798059,1514876931088
Present,105,1514876931091
SoundCenter0,70.66198973474135,1514876934769
SoundCenter1,67.76175410793732,1514876934771
SoundCenter2,65.20395909602682,1514876934772
SoundWall0,71.57020989651043,1514876934996
SoundWall1,71.05272493899442,1514876935005
SoundWall2,67.83038376130692,1514876935017
sensor0_Temperature,27.07,1514876938191
sensor0_Brightness,82.0,1514876938195
sensor1_Temperature,27.18,1514876938198
sensor1_Brightness,0.0,1514876938200
SoundC,74.19700410241327,1514876941094
Present,125,1514876941097
SoundCenter0,70.63050255651237,1514876944769
SoundCenter1,67.9662375232268,1514876944771
SoundCenter2,66.03904064341994,1514876944772
sensor0_Temperature,27.07,1514876944835
sensor0_Brightness,82.0,1514876944839
sensor1_Temperature,27.18,1514876944842
sensor1_Brightness,0.0,1514876944845
SoundWall0,71.25935000711621,1514876944996
SoundWall1,70.65478395684833,1514876945005
SoundWall2,68.05951250879633,1514876945017
MoveFocus,GoTour,1514876945925
SoundC,67.01551720930587,1514876951100
Present,113,1514876951102
sensor0_Temperature,27.07,1514876951670
sensor0_Brightness,82.0,1514876951676
sensor1_Temperature,27.18,1514876951678
sensor1_Brightness,0.0,1514876951681
SoundCenter0,69.50775286120331,1514876954769
SoundCenter1,67.65600667266978,1514876954771
SoundCenter2,66.10072325444771,1514876954772
SoundWall0,72.07586093315936,1514876954996
SoundWall1,71.39817446088178,1514876955005
SoundWall2,69.07525385051287,1514876955017
sensor0_Temperature,27.07,1514876958147
sensor0_Brightness,82.0,1514876958151
sensor1_Temperature,27.18,1514876958154
sensor1_Brightness,0.0,1514876958157
SoundC,64.61127993529891,1514876961104
Present,88,1514876961108
Entrance,null,1514876961910
UserCount,9,1514876961911
CorrectedUserCount,6,1514876961921
Exit,null,1514876962089
UserCount,8,1514876962089
CorrectedUserCount,5,1514876962089
sensor0_Temperature,27.07,1514876964736
sensor0_Brightness,82.0,1514876964740
sensor1_Temperature,27.18,1514876964744
sensor1_Brightness,0.0,1514876964747
SoundCenter0,68.98475411077929,1514876964769
SoundCenter1,68.1378084503814,1514876964770
SoundCenter2,67.15156184056949,1514876964771
SoundWall0,72.25854678053805,1514876964996
SoundWall1,71.62591045832643,1514876965005
SoundWall2,69.3206839275136,1514876965017
SoundC,71.42349921662418,1514876971110
Present,108,1514876971113
sensor0_Temperature,27.07,1514876971195
sensor0_Brightness,82.0,1514876971198
sensor1_Temperature,27.18,1514876971201
sensor1_Brightness,0.0,1514876971205
SoundCenter0,71.69519436383872,1514876974769
SoundCenter1,71.2468623637785,1514876974770
SoundCenter2,70.88718105047172,1514876974772
SoundWall0,74.02971196112436,1514876974996
SoundWall1,73.67632075982782,1514876975005
SoundWall2,71.08002442309947,1514876975017
sensor0_Temperature,27.07,1514876977734
sensor0_Brightness,82.0,1514876977738
sensor1_Temperature,27.18,1514876977741
sensor1_Brightness,0.0,1514876977744
SoundC,73.45017003946069,1514876981115
Present,103,1514876981119
sensor0_Temperature,27.07,1514876984199
sensor0_Brightness,82.0,1514876984203
sensor1_Temperature,27.18,1514876984206
sensor1_Brightness,0.0,1514876984210
SoundCenter0,72.91415994143554,1514876984769
SoundCenter1,73.08568315187227,1514876984770
SoundCenter2,72.23039769229364,1514876984771
SoundWall0,75.01679009551273,1514876984996
SoundWall1,74.50642624329036,1514876985005
SoundWall2,72.25774775467987,1514876985017
sensor0_Temperature,27.07,1514876990889
sensor0_Brightness,82.0,1514876990893
sensor1_Temperature,27.18,1514876990897
sensor1_Brightness,0.0,1514876990900
SoundC,59.341519288975356,1514876991121
Present,98,1514876991124
SoundCenter0,73.46166433399851,1514876994769
SoundCenter1,72.77321745666485,1514876994770
SoundCenter2,71.74447017600933,1514876994771
SoundWall0,75.86943169209432,1514876994996
SoundWall1,75.55383312245205,1514876995005
SoundWall2,73.29888795345047,1514876995020
sensor0_Temperature,27.07,1514876997952
sensor0_Brightness,82.0,1514876997956
sensor1_Temperature,27.18,1514876997959
sensor1_Brightness,0.0,1514876997963
SoundC,72.66858725677886,1514877001127
Present,108,1514877001130
sensor0_Temperature,27.07,1514877004474
sensor0_Brightness,82.0,1514877004478
sensor1_Temperature,27.18,1514877004481
sensor1_Brightness,0.0,1514877004485
SoundCenter0,73.60311034926879,1514877004769
SoundCenter1,72.67644877893922,1514877004771
SoundCenter2,71.39444294897886,1514877004772
SoundWall0,75.44688141170512,1514877004996
SoundWall1,75.61856563564213,1514877005005
SoundWall2,73.27113089641445,1514877005020
MoveFocus,GoTour,1514877006135
sensor0_Temperature,27.07,1514877010895
sensor0_Brightness,82.0,1514877010900
sensor1_Temperature,27.18,1514877010903
sensor1_Brightness,0.0,1514877010906
SoundC,69.60540278108363,1514877011132
Present,115,1514877011135
SoundCenter0,74.01701206808644,1514877014769
SoundCenter1,72.26584425701974,1514877014771
SoundCenter2,70.81525985761154,1514877014772
SoundWall0,75.37658345986655,1514877014996
SoundWall1,76.1209021648637,1514877015005
SoundWall2,73.02876466858888,1514877015017
sensor0_Temperature,27.07,1514877017722
sensor0_Brightness,82.0,1514877017727
sensor1_Temperature,27.18,1514877017730
sensor1_Brightness,0.0,1514877017734
SoundC,69.11838317407611,1514877021138
Present,97,1514877021141
sensor0_Temperature,27.07,1514877024189
sensor0_Brightness,82.0,1514877024192
sensor1_Temperature,27.18,1514877024193
sensor1_Brightness,0.0,1514877024195
SoundCenter0,74.79906728303185,1514877024769
SoundCenter1,72.2453058081828,1514877024770
SoundCenter2,70.617203626902,1514877024771
SoundWall0,75.49013773715328,1514877024996
SoundWall1,76.29779485606625,1514877025006
SoundWall2,73.4275899777435,1514877025015
sensor0_Temperature,27.07,1514877030736
sensor0_Brightness,82.0,1514877030749
sensor1_Temperature,27.18,1514877030752
sensor1_Brightness,0.0,1514877030755
SoundC,63.26648240367583,1514877031144
Present,103,1514877031147
SoundCenter0,72.69874728211785,1514877034769
SoundCenter1,69.9499120080749,1514877034771
SoundCenter2,68.00226804772957,1514877034772
SoundWall0,75.13546782847544,1514877034996
SoundWall1,75.81315111193467,1514877035005
SoundWall2,73.9617205445874,1514877035017
sensor0_Temperature,27.07,1514877037179
sensor0_Brightness,82.0,1514877037183
sensor1_Temperature,27.18,1514877037187
sensor1_Brightness,0.0,1514877037191
SoundC,59.341519288975356,1514877041155
Present,99,1514877041159
sensor0_Temperature,27.07,1514877043663
sensor0_Brightness,82.0,1514877043668
sensor1_Temperature,27.18,1514877043671
sensor1_Brightness,0.0,1514877043675
SoundCenter0,72.33716130979458,1514877044769
SoundCenter1,69.34777062636631,1514877044771
SoundCenter2,67.25047909412802,1514877044772
SoundWall0,74.56851336693177,1514877044996
SoundWall1,75.95390048329908,1514877045005
SoundWall2,74.00923345293837,1514877045017
sensor0_Temperature,27.07,1514877050170
sensor0_Brightness,82.0,1514877050174
sensor1_Temperature,27.18,1514877050178
sensor1_Brightness,0.0,1514877050181
SoundC,75.59789851419828,1514877051164
Present,101,1514877051168
SoundCenter0,72.36282342067251,1514877054769
SoundCenter1,70.65374133040903,1514877054771
SoundCenter2,68.55744040033491,1514877054772
SoundWall0,75.17362540353514,1514877054996
SoundWall1,76.57153235559326,1514877055005
SoundWall2,73.93680448219538,1514877055017
sensor0_Temperature,27.07,1514877056667
sensor0_Brightness,82.0,1514877056673
sensor1_Temperature,27.18,1514877056676
sensor1_Brightness,0.0,1514877056679
SoundC,72.26372429269907,1514877061174
Present,116,1514877061178
sensor0_Temperature,27.07,1514877063099
sensor0_Brightness,82.0,1514877063102
sensor1_Temperature,27.18,1514877063104
sensor1_Brightness,0.0,1514877063108
SoundCenter0,71.37409235861097,1514877064769
SoundCenter1,69.30897530287615,1514877064771
SoundCenter2,67.54192464342584,1514877064772
SoundWall0,73.86801382731763,1514877064996
SoundWall1,74.83232014280055,1514877065005
SoundWall2,72.38488655054633,1514877065017
MoveFocus,GoTour,1514877066212
sensor0_Temperature,27.07,1514877070228
sensor0_Brightness,82.0,1514877070233
sensor1_Temperature,27.18,1514877070236
sensor1_Brightness,0.0,1514877070241
SoundC,72.26372429269907,1514877071182
Present,118,1514877071186
SoundCenter0,71.67995656519666,1514877074769
SoundCenter1,70.07216211156204,1514877074770
SoundCenter2,68.80581882361119,1514877074772
SoundWall0,73.3144524402028,1514877074996
SoundWall1,73.98998140276737,1514877075005
SoundWall2,71.87387814029047,1514877075019
sensor0_Temperature,27.07,1514877076686
sensor0_Brightness,82.0,1514877076691
sensor1_Temperature,27.18,1514877076694
sensor1_Brightness,0.0,1514877076699
SoundC,61.023021476191225,1514877081195
Present,92,1514877081198
sensor0_Temperature,27.07,1514877083149
sensor0_Brightness,82.0,1514877083152
sensor1_Temperature,27.18,1514877083154
sensor1_Brightness,0.0,1514877083158
SoundCenter0,72.00075567206528,1514877084769
SoundCenter1,71.32958588799747,1514877084770
SoundCenter2,70.18307799442823,1514877084771
SoundWall0,74.00465979807132,1514877084996
SoundWall1,74.88553094086443,1514877085005
SoundWall2,72.1465087657854,1514877085017
sensor0_Temperature,27.07,1514877089993
sensor0_Brightness,82.0,1514877089998
sensor1_Temperature,27.18,1514877090001
sensor1_Brightness,0.0,1514877090005
SoundC,78.9387917919758,1514877091201
Present,89,1514877091204
SoundCenter0,72.04368290533468,1514877094769
SoundCenter1,71.20391683472779,1514877094771
SoundCenter2,70.16847429480312,1514877094772
SoundWall0,73.60693081244045,1514877094996
SoundWall1,74.96488640361427,1514877095005
SoundWall2,71.91572254920202,1514877095017
sensor0_Temperature,27.07,1514877096486
sensor0_Brightness,82.0,1514877096491
sensor1_Temperature,27.18,1514877096494
sensor1_Brightness,0.0,1514877096497
SoundC,68.61682354019833,1514877101207
Present,112,1514877101210
sensor0_Temperature,27.07,1514877102898
sensor0_Brightness,82.0,1514877102902
sensor1_Temperature,27.18,1514877102905
sensor1_Brightness,0.0,1514877102909
SoundCenter0,72.64793118931519,1514877104769
SoundCenter1,71.54683866915742,1514877104770
SoundCenter2,70.91782613118907,1514877104772
SoundWall0,74.1949907508234,1514877104996
SoundWall1,75.63800239913226,1514877105006
SoundWall2,72.24141697831237,1514877105017
sensor0_Temperature,27.07,1514877109471
sensor0_Brightness,82.0,1514877109475
sensor1_Temperature,27.18,1514877109479
sensor1_Brightness,0.0,1514877109482
SoundC,63.95233273361063,1514877111216
Present,111,1514877111219
SoundCenter0,72.15272292851878,1514877114769
SoundCenter1,70.20233827880477,1514877114770
SoundCenter2,70.17760257782638,1514877114771
SoundWall0,72.96209007230597,1514877114996
SoundWall1,74.74839069459193,1514877115005
SoundWall2,71.14762949463872,1514877115017
sensor0_Temperature,27.07,1514877116637
sensor0_Brightness,82.0,1514877116642
sensor1_Temperature,27.18,1514877116645
sensor1_Brightness,0.0,1514877116649
SoundC,55.369951428718224,1514877121221
Present,99,1514877121224
sensor0_Temperature,27.07,1514877123079
sensor0_Brightness,82.0,1514877123082
sensor1_Temperature,27.18,1514877123083
sensor1_Brightness,0.0,1514877123085
SoundCenter0,72.83981912746853,1514877124769
SoundCenter1,71.32654614236486,1514877124770
SoundCenter2,71.22920433262553,1514877124771
SoundWall0,74.43031029084446,1514877124996
SoundWall1,76.32889949553055,1514877125005
SoundWall2,72.19739655373219,1514877125017
MoveFocus,GoTour,1514877126296
sensor0_Temperature,27.07,1514877129533
sensor0_Brightness,82.0,1514877129537
sensor1_Temperature,27.18,1514877129540
sensor1_Brightness,0.0,1514877129543
SoundC,72.66858725677886,1514877131229
Present,114,1514877131232
SoundCenter0,72.78214669291717,1514877134769
SoundCenter1,70.81198867647919,1514877134770
SoundCenter2,70.18336187536576,1514877134771
SoundWall0,75.01156390111893,1514877134996
SoundWall1,76.77528564762638,1514877135005
SoundWall2,72.75322959550559,1514877135017
sensor0_Temperature,27.07,1514877136279
sensor0_Brightness,82.0,1514877136292
sensor1_Temperature,27.18,1514877136295
sensor1_Brightness,0.0,1514877136299
SoundC,77.19920484509075,1514877141238
Present,135,1514877141242
sensor0_Temperature,27.07,1514877143207
sensor0_Brightness,82.0,1514877143211
sensor1_Temperature,27.18,1514877143214
sensor1_Brightness,0.0,1514877143218
SoundCenter0,72.5651867601228,1514877144769
SoundCenter1,69.44740367311702,1514877144770
SoundCenter2,69.22147335675028,1514877144771
SoundWall0,73.4490060161988,1514877144996
SoundWall1,75.13323214315798,1514877145005
SoundWall2,71.62820183575455,1514877145017
sensor0_Temperature,27.07,1514877149909
sensor0_Brightness,82.0,1514877149913
sensor1_Temperature,27.18,1514877149917
sensor1_Brightness,0.0,1514877149921
SoundC,62.551438321825636,1514877151247
Present,110,1514877151250
SoundCenter0,72.8663505298786,1514877154769
SoundCenter1,69.26938228959878,1514877154771
SoundCenter2,69.3129078391722,1514877154772
SoundWall0,73.58418868573649,1514877154996
SoundWall1,74.61561202924713,1514877155005
SoundWall2,70.41268051559899,1514877155017
sensor0_Temperature,27.07,1514877156870
sensor0_Brightness,82.0,1514877156877
sensor1_Temperature,27.18,1514877156880
sensor1_Brightness,0.0,1514877156882
SoundC,70.0787016850011,1514877161257
Present,116,1514877161261
sensor0_Temperature,27.07,1514877163326
sensor0_Brightness,82.0,1514877163329
sensor1_Temperature,27.18,1514877163333
sensor1_Brightness,0.0,1514877163337
SoundCenter0,72.1090238981336,1514877164769
SoundCenter1,67.77751597873939,1514877164771
SoundCenter2,68.23073053362175,1514877164772
SoundWall0,71.68879096900281,1514877164996
SoundWall1,71.91551982414454,1514877165006
SoundWall2,68.07515503058382,1514877165017
sensor0_Temperature,27.07,1514877170192
sensor0_Brightness,82.0,1514877170196
sensor1_Temperature,27.18,1514877170199
sensor1_Brightness,0.0,1514877170202
SoundC,58.433135904413454,1514877171269
Present,97,1514877171272
SoundCenter0,73.80131379277915,1514877174769
SoundCenter1,69.98057607508153,1514877174771
SoundCenter2,69.85788334808743,1514877174772
SoundWall0,73.00076343509498,1514877174996
SoundWall1,72.99816229111524,1514877175005
SoundWall2,69.68249232732852,1514877175017
sensor0_Temperature,27.07,1514877176991
sensor0_Brightness,82.0,1514877176995
sensor1_Temperature,27.18,1514877176998
sensor1_Brightness,0.0,1514877177001
SoundC,56.45426312235056,1514877181275
Present,108,1514877181278
sensor0_Temperature,27.07,1514877183826
sensor0_Brightness,82.0,1514877183830
sensor1_Temperature,27.18,1514877183833
sensor1_Brightness,0.0,1514877183837
SoundCenter0,73.75059210464659,1514877184769
SoundCenter1,69.84104821249093,1514877184770
SoundCenter2,69.84655285634373,1514877184771
SoundWall0,72.81243179628385,1514877184996
SoundWall1,72.77158228546651,1514877185005
SoundWall2,70.0658443304745,1514877185020
MoveFocus,GoTour,1514877186422
sensor0_Temperature,27.07,1514877190879
sensor0_Brightness,82.0,1514877190883
sensor1_Temperature,27.18,1514877190886
sensor1_Brightness,0.0,1514877190889
SoundC,59.341519288975356,1514877191281
Present,96,1514877191284
SoundCenter0,73.51537276809754,1514877194769
SoundCenter1,70.04968234230581,1514877194770
SoundCenter2,70.3975391692042,1514877194771
SoundWall0,72.49552733614162,1514877194996
SoundWall1,72.64895544530773,1514877195005
SoundWall2,69.88495442504548,1514877195017
sensor0_Temperature,27.07,1514877197541
sensor0_Brightness,82.0,1514877197545
sensor1_Temperature,27.18,1514877197549
sensor1_Brightness,0.0,1514877197552
SoundC,70.987085069563,1514877201293
Present,106,1514877201297
sensor0_Temperature,27.07,1514877204393
sensor0_Brightness,82.0,1514877204397
sensor1_Temperature,27.18,1514877204400
sensor1_Brightness,0.0,1514877204403
SoundCenter0,74.8132922868104,1514877204769
SoundCenter1,71.66607616664169,1514877204770
SoundCenter2,71.97232823240408,1514877204771
SoundWall0,74.09354931495325,1514877204996
SoundWall1,74.16922313277423,1514877205011
SoundWall2,71.15149191260183,1514877205026
sensor0_Temperature,27.07,1514877211033
sensor0_Brightness,82.0,1514877211038
sensor1_Temperature,27.18,1514877211041
sensor1_Brightness,0.0,1514877211044
SoundC,75.93060245540138,1514877211300
Present,99,1514877211303
SoundCenter0,74.95163967848025,1514877214769
SoundCenter1,72.30722885281197,1514877214770
SoundCenter2,72.5460747803345,1514877214771
SoundWall0,74.70447421824423,1514877214996
SoundWall1,74.75627620709511,1514877215005
SoundWall2,71.91686061793759,1514877215028
sensor0_Temperature,27.07,1514877217814
sensor0_Brightness,82.0,1514877217819
sensor1_Temperature,27.18,1514877217823
sensor1_Brightness,0.0,1514877217827
SoundC,58.433135904413454,1514877221305
Present,100,1514877221309
sensor0_Temperature,27.07,1514877224585
sensor0_Brightness,82.0,1514877224590
sensor1_Temperature,27.18,1514877224593
sensor1_Brightness,0.0,1514877224595
SoundCenter0,75.13577664987655,1514877224769
SoundCenter1,73.3452312801241,1514877224770
SoundCenter2,73.1030355876224,1514877224771
SoundWall0,76.16901663344801,1514877224997
SoundWall1,76.39214359724063,1514877225005
SoundWall2,73.7013416984221,1514877225017
sensor0_Temperature,27.07,1514877231061
sensor0_Brightness,82.0,1514877231065
sensor1_Temperature,27.18,1514877231068
sensor1_Brightness,0.0,1514877231071
SoundC,54.210802194865956,1514877231312
Present,110,1514877231315
SoundCenter0,73.61573244021817,1514877234769
SoundCenter1,71.23164780200442,1514877234770
SoundCenter2,71.03102929865749,1514877234771
SoundWall0,75.10961766171765,1514877234996
SoundWall1,74.82551724418104,1514877235005
SoundWall2,72.27678421450938,1514877235017
sensor0_Temperature,27.07,1514877237603
sensor0_Brightness,82.0,1514877237606
sensor1_Temperature,27.18,1514877237610
sensor1_Brightness,0.0,1514877237612
SoundC,54.210802194865956,1514877241325
Present,93,1514877241329
sensor0_Temperature,27.07,1514877244030
sensor0_Brightness,82.0,1514877244034
sensor1_Temperature,27.18,1514877244037
sensor1_Brightness,0.0,1514877244040
SoundCenter0,73.66710241018127,1514877244769
SoundCenter1,71.73360532039474,1514877244770
SoundCenter2,71.18242456582111,1514877244772
SoundWall0,76.72698521254401,1514877244996
SoundWall1,76.27255537386391,1514877245005
SoundWall2,73.23386228528271,1514877245025
MoveFocus,GoTour,1514877246680
sensor0_Temperature,27.07,1514877250471
sensor0_Brightness,82.0,1514877250474
sensor1_Temperature,27.18,1514877250477
sensor1_Brightness,0.0,1514877250480
SoundC,65.8563679754536,1514877251338
Present,110,1514877251341
SoundCenter0,73.77272795431037,1514877254769
SoundCenter1,72.14650492521045,1514877254771
SoundCenter2,71.50876040497229,1514877254772
SoundWall0,76.61316103899475,1514877254996
SoundWall1,75.92668065869667,1514877255005
SoundWall2,73.23526642827306,1514877255017
sensor0_Temperature,27.07,1514877256900
sensor0_Brightness,82.0,1514877256903
sensor1_Temperature,27.18,1514877256907
sensor1_Brightness,0.0,1514877256910
SoundC,60.20329792798059,1514877261344
Present,103,1514877261347
sensor0_Temperature,27.07,1514877263315
sensor0_Brightness,82.0,1514877263320
sensor1_Temperature,27.18,1514877263323
sensor1_Brightness,0.0,1514877263325
SoundCenter0,70.81854403325694,1514877264769
SoundCenter1,68.43996462824886,1514877264770
SoundCenter2,67.95832730073015,1514877264772
SoundWall0,73.86245285879006,1514877264996
SoundWall1,73.39462385328375,1514877265005
SoundWall2,71.49963768482456,1514877265025
sensor0_Temperature,27.07,1514877270444
sensor0_Brightness,82.0,1514877270447
sensor1_Temperature,27.18,1514877270450
sensor1_Brightness,0.0,1514877270453
SoundC,74.55832985633069,1514877271355
Present,91,1514877271358
SoundCenter0,71.07780352075513,1514877274769
SoundCenter1,68.69244974541002,1514877274771
SoundCenter2,68.11394304952844,1514877274772
SoundWall0,73.02942028660982,1514877274996
SoundWall1,72.66030189993161,1514877275005
SoundWall2,71.2941197461146,1514877275017
sensor0_Temperature,27.07,1514877277100
sensor0_Brightness,82.0,1514877277104
sensor1_Temperature,27.18,1514877277106
sensor1_Brightness,0.0,1514877277109
SoundC,60.20329792798059,1514877281363
Present,128,1514877281367
sensor0_Temperature,27.07,1514877283963
sensor0_Brightness,82.0,1514877283967
sensor1_Temperature,27.18,1514877283970
sensor1_Brightness,0.0,1514877283972
SoundCenter0,71.08631550869595,1514877284769
SoundCenter1,68.78223568804823,1514877284771
SoundCenter2,68.17057792037524,1514877284772
SoundWall0,74.18912850057247,1514877284996
SoundWall1,73.61846778820315,1514877285006
SoundWall2,71.48953973616975,1514877285026
sensor0_Temperature,27.07,1514877290881
sensor0_Brightness,82.0,1514877290885
sensor1_Temperature,27.18,1514877290888
sensor1_Brightness,0.0,1514877290891
SoundC,65.8563679754536,1514877291369
Present,115,1514877291372
SoundCenter0,71.6890869420963,1514877294769
SoundCenter1,69.12801662132502,1514877294771
SoundCenter2,68.76377512571928,1514877294772
SoundWall0,74.52117214201145,1514877294996
SoundWall1,73.95647427028968,1514877295005
SoundWall2,71.7000097673366,1514877295017
sensor0_Temperature,27.07,1514877297358
sensor0_Brightness,82.0,1514877297362
sensor1_Temperature,27.18,1514877297364
sensor1_Brightness,0.0,1514877297367
SoundC,61.023021476191225,1514877301375
Present,102,1514877301378
sensor0_Temperature,27.07,1514877303888
sensor0_Brightness,82.0,1514877303892
sensor1_Temperature,27.18,1514877303895
sensor1_Brightness,0.0,1514877303898
SoundCenter0,70.86313527960374,1514877304769
SoundCenter1,67.22928853963226,1514877304771
SoundCenter2,66.80489850978833,1514877304772
SoundWall0,72.41774836092299,1514877304996
SoundWall1,71.97787376795029,1514877305005
SoundWall2,69.60908748724283,1514877305017
MoveFocus,GoTour,1514877306860
sensor0_Temperature,27.07,1514877310916
sensor0_Brightness,82.0,1514877310920
sensor1_Temperature,27.18,1514877310923
sensor1_Brightness,0.0,1514877310926
SoundC,61.023021476191225,1514877311381
Present,103,1514877311384
SoundCenter0,70.89011269250341,1514877314769
SoundCenter1,66.26759843772325,1514877314771
SoundCenter2,65.67544651948276,1514877314772
SoundWall0,71.13755525653916,1514877314996
SoundWall1,71.19059404731888,1514877315005
SoundWall2,67.77481487867537,1514877315017
sensor0_Temperature,27.07,1514877317343
sensor0_Brightness,82.0,1514877317347
sensor1_Temperature,27.18,1514877317350
sensor1_Brightness,0.0,1514877317352
SoundC,61.023021476191225,1514877321390
Present,94,1514877321393
SoundCenter0,71.99639245311299,1514877324769
SoundCenter1,67.7104247258451,1514877324770
SoundCenter2,67.25519610122258,1514877324771
sensor0_Temperature,27.07,1514877324860
sensor0_Brightness,82.0,1514877324863
sensor1_Temperature,27.18,1514877324867
sensor1_Brightness,0.0,1514877324870
SoundWall0,72.11985940068219,1514877324996
SoundWall1,71.54530272267478,1514877325005
SoundWall2,67.5043406626178,1514877325017
SoundC,61.023021476191225,1514877331398
Present,95,1514877331401
sensor0_Temperature,27.07,1514877331419
sensor0_Brightness,82.0,1514877331423
sensor1_Temperature,27.18,1514877331425
sensor1_Brightness,0.0,1514877331430
SoundCenter0,71.25821482029687,1514877334769
SoundCenter1,66.63640193110506,1514877334771
SoundCenter2,66.0527008309899,1514877334772
SoundWall0,71.77396878492644,1514877334996
SoundWall1,71.2914416239165,1514877335005
SoundWall2,67.42283512930081,1514877335025
sensor0_Temperature,27.07,1514877338112
sensor0_Brightness,82.0,1514877338116
sensor1_Temperature,27.18,1514877338119
sensor1_Brightness,0.0,1514877338121
SoundC,69.60540278108363,1514877341407
Present,108,1514877341409
SoundCenter0,69.89557174562707,1514877344769
SoundCenter1,65.51807395430923,1514877344771
SoundCenter2,64.90027629534744,1514877344772
sensor0_Temperature,27.07,1514877344943
sensor0_Brightness,82.0,1514877344946
sensor1_Temperature,27.18,1514877344949
sensor1_Brightness,0.0,1514877344952
SoundWall0,69.33253983443547,1514877344996
SoundWall1,69.07860905595865,1514877345006
SoundWall2,65.88745069736467,1514877345026
TurnOffLightGroup2,null,1514877347950
LightGroup2,Off,1514877347970
Exit,null,1514877350116
UserCount,7,1514877350116
CorrectedUserCount,4,1514877350122
TurnOffLightGroup1,null,1514877351230
TurnOffLightGroup3,null,1514877351233
LightGroup1,Off,1514877351251
LightGroup3,Off,1514877351281
sensor0_Temperature,27.07,1514877351377
sensor0_Brightness,82.0,1514877351381
sensor1_Temperature,27.18,1514877351383
sensor1_Brightness,0.0,1514877351385
SoundC,61.023021476191225,1514877351411
Present,90,1514877351414
Exit,null,1514877354068
UserCount,6,1514877354068
CorrectedUserCount,3,1514877354072
SoundCenter0,68.4661269026426,1514877354769
SoundCenter1,64.2664152730745,1514877354771
SoundCenter2,63.35902111039737,1514877354772
SoundWall0,67.3699278503989,1514877354996
SoundWall1,67.48627816180877,1514877355006
SoundWall2,65.00309587576798,1514877355025
Exit,null,1514877356380
UserCount,5,1514877356380
CorrectedUserCount,2,1514877356383
sensor0_Temperature,27.07,1514877357868
sensor0_Brightness,82.0,1514877357872
sensor1_Temperature,27.18,1514877357875
sensor1_Brightness,0.0,1514877357877
