SoundRight,60.6618363639916,1500285465392
Entrance,null,1500285466796
UserCount,5,1500285466796
SoundRight,61.472696311832095,1500285475392
SoundRight,62.069484238246794,1500285485392
Temperature,25.19,1500285486247
Humidity,47.93883698639036,1500285486253
Brightness,1.0,1500285486261
SoundRight,63.634399415466774,1500285495392
Seat1A,true,1500285495728
TotalSeatCount,2,1500285495728
Entrance,null,1500285498543
UserCount,6,1500285498543
Seat5A,true,1500285502006
TotalSeatCount,3,1500285502006
SoundRight,64.33607418074793,1500285505390
Seat5A,false,1500285507104
TotalSeatCount,2,1500285507114
Exit,null,1500285514829
UserCount,5,1500285514829
SoundRight,66.36651787477984,1500285515400
MoveFocus,GoTour,1500285522852
SoundRight,66.83535698279957,1500285525390
Seat5A,true,1500285527165
TotalSeatCount,3,1500285527165
Seat2A,false,1500285533208
TotalSeatCount,2,1500285533208
Entrance,null,1500285533285
UserCount,6,1500285533286
SoundRight,67.29100569106927,1500285535390
Seat5A,false,1500285542228
TotalSeatCount,1,1500285542228
Entrance,null,1500285543832
UserCount,7,1500285543832
SoundRight,68.87158378893747,1500285545392
Exit,null,1500285546993
UserCount,6,1500285546993
Temperature,25.19,1500285547069
Humidity,47.93883698639036,1500285547074
Brightness,1.0,1500285547088
Seat5A,true,1500285547320
Seat4A,true,1500285547320
TotalSeatCount,3,1500285547320
SoundRight,68.31618590132348,1500285555390
SoundRight,69.98991543126454,1500285565392
Entrance,null,1500285566914
UserCount,7,1500285566914
Entrance,null,1500285569761
UserCount,8,1500285569761
Seat5B,true,1500285573644
TotalSeatCount,4,1500285573644
SoundRight,69.74061359225443,1500285575392
Aircon0Power,Off,1500285580872
TurnOffAirCon0,null,1500285580874
MoveFocus,GoTour,1500285583079
SoundRight,70.6479799936187,1500285585392
SoundRight,70.81526206392327,1500285595392
Entrance,null,1500285597284
UserCount,9,1500285597284
Seat5A,false,1500285602330
Seat2A,true,1500285602335
TotalSeatCount,4,1500285602335
SoundRight,70.74118346809391,1500285605392
Entrance,null,1500285605545
UserCount,10,1500285605545
Entrance,null,1500285605747
UserCount,11,1500285605747
Temperature,25.19,1500285607722
Humidity,47.93883698639036,1500285607726
Brightness,1.0,1500285607735
Entrance,null,1500285610576
UserCount,12,1500285610576
Seat5A,true,1500285612420
Seat2A,false,1500285612420
TotalSeatCount,4,1500285612420
SoundRight,71.92036268750255,1500285615392
Seat5A,false,1500285617523
Seat2B,true,1500285617523
TotalSeatCount,4,1500285617523
Seat1B,true,1500285620810
Seat2A,true,1500285620810
TotalSeatCount,6,1500285620815
Seat5A,true,1500285622640
TotalSeatCount,7,1500285622640
Exit,null,1500285624701
UserCount,11,1500285624701
SoundRight,71.24080410075457,1500285625390
Seat2B,false,1500285632951
TotalSeatCount,6,1500285632951
SoundRight,69.89174472684604,1500285635392
Seat2A,false,1500285641641
TotalSeatCount,5,1500285641641
MoveFocus,GoTour,1500285643221
Entrance,null,1500285644024
UserCount,12,1500285644025
SoundRight,70.62679839812292,1500285645390
Seat5A,false,1500285647669
Seat4A,false,1500285647669
TotalSeatCount,3,1500285647669
Seat2A,true,1500285651706
TotalSeatCount,4,1500285651711
Seat5A,true,1500285652762
TotalSeatCount,5,1500285652762
Exit,null,1500285654839
UserCount,11,1500285654839
SoundRight,71.99329132735583,1500285655390
Entrance,null,1500285661201
UserCount,12,1500285661201
Seat2A,false,1500285661786
TotalSeatCount,4,1500285661786
Seat3A,true,1500285664813
TotalSeatCount,5,1500285664813
SoundRight,72.70877115751061,1500285665391
Temperature,25.19,1500285668522
Humidity,48.06215686699118,1500285668526
Brightness,1.0,1500285668538
SoundRight,72.23339473653135,1500285675392
Entrance,null,1500285683406
UserCount,13,1500285683406
Entrance,null,1500285683863
UserCount,14,1500285683863
SoundRight,71.03386379962902,1500285685391
Entrance,null,1500285687431
UserCount,15,1500285687431
Seat4A,true,1500285688301
TotalSeatCount,6,1500285688301
Seat2B,true,1500285692923
Seat6A,true,1500285692923
TotalSeatCount,8,1500285692928
SoundRight,71.01008473069608,1500285695392
Seat2B,false,1500285698006
TotalSeatCount,7,1500285698006
MoveFocus,GoTour,1500285703314
SoundRight,70.0836228318895,1500285705392
Seat2B,true,1500285713124
TotalSeatCount,8,1500285713124
SoundRight,68.06397395946118,1500285715390
Seat2B,false,1500285718176
TotalSeatCount,7,1500285718176
SoundRight,65.47099091301864,1500285725392
Temperature,25.19,1500285729041
Humidity,47.93883698639036,1500285729045
Brightness,1.0,1500285729065
SoundRight,64.09738344608895,1500285735392
SoundRight,63.72641721749614,1500285745392
Seat4B,true,1500285750959
TotalSeatCount,8,1500285750964
ProjectorPower,On,1500285751934
TurnOnProjector,null,1500285751964
SoundRight,64.60903598062755,1500285755390
Seat2A,true,1500285756742
Seat5A,false,1500285756742
TotalSeatCount,8,1500285756747
Seat2A,false,1500285761835
TotalSeatCount,7,1500285761835
MoveFocus,GoTour,1500285763436
SoundRight,64.68706992125745,1500285765392
Seat5A,true,1500285767778
TotalSeatCount,8,1500285767778
SoundRight,64.8713333819966,1500285775392
Seat5A,false,1500285777868
Seat6A,false,1500285777868
TotalSeatCount,6,1500285777868
Seat2A,true,1500285781895
TotalSeatCount,7,1500285781895
Seat5A,true,1500285782956
Seat2B,true,1500285782956
TotalSeatCount,9,1500285782956
SoundRight,64.53367285922421,1500285785390
Seat2A,false,1500285786983
TotalSeatCount,8,1500285786983
Temperature,25.19,1500285789772
Humidity,47.93883698639036,1500285789776
Brightness,1.0,1500285789788
Seat5A,false,1500285793051
Seat2B,false,1500285793051
TotalSeatCount,6,1500285793051
SoundRight,65.69942578807007,1500285795390
Seat6A,true,1500285803582
TotalSeatCount,7,1500285803582
SoundRight,67.65861223792477,1500285805390
Seat5A,true,1500285813122
Seat2B,true,1500285813127
Seat6A,false,1500285813127
TotalSeatCount,8,1500285813127
SoundRight,67.65298014805865,1500285815390
Seat2B,false,1500285823418
TotalSeatCount,7,1500285823418
MoveFocus,GoTour,1500285823553
SoundRight,66.92459540259416,1500285825393
Seat2A,true,1500285827024
TotalSeatCount,8,1500285827024
Seat2A,false,1500285832107
TotalSeatCount,7,1500285832107
Seat6A,true,1500285833758
TotalSeatCount,8,1500285833758
SoundRight,68.02010266332344,1500285835392
Seat6A,false,1500285838831
TotalSeatCount,7,1500285838831
SoundRight,68.61223621953779,1500285845392
Temperature,25.19,1500285850382
Humidity,47.93883698639036,1500285850388
Brightness,1.0,1500285850394
Seat5A,false,1500285853133
TotalSeatCount,6,1500285853133
SoundRight,67.30921734634859,1500285855392
Seat4B,false,1500285855940
TotalSeatCount,5,1500285855940
Seat5A,true,1500285858241
TotalSeatCount,6,1500285858241
SoundRight,66.11832940906783,1500285865393
Seat6A,true,1500285868867
TotalSeatCount,7,1500285868867
SoundRight,65.35748848555515,1500285875392
Seat5A,false,1500285883314
TotalSeatCount,6,1500285883314
MoveFocus,GoTour,1500285883640
SoundRight,65.67303217050913,1500285885392
Seat5A,true,1500285888427
TotalSeatCount,7,1500285888432
SoundRight,65.23333846257295,1500285895394
Seat4B,true,1500285895986
TotalSeatCount,8,1500285895986
SoundRight,65.0842288450659,1500285905392
Temperature,25.19,1500285911055
Humidity,47.93883698639036,1500285911059
Brightness,1.0,1500285911066
Seat2A,true,1500285912055
TotalSeatCount,9,1500285912060
Seat5A,false,1500285913486
TotalSeatCount,8,1500285913486
SoundRight,66.0416411844146,1500285915390
Seat5A,true,1500285918593
TotalSeatCount,9,1500285918593
SoundRight,65.5629988378793,1500285925392
Seat2A,false,1500285932105
TotalSeatCount,8,1500285932105
SoundRight,65.87892483730171,1500285935392
MoveFocus,GoTour,1500285943737
SoundRight,66.15311489856009,1500285945390
Seat2A,true,1500285952161
TotalSeatCount,9,1500285952161
SoundRight,65.6659667226365,1500285955392
Seat2A,false,1500285957259
TotalSeatCount,8,1500285957259
Seat4B,false,1500285961011
TotalSeatCount,7,1500285961011
SoundRight,66.797763140612,1500285965392
Temperature,25.19,1500285971694
Humidity,48.06215686699118,1500285971698
Brightness,1.0,1500285971705
SoundRight,66.74240344739059,1500285975392
Seat5A,false,1500285978625
TotalSeatCount,6,1500285978625
Seat2A,true,1500285982322
TotalSeatCount,7,1500285982322
Seat5A,true,1500285983723
TotalSeatCount,8,1500285983723
SoundRight,68.00272703727424,1500285985392
Seat1B,false,1500285985804
TotalSeatCount,7,1500285985809
Seat2A,false,1500285987405
TotalSeatCount,6,1500285987405
Seat1B,true,1500285990932
TotalSeatCount,7,1500285990932
SoundRight,68.3262945909383,1500285995392
MoveFocus,GoTour,1500286003829
SoundRight,67.96127541704988,1500286005390
SoundRight,68.03823305020492,1500286015390
SoundRight,67.8200579640095,1500286025392
Temperature,25.19,1500286032531
Humidity,47.93883698639036,1500286032535
Brightness,1.0,1500286032546
SoundRight,67.7248874053927,1500286035392
SoundRight,67.23034967145024,1500286045390
SoundRight,66.66496843949048,1500286055392
Seat4B,true,1500286055981
TotalSeatCount,8,1500286055981
Seat2A,true,1500286057372
TotalSeatCount,9,1500286057372
MoveFocus,GoTour,1500286063916
SoundRight,67.10374734184072,1500286065392
Seat2A,false,1500286067458
TotalSeatCount,8,1500286067458
SoundRight,67.40935017205103,1500286075391
Seat5A,false,1500286078704
TotalSeatCount,7,1500286078704
SoundRight,67.22788195772928,1500286085390
Seat5A,true,1500286088799
TotalSeatCount,8,1500286088799
Seat4B,false,1500286091055
TotalSeatCount,7,1500286091055
Temperature,25.19,1500286093237
Humidity,48.06215686699118,1500286093243
Brightness,1.0,1500286093249
SoundRight,67.18955787240604,1500286095392
SoundRight,66.60603098960844,1500286105392
Seat5A,false,1500286113837
TotalSeatCount,6,1500286113837
SoundRight,66.97813394859985,1500286115392
MoveFocus,GoTour,1500286124023
SoundRight,67.21699779451964,1500286125390
SoundRight,66.52435462783677,1500286135392
Seat6A,false,1500286138641
TotalSeatCount,5,1500286138641
Seat2A,true,1500286142358
TotalSeatCount,6,1500286142358
SoundRight,66.00495666518283,1500286145390
Seat6A,true,1500286148726
TotalSeatCount,7,1500286148726
Seat6A,false,1500286153824
TotalSeatCount,6,1500286153824
Temperature,25.19,1500286153905
Humidity,48.06215686699118,1500286153911
Brightness,1.0,1500286153917
SoundRight,65.97819810929435,1500286155390
Seat2B,true,1500286157285
Seat2A,false,1500286157285
TotalSeatCount,6,1500286157285
Seat5A,true,1500286158856
TotalSeatCount,7,1500286158856
Seat5A,false,1500286163954
TotalSeatCount,6,1500286163954
SoundRight,66.57934374572677,1500286165392
Seat2B,false,1500286167406
TotalSeatCount,5,1500286167411
Seat5B,true,1500286170448
TotalSeatCount,5,1500286170448
Seat2A,true,1500286172494
TotalSeatCount,6,1500286172494
Seat5A,true,1500286174059
TotalSeatCount,7,1500286174059
SoundRight,65.58521759458655,1500286175392
Seat1B,false,1500286175545
TotalSeatCount,6,1500286175545
Seat2A,false,1500286177676
TotalSeatCount,5,1500286177676
MoveFocus,GoTour,1500286184170
SoundRight,64.56205347388405,1500286185392
Seat6A,true,1500286193858
TotalSeatCount,6,1500286193859
SoundRight,64.74909352230443,1500286195392
SoundRight,64.85553268872293,1500286205392
SoundRight,65.59778113033272,1500286215390
Temperature,25.19,1500286217496
Humidity,48.06215686699118,1500286217502
Brightness,1.0,1500286217509
Seat6A,false,1500286223902
TotalSeatCount,5,1500286223902
SoundRight,65.94750917300954,1500286225390
Seat6A,true,1500286228980
TotalSeatCount,6,1500286228982
SoundRight,66.89088937616913,1500286235393
MoveFocus,GoTour,1500286244265
SoundRight,67.16955831183488,1500286245392
SoundRight,66.71018714448067,1500286255392
SoundRight,67.74110545076641,1500286265392
SoundRight,66.09642455652859,1500286275392
Temperature,25.19,1500286278168
Humidity,48.06215686699118,1500286278184
Brightness,1.0,1500286278190
Seat2A,true,1500286282413
TotalSeatCount,7,1500286282414
Seat5A,false,1500286284015
TotalSeatCount,6,1500286284015
SoundRight,66.18246321133546,1500286285392
Seat5A,true,1500286289063
TotalSeatCount,7,1500286289063
Seat2B,true,1500286292019
TotalSeatCount,8,1500286292019
SoundRight,66.08433089802354,1500286295392
Seat2B,false,1500286297097
TotalSeatCount,7,1500286297097
MoveFocus,GoTour,1500286304361
SoundRight,66.19835154640845,1500286305392
Seat1B,true,1500286310469
TotalSeatCount,8,1500286310469
SoundRight,68.60719164047592,1500286315392
Seat1B,false,1500286315577
TotalSeatCount,7,1500286315577
SoundRight,68.62776501480758,1500286325393
Seat1B,true,1500286325662
TotalSeatCount,8,1500286325662
Seat1B,false,1500286330760
TotalSeatCount,7,1500286330760
SoundRight,69.05553726697649,1500286335392
Seat4B,true,1500286335723
Seat1B,true,1500286335728
TotalSeatCount,9,1500286335728
Temperature,25.19,1500286338706
Humidity,48.06215686699118,1500286338712
Brightness,1.0,1500286338720
Seat6A,false,1500286343867
TotalSeatCount,8,1500286343867
SoundRight,69.97255661969638,1500286345392
Seat1B,false,1500286345938
TotalSeatCount,7,1500286345938
Seat6A,true,1500286348960
TotalSeatCount,8,1500286348960
Seat4B,false,1500286350796
TotalSeatCount,7,1500286350796
SoundRight,70.24224793112309,1500286355393
MoveFocus,GoTour,1500286364478
SoundRight,71.85725446129784,1500286365390
Seat2A,false,1500286367410
TotalSeatCount,6,1500286367410
Seat4B,true,1500286370876
TotalSeatCount,7,1500286370876
Seat2A,true,1500286372502
TotalSeatCount,8,1500286372502
SoundRight,71.23307190207976,1500286375393
Seat1B,true,1500286381002
Seat2B,true,1500286381002
TotalSeatCount,10,1500286381002
Seat2A,false,1500286384028
Seat6A,false,1500286384028
TotalSeatCount,8,1500286384033
SoundRight,71.95234314511818,1500286385392
Seat2B,false,1500286387085
Seat2A,true,1500286387085
TotalSeatCount,8,1500286387090
Seat4B,false,1500286390967
TotalSeatCount,7,1500286390967
SoundRight,73.76849263578002,1500286395393
Temperature,25.19,1500286399282
Humidity,48.06215686699118,1500286399291
Brightness,1.0,1500286399299
Seat4B,true,1500286401063
TotalSeatCount,8,1500286401063
SoundRight,73.22440508384686,1500286405390
Seat2A,false,1500286412729
TotalSeatCount,7,1500286412729
SoundRight,72.64099890500196,1500286415394
Seat1B,false,1500286416035
TotalSeatCount,6,1500286416035
Seat2A,true,1500286417846
TotalSeatCount,7,1500286417846
MoveFocus,GoTour,1500286424570
SoundRight,72.34510887199676,1500286425390
Seat2B,true,1500286432099
TotalSeatCount,8,1500286432114
SoundRight,72.93651132979217,1500286435390
Seat2B,false,1500286437167
TotalSeatCount,7,1500286437167
SoundRight,72.73789837572205,1500286445390
Seat2B,true,1500286447237
TotalSeatCount,8,1500286447237
Seat2B,false,1500286452390
TotalSeatCount,7,1500286452390
SoundRight,72.21306562589493,1500286455390
Temperature,25.19,1500286459877
Humidity,48.06215686699118,1500286459884
Brightness,1.0,1500286459891
Seat2A,false,1500286462815
TotalSeatCount,6,1500286462820
SoundRight,73.05619579268321,1500286465390
Seat2B,true,1500286467398
TotalSeatCount,7,1500286467398
SoundRight,74.10915417040044,1500286475390
Seat2B,false,1500286482476
Seat2A,true,1500286482506
TotalSeatCount,7,1500286482511
MoveFocus,GoTour,1500286484707
SoundRight,73.44837477010245,1500286485390
Seat2B,true,1500286487579
TotalSeatCount,8,1500286487579
SoundRight,70.83995182987877,1500286495390
Seat6A,true,1500286498930
TotalSeatCount,9,1500286498935
Seat2B,false,1500286502637
TotalSeatCount,8,1500286502637
SoundRight,69.36911162874405,1500286505390
Seat2B,true,1500286507719
TotalSeatCount,9,1500286507719
Seat6A,false,1500286514008
TotalSeatCount,8,1500286514008
SoundRight,69.04655329824297,1500286515390
Seat6A,true,1500286519130
TotalSeatCount,9,1500286519130
Temperature,25.19,1500286520397
Humidity,48.18547674759201,1500286520403
Brightness,1.0,1500286520411
Seat2B,false,1500286522842
TotalSeatCount,8,1500286522842
Seat6A,false,1500286524188
TotalSeatCount,7,1500286524188
SoundRight,68.45225744921481,1500286525390
SoundRight,68.1613884589776,1500286535390
Seat6A,true,1500286544274
TotalSeatCount,8,1500286544274
MoveFocus,GoTour,1500286544799
SoundRight,68.80864948230035,1500286545390
Seat6A,false,1500286549367
TotalSeatCount,7,1500286549367
SoundRight,70.60741185165915,1500286555390
SoundRight,72.03002891126651,1500286565390
SoundRight,72.2914266363404,1500286575390
SoundRight,72.12656161263322,1500286585391
Seat2B,true,1500286587732
Seat2A,false,1500286587732
TotalSeatCount,7,1500286587732
Temperature,25.19,1500286588139
Humidity,48.06215686699118,1500286588145
Brightness,1.0,1500286588153
SoundRight,71.22556983436321,1500286595392
MoveFocus,GoTour,1500286604891
SoundRight,70.24211595708678,1500286605390
SoundRight,70.9328796937232,1500286615392
Seat2B,false,1500286617788
TotalSeatCount,6,1500286617788
Seat2B,true,1500286622851
TotalSeatCount,7,1500286622851
SoundRight,70.09738152782727,1500286625392
SoundRight,68.10560071781224,1500286635392
Seat1B,true,1500286640700
TotalSeatCount,8,1500286640705
Seat2A,true,1500286642836
TotalSeatCount,9,1500286642836
Seat2A,true,1500286643982
TotalSeatCount,9,1500286643982
Seat2B,false,1500286645248
TotalSeatCount,8,1500286645248
SoundRight,67.45085931109871,1500286645392
Temperature,25.19,1500286648671
Humidity,48.18547674759201,1500286648677
Brightness,1.0,1500286648685
Seat2A,false,1500286654067
TotalSeatCount,7,1500286654067
SoundRight,66.57917589109738,1500286655392
Seat5A,false,1500286658700
TotalSeatCount,6,1500286658700
Seat5A,true,1500286663803
Seat2A,true,1500286663808
TotalSeatCount,8,1500286663808
ProjectorInput,COM2,1500286664818
MoveFocus,GoTour,1500286664988
SoundRight,65.41179226602388,1500286665392
Seat6A,true,1500286669245
TotalSeatCount,9,1500286669245
Seat6A,false,1500286674333
TotalSeatCount,8,1500286674333
SoundRight,63.939655676870615,1500286675392
ProjectorInput,COM1,1500286677345
Seat2A,false,1500286679236
TotalSeatCount,7,1500286679236
SoundRight,63.13905877286492,1500286685392
Seat2A,true,1500286689326
TotalSeatCount,8,1500286689326
SoundRight,64.8346116614021,1500286695392
Seat2A,false,1500286699452
TotalSeatCount,7,1500286699457
Seat1B,false,1500286700717
TotalSeatCount,6,1500286700717
SoundRight,64.7900770155279,1500286705390
Temperature,25.19,1500286709225
Humidity,48.18547674759201,1500286709232
Brightness,1.0,1500286709239
Seat2B,true,1500286710172
TotalSeatCount,7,1500286710172
Seat3B,true,1500286711998
TotalSeatCount,8,1500286711998
Seat2A,true,1500286714500
TotalSeatCount,9,1500286714500
SoundRight,65.61913506528232,1500286715390
Seat2B,false,1500286720243
TotalSeatCount,8,1500286720243
MoveFocus,GoTour,1500286725065
SoundRight,66.32570358701817,1500286725392
SoundRight,66.65384772093995,1500286735392
SoundRight,67.5882091758583,1500286745394
Seat2A,false,1500286754566
TotalSeatCount,7,1500286754566
SoundRight,67.27048488802862,1500286755392
SoundRight,68.89760857398487,1500286765392
Seat5B,true,1500286767153
TotalSeatCount,7,1500286767153
Seat2A,true,1500286769609
TotalSeatCount,8,1500286769609
Temperature,25.19,1500286769745
Humidity,48.18547674759201,1500286769751
Brightness,1.0,1500286769759
SoundRight,69.29532809818507,1500286775392
Seat1B,true,1500286777908
TotalSeatCount,9,1500286777908
Seat2A,false,1500286779704
TotalSeatCount,8,1500286779704
MoveFocus,GoTour,1500286785182
SoundRight,70.0770880543621,1500286785392
SoundRight,70.17689898299408,1500286795392
SoundRight,70.60642423882668,1500286805392
SoundRight,71.19046167711983,1500286815392
SoundRight,70.70912887405923,1500286825392
Seat2A,true,1500286829663
TotalSeatCount,9,1500286829663
Temperature,25.19,1500286830461
Humidity,48.18547674759201,1500286830470
Brightness,1.0,1500286830478
SoundRight,71.44628583873106,1500286835392
Seat1B,false,1500286842900
TotalSeatCount,8,1500286842900
SoundRight,71.8093610575818,1500286845392
MoveFocus,GoTour,1500286845587
Seat2A,false,1500286849724
TotalSeatCount,7,1500286849724
OpenFile,null,1500286851041
SoundRight,71.88194068123974,1500286855392
Seat4B,false,1500286860720
TotalSeatCount,6,1500286860720
Seat1B,true,1500286862961
TotalSeatCount,7,1500286862961
SoundRight,71.89094283362876,1500286865390
Seat1B,false,1500286868064
TotalSeatCount,6,1500286868064
SoundRight,71.09812689077417,1500286875392
Seat1B,true,1500286878154
TotalSeatCount,7,1500286878154
Seat1B,false,1500286883247
TotalSeatCount,6,1500286883247
SoundRight,70.47986073382715,1500286885390
Seat4B,true,1500286885798
TotalSeatCount,7,1500286885798
Temperature,25.19,1500286891039
Humidity,48.18547674759201,1500286891045
Brightness,1.0,1500286891052
Seat2A,true,1500286894738
TotalSeatCount,8,1500286894738
SoundRight,70.19593797461748,1500286895390
SoundRight,69.87735894124691,1500286905392
MoveFocus,GoTour,1500286905679
SoundRight,69.99848588726837,1500286915392
SoundRight,70.09982227069783,1500286925392
Seat5A,false,1500286928591
TotalSeatCount,7,1500286928591
Seat5A,true,1500286933694
TotalSeatCount,8,1500286933694
SoundRight,70.87903910364398,1500286935392
SoundRight,72.27279567556131,1500286945392
Temperature,25.19,1500286951615
Humidity,48.18547674759201,1500286951622
Brightness,1.0,1500286951629
SoundRight,73.17011739078833,1500286955392
Seat2B,true,1500286959692
TotalSeatCount,9,1500286959692
Seat2A,false,1500286964805
TotalSeatCount,8,1500286964805
SoundRight,73.92197260533497,1500286965392
MoveFocus,GoTour,1500286965761
Seat2B,false,1500286969788
TotalSeatCount,7,1500286969788
SoundRight,74.26525963717664,1500286975392
Seat2B,true,1500286984836
TotalSeatCount,8,1500286984836
SoundRight,73.64208899646773,1500286985390
Seat2B,false,1500286989924
TotalSeatCount,7,1500286989924
SoundRight,71.89908289838651,1500286995392
Seat3B,false,1500286996777
TotalSeatCount,6,1500286996777
Seat2A,true,1500287004781
TotalSeatCount,7,1500287004781
SoundRight,69.70526170531897,1500287005392
Seat3B,true,1500287006913
TotalSeatCount,8,1500287006913
Seat2A,false,1500287009879
TotalSeatCount,7,1500287009879
Temperature,25.31,1500287012444
Humidity,48.18547674759201,1500287012450
Brightness,1.0,1500287012458
Seat2B,true,1500287014962
TotalSeatCount,8,1500287014962
SoundRight,68.27500795307634,1500287015390
Seat2B,false,1500287020050
TotalSeatCount,7,1500287020050
SoundRight,66.21026880012683,1500287025390
MoveFocus,GoTour,1500287025938
Seat1B,true,1500287028184
TotalSeatCount,8,1500287028184
Seat1B,false,1500287033287
TotalSeatCount,7,1500287033287
SoundRight,65.03680958772787,1500287035392
Seat2B,true,1500287040105
TotalSeatCount,8,1500287040105
SoundRight,64.39890294358756,1500287045392
Seat2B,false,1500287055168
TotalSeatCount,7,1500287055168
SoundRight,64.5958668890356,1500287055392
SoundRight,65.01424057449272,1500287065390
Seat2A,true,1500287072367
TotalSeatCount,8,1500287072367
Temperature,25.31,1500287072984
Humidity,48.18547674759201,1500287072990
Brightness,1.0,1500287072998
SoundRight,64.95526146452032,1500287075392
Seat2A,false,1500287077435
TotalSeatCount,7,1500287077435
Seat2B,true,1500287085229
TotalSeatCount,8,1500287085234
SoundRight,65.23207475302222,1500287085392
MoveFocus,GoTour,1500287086020
Seat2B,false,1500287090352
TotalSeatCount,7,1500287090352
Seat3B,false,1500287091828
TotalSeatCount,6,1500287091828
SoundRight,65.41642027399568,1500287095392
Seat2B,true,1500287100382
TotalSeatCount,7,1500287100387
SoundRight,66.02454079274696,1500287105392
Seat2B,false,1500287110483
TotalSeatCount,6,1500287110483
Seat2A,true,1500287112494
TotalSeatCount,7,1500287112494
SoundRight,66.29322686989049,1500287115391
Seat2A,false,1500287117577
TotalSeatCount,6,1500287117577
SoundRight,66.36773372644933,1500287125392
Seat3B,true,1500287126877
TotalSeatCount,7,1500287126877
Seat2A,true,1500287132660
TotalSeatCount,8,1500287132660
Temperature,25.31,1500287134671
Humidity,48.18547674759201,1500287134677
Brightness,1.0,1500287134684
SoundRight,66.3886034078644,1500287135392
Seat2A,false,1500287137752
TotalSeatCount,7,1500287137752
SoundRight,65.88432756947269,1500287145392
Seat2B,true,1500287145506
TotalSeatCount,8,1500287145506
MoveFocus,GoTour,1500287146137
Seat2B,false,1500287150614
TotalSeatCount,7,1500287150614
SoundRight,66.62184782240263,1500287155392
SoundRight,67.70629422138438,1500287165391
SoundRight,69.24876991373904,1500287175392
SoundRight,69.8101933790505,1500287185392
Seat3B,false,1500287186909
TotalSeatCount,6,1500287186909
Temperature,25.31,1500287195230
Humidity,48.308796628192844,1500287195242
Brightness,1.0,1500287195247
SoundRight,69.37772564028317,1500287195390
Seat1B,true,1500287203132
TotalSeatCount,7,1500287203132
SoundRight,71.01544093212219,1500287205392
MoveFocus,GoTour,1500287206299
Seat2B,true,1500287210561
TotalSeatCount,8,1500287210561
SoundRight,71.27267656768983,1500287215392
Seat2B,false,1500287215639
TotalSeatCount,7,1500287215639
Seat3B,true,1500287216955
TotalSeatCount,8,1500287216955
SoundRight,71.45588345070163,1500287225392
SoundRight,69.63160768944107,1500287235392
Seat3B,false,1500287242018
TotalSeatCount,7,1500287242018
SoundRight,70.63275614319838,1500287245392
Seat2B,true,1500287250648
TotalSeatCount,8,1500287250648
SoundRight,72.42326844534479,1500287255392
Temperature,25.31,1500287255819
Humidity,48.308796628192844,1500287255829
Brightness,1.0,1500287255834
Seat2B,false,1500287260723
TotalSeatCount,7,1500287260723
SoundRight,70.98775316618857,1500287265390
MoveFocus,GoTour,1500287266426
Seat2B,true,1500287270798
TotalSeatCount,8,1500287270803
SoundRight,70.60291345644492,1500287275392
Seat2B,false,1500287275886
TotalSeatCount,7,1500287275886
Seat2B,true,1500287280994
TotalSeatCount,8,1500287280994
SoundRight,69.64489968257108,1500287285392
SoundRight,70.865350386384,1500287295392
Seat3B,true,1500287302035
TotalSeatCount,9,1500287302035
SoundRight,68.89177589788385,1500287305390
Seat2B,false,1500287306017
TotalSeatCount,8,1500287306022
Seat3B,false,1500287307158
TotalSeatCount,7,1500287307158
SoundRight,67.25328715306235,1500287315396
Temperature,25.31,1500287316423
Humidity,48.308796628192844,1500287316429
Brightness,1.0,1500287316435
SoundRight,67.89767739239842,1500287325392
Seat2B,true,1500287326078
TotalSeatCount,8,1500287326078
MoveFocus,GoTour,1500287326533
Seat3B,true,1500287332196
TotalSeatCount,9,1500287332196
SoundRight,68.28372985689374,1500287335392
Seat2B,false,1500287336128
TotalSeatCount,8,1500287336128
Seat2B,true,1500287341226
TotalSeatCount,9,1500287341226
SoundRight,67.8428680764076,1500287345390
Seat3B,false,1500287347274
TotalSeatCount,8,1500287347324
Seat2B,false,1500287351326
TotalSeatCount,7,1500287351326
SoundRight,67.61522042641819,1500287355390
Seat2B,true,1500287361397
TotalSeatCount,8,1500287361402
Seat5B,true,1500287362812
TotalSeatCount,8,1500287362812
SoundRight,68.2203591617337,1500287365390
SoundRight,68.23822676756662,1500287375390
Temperature,25.31,1500287377133
Humidity,48.18547674759201,1500287377139
Brightness,1.0,1500287377146
SoundRight,68.83660876493454,1500287385390
MoveFocus,GoTour,1500287386625
Seat3B,true,1500287387310
TotalSeatCount,9,1500287387310
SoundRight,67.52628234876897,1500287395390
SoundRight,67.34037029213833,1500287405390
Seat2B,false,1500287406391
TotalSeatCount,8,1500287406391
Seat2B,true,1500287411483
TotalSeatCount,9,1500287411483
SoundRight,66.96018993223389,1500287415390
Seat3B,false,1500287417416
TotalSeatCount,8,1500287417416
Seat2B,false,1500287421559
TotalSeatCount,7,1500287421559
SoundRight,67.04523628511505,1500287425390
Seat2B,true,1500287432274
TotalSeatCount,8,1500287432274
Seat4B,false,1500287435386
TotalSeatCount,7,1500287435386
SoundRight,67.62726603262539,1500287435390
Temperature,25.31,1500287438019
Humidity,48.308796628192844,1500287438025
Brightness,1.0,1500287438047
Seat4B,true,1500287440464
TotalSeatCount,8,1500287440464
SoundRight,67.42391468779212,1500287445390
MoveFocus,GoTour,1500287446717
SoundRight,67.15585224790128,1500287455392
SoundRight,67.80170517268658,1500287465392
SoundRight,68.77264282616781,1500287475390
SoundRight,69.75073647705989,1500287485390
Seat3B,true,1500287487374
TotalSeatCount,9,1500287487374
SoundRight,69.75409315818762,1500287495392
Temperature,25.31,1500287498573
Humidity,48.308796628192844,1500287498579
Brightness,1.0,1500287498587
SoundRight,70.14990688130729,1500287505392
MoveFocus,GoTour,1500287506809
Seat2B,false,1500287507214
TotalSeatCount,8,1500287507214
SoundRight,70.74497606300514,1500287515390
Seat2B,true,1500287522287
TotalSeatCount,9,1500287522287
SoundRight,70.35330144797186,1500287525392
Seat2A,true,1500287527280
TotalSeatCount,10,1500287527280
Seat2A,false,1500287532368
TotalSeatCount,9,1500287532373
SoundRight,70.66382705812775,1500287535392
SoundRight,70.13890457737298,1500287545392
SoundRight,70.96670453567903,1500287555392
Seat2B,false,1500287557286
TotalSeatCount,8,1500287557286
Temperature,25.43,1500287559273
Humidity,48.308796628192844,1500287559279
Brightness,1.0,1500287559287
Seat2B,true,1500287562384
TotalSeatCount,9,1500287562384
SoundRight,70.12818100629072,1500287565392
MoveFocus,GoTour,1500287566936
Seat2B,false,1500287572489
TotalSeatCount,8,1500287572489
SoundRight,69.51644973459366,1500287575392
Seat2B,true,1500287577547
TotalSeatCount,9,1500287577547
SoundRight,67.84921793966075,1500287585392
SoundRight,65.52740438204006,1500287595392
SoundRight,64.50265610528241,1500287605392
Seat4A,false,1500287608373
Seat6A,true,1500287608378
TotalSeatCount,9,1500287608378
ProjectorInput,COM2,1500287614386
SoundRight,63.06426052871265,1500287615392
Temperature,25.43,1500287619890
Humidity,48.308796628192844,1500287619896
Brightness,1.0,1500287619904
SoundRight,63.51799929712726,1500287625392
MoveFocus,GoTour,1500287627058
Seat3B,false,1500287627318
TotalSeatCount,8,1500287627318
Seat2A,true,1500287629099
TotalSeatCount,9,1500287629099
Seat2A,false,1500287634197
TotalSeatCount,8,1500287634197
SoundRight,65.43222120788333,1500287635392
Seat3B,true,1500287642964
TotalSeatCount,9,1500287642965
SoundRight,67.57385868200349,1500287645392
SoundRight,68.27131629025361,1500287655393
SoundRight,68.82598534264666,1500287665392
Seat3B,false,1500287668010
TotalSeatCount,8,1500287668010
SoundRight,68.33213922757272,1500287675390
Temperature,25.43,1500287680422
Humidity,48.43211650879366,1500287680427
Brightness,1.0,1500287680436
SoundRight,68.36022136617981,1500287685390
MoveFocus,GoTour,1500287687130
SoundRight,66.91702428707359,1500287695390
Seat3B,true,1500287703090
TotalSeatCount,9,1500287703090
SoundRight,65.47637714992923,1500287705392
SoundRight,65.52662878484831,1500287715390
SoundRight,64.82472142802088,1500287725392
SoundRight,65.53204173655801,1500287735393
Temperature,25.43,1500287740928
Humidity,48.43211650879366,1500287740938
Brightness,1.0,1500287740943
SoundRight,65.76689238040083,1500287745392
Seat2B,false,1500287747241
TotalSeatCount,8,1500287747241
MoveFocus,GoTour,1500287747254
Seat2B,true,1500287752342
Seat3B,false,1500287752343
TotalSeatCount,8,1500287752343
SoundRight,67.15075636196818,1500287755390
Seat2B,false,1500287762423
TotalSeatCount,7,1500287762423
SoundRight,68.07620579767908,1500287765393
Seat5A,false,1500287766720
TotalSeatCount,6,1500287766720
Seat3B,true,1500287768194
TotalSeatCount,7,1500287768195
Seat2B,true,1500287772505
TotalSeatCount,8,1500287772506
SoundRight,68.53614559964403,1500287775390
Seat5A,true,1500287776794
Seat2B,false,1500287776795
TotalSeatCount,8,1500287776795
Seat3B,false,1500287778281
TotalSeatCount,7,1500287778281
Seat2B,true,1500287782734
TotalSeatCount,8,1500287782735
SoundRight,70.56903546568542,1500287785392
Seat2B,false,1500287787799
TotalSeatCount,7,1500287787799
SoundRight,70.75628383912502,1500287795390
Temperature,25.43,1500287801691
Humidity,48.308796628192844,1500287801700
Brightness,1.0,1500287801705
SoundRight,70.68947829192332,1500287805390
MoveFocus,GoTour,1500287807391
Seat2B,true,1500287807865
TotalSeatCount,8,1500287807866
Seat2B,false,1500287812981
TotalSeatCount,7,1500287812981
SoundRight,70.52286176622874,1500287815390
Seat2B,true,1500287823049
TotalSeatCount,8,1500287823049
SoundRight,70.18139679587587,1500287825390
Seat2B,false,1500287828145
TotalSeatCount,7,1500287828145
Seat2B,true,1500287833248
TotalSeatCount,8,1500287833249
SoundRight,70.67079139891436,1500287835390
Seat3B,true,1500287838274
TotalSeatCount,9,1500287838275
Seat3B,false,1500287843362
TotalSeatCount,8,1500287843362
SoundRight,69.69156253530736,1500287845390
Seat2B,false,1500287848320
TotalSeatCount,7,1500287848321
Seat2B,true,1500287853448
TotalSeatCount,8,1500287853448
SoundRight,69.88464827721138,1500287855392
Seat2B,false,1500287858535
TotalSeatCount,7,1500287858535
Temperature,25.43,1500287862802
Humidity,48.43211650879366,1500287862807
Brightness,1.0,1500287862814
Seat3B,true,1500287863448
TotalSeatCount,8,1500287863448
SoundRight,69.35685665186432,1500287865390
MoveFocus,GoTour,1500287867497
Seat2B,true,1500287868724
TotalSeatCount,9,1500287868725
Seat2B,false,1500287873714
TotalSeatCount,8,1500287873715
SoundRight,69.09311249600908,1500287875393
Seat2B,true,1500287878818
TotalSeatCount,9,1500287878818
Seat2B,false,1500287883908
TotalSeatCount,8,1500287883908
SoundRight,69.33664616047622,1500287885392
Seat3B,false,1500287888569
Seat2B,true,1500287888571
TotalSeatCount,8,1500287888573
SoundRight,69.47349925705863,1500287895392
Seat2B,false,1500287899065
TotalSeatCount,7,1500287899066
SoundRight,69.80979497097506,1500287905392
SoundRight,69.99832665601724,1500287915392
Temperature,25.43,1500287923614
Humidity,48.43211650879366,1500287923620
Brightness,1.0,1500287923626
Seat2B,true,1500287924122
TotalSeatCount,8,1500287924123
SoundRight,70.48532810256184,1500287925392
MoveFocus,GoTour,1500287927588
Seat3B,true,1500287933547
TotalSeatCount,9,1500287933547
SoundRight,69.43958945829058,1500287935392
SoundRight,68.66308671882436,1500287945392
SoundRight,67.16632844561168,1500287955392
Seat5B,true,1500287959550
TotalSeatCount,9,1500287959553
SoundRight,67.29902941899087,1500287965392
Seat5A,false,1500287971711
TotalSeatCount,8,1500287971711
SoundRight,66.95179527748938,1500287975390
Seat5A,true,1500287976809
TotalSeatCount,9,1500287976809
Temperature,25.43,1500287984128
Humidity,48.43211650879366,1500287984133
Brightness,1.0,1500287984140
SoundRight,67.12128139152274,1500287985390
MoveFocus,GoTour,1500287987683
SoundRight,67.06737661386825,1500287995392
SoundRight,68.43172735374336,1500288005390
Seat3B,false,1500288013597
TotalSeatCount,8,1500288013598
SoundRight,68.99245933961579,1500288015392
Seat3B,true,1500288018659
TotalSeatCount,9,1500288018660
Seat3B,false,1500288023761
TotalSeatCount,8,1500288023762
SoundRight,69.49574223042995,1500288025390
Seat3B,true,1500288028863
TotalSeatCount,9,1500288028864
SoundRight,70.63528780216605,1500288035390
Temperature,25.43,1500288044663
Humidity,48.43211650879366,1500288044667
Brightness,1.0,1500288044686
SoundRight,71.52058511467706,1500288045390
MoveFocus,GoTour,1500288047777
LightGroup3,Off,1500288048226
SoundRight,72.21078691986325,1500288055390
Color,white,1500288061021
LightGroup3,On,1500288061063
SoundRight,71.52324286677188,1500288065390
Seat3B,false,1500288068900
TotalSeatCount,8,1500288068900
Seat2B,false,1500288073755
TotalSeatCount,7,1500288073755
SoundRight,72.04205866936391,1500288075390
Seat5A,false,1500288076664
TotalSeatCount,6,1500288076664
Seat2B,true,1500288078842
TotalSeatCount,7,1500288078842
LightGroup1,Off,1500288080279
Seat5A,true,1500288081726
TotalSeatCount,8,1500288081727
SoundRight,70.83770080813689,1500288085390
Seat3B,true,1500288088974
TotalSeatCount,9,1500288088975
SoundRight,70.35167957046373,1500288095392
Seat3B,false,1500288099061
TotalSeatCount,8,1500288099062
Color,white,1500288101323
LightGroup1,On,1500288101349
Temperature,25.43,1500288105192
Humidity,48.43211650879366,1500288105198
Brightness,1.0,1500288105203
Seat4B,false,1500288105314
TotalSeatCount,7,1500288105314
SoundRight,68.56297559751653,1500288105392
MoveFocus,GoTour,1500288107944
Seat3B,true,1500288109182
TotalSeatCount,8,1500288109183
Seat4B,true,1500288110407
TotalSeatCount,9,1500288110407
SoundRight,67.40689399825717,1500288115394
SoundRight,67.82270841508667,1500288125392
SoundRight,67.22459622631473,1500288135392
Seat5A,false,1500288136744
TotalSeatCount,8,1500288136758
Seat5A,true,1500288141810
TotalSeatCount,9,1500288141811
SoundRight,67.84899371295194,1500288145392
SoundRight,67.08514859956341,1500288155392
SoundRight,66.7688708664591,1500288165392
Temperature,25.43,1500288165719
Humidity,48.43211650879366,1500288165724
Brightness,1.0,1500288165731
MoveFocus,GoTour,1500288168027
SoundRight,67.05151369790397,1500288175392
SoundRight,66.80673153836022,1500288185392
SoundRight,67.72709146501542,1500288195390
SoundRight,68.33838402384325,1500288205392
TotalSeatCount,9,1500288214164
SoundRight,69.64216292373398,1500288215392
SoundRight,70.29483635063289,1500288225393
Temperature,25.54,1500288226312
Humidity,48.555436389394494,1500288226318
Brightness,1.0,1500288226325
MoveFocus,GoTour,1500288228115
Seat2A,true,1500288228254
TotalSeatCount,10,1500288228254
SoundRight,70.93809541867073,1500288235392
Seat2A,false,1500288238389
TotalSeatCount,9,1500288238389
Seat6A,false,1500288241953
TotalSeatCount,8,1500288241953
SoundRight,71.16308619113356,1500288245392
Seat6A,true,1500288252045
TotalSeatCount,9,1500288252045
SoundRight,71.2388594125028,1500288255392
SoundRight,71.41508171743892,1500288265392
SoundRight,71.15801446575954,1500288275392
SoundRight,71.57480910702162,1500288285390
MoveFocus,GoTour,1500288288255
Temperature,25.54,1500288294102
Humidity,48.555436389394494,1500288294108
Brightness,1.0,1500288294115
SoundRight,71.58093704169661,1500288295390
Seat6A,false,1500288297149
TotalSeatCount,8,1500288297150
Seat6A,true,1500288302197
TotalSeatCount,9,1500288302198
SoundRight,71.66172463863316,1500288305390
Seat6A,false,1500288312299
TotalSeatCount,8,1500288312299
SoundRight,71.64812724645306,1500288315392
Seat6A,true,1500288322422
TotalSeatCount,9,1500288322423
SoundRight,70.47362214596389,1500288325392
Seat6A,false,1500288327480
TotalSeatCount,8,1500288327480
SoundRight,71.74095568729928,1500288335392
Seat6A,true,1500288337564
TotalSeatCount,9,1500288337565
Seat6A,false,1500288342677
TotalSeatCount,8,1500288342677
SoundRight,72.33682810541254,1500288345390
Seat2B,false,1500288347692
TotalSeatCount,7,1500288347693
MoveFocus,GoTour,1500288348379
Temperature,25.54,1500288354617
Humidity,48.43211650879366,1500288354622
Brightness,1.0,1500288354630
SoundRight,71.51218395609948,1500288355392
SoundRight,71.09716375324301,1500288365390
SoundRight,70.22497453350807,1500288375392
Seat6A,true,1500288377708
TotalSeatCount,8,1500288377708
Seat6A,false,1500288382879
TotalSeatCount,7,1500288382880
SoundRight,70.84303727392093,1500288385390
Seat2A,true,1500288388028
TotalSeatCount,8,1500288388029
Seat2A,false,1500288393140
TotalSeatCount,7,1500288393141
SoundRight,69.86685794035985,1500288395392
Seat6A,true,1500288402853
TotalSeatCount,8,1500288402854
SoundRight,69.69644551418763,1500288405392
Seat6A,false,1500288407954
TotalSeatCount,7,1500288407955
MoveFocus,GoTour,1500288408456
Temperature,25.54,1500288415141
Humidity,48.555436389394494,1500288415147
Brightness,1.0,1500288415156
SoundRight,70.0772323546798,1500288415392
SoundRight,71.06787220783352,1500288425392
SoundRight,71.68158170517319,1500288435392
SoundRight,70.97314217424727,1500288445392
Seat2A,true,1500288448115
TotalSeatCount,8,1500288448118
Seat4B,false,1500288450223
TotalSeatCount,7,1500288450224
Seat2A,false,1500288453227
TotalSeatCount,6,1500288453229
SoundRight,70.51016638507785,1500288455392
SoundRight,70.80094495882551,1500288465390
MoveFocus,GoTour,1500288468587
SoundRight,70.33574584990743,1500288475392
Temperature,25.54,1500288475656
Humidity,48.555436389394494,1500288475662
Brightness,1.0,1500288475670
Seat2B,true,1500288477360
TotalSeatCount,7,1500288477361
Seat2B,false,1500288482470
TotalSeatCount,6,1500288482471
SoundRight,69.29085217473727,1500288485392
SoundRight,68.80938869605033,1500288495390
Seat6A,true,1500288497875
TotalSeatCount,7,1500288497875
SoundRight,68.22148948935997,1500288505392
SoundRight,67.20395144180033,1500288515392
Seat4B,true,1500288525182
TotalSeatCount,8,1500288525183
SoundRight,65.00714104682389,1500288525392
MoveFocus,GoTour,1500288528754
SoundRight,65.32277763328054,1500288535392
Temperature,25.54,1500288536189
Humidity,48.555436389394494,1500288536196
Brightness,1.0,1500288536203
Seat6A,false,1500288542907
TotalSeatCount,7,1500288542908
SoundRight,65.14927549309861,1500288545392
Seat4B,false,1500288555236
Seat5B,true,1500288555237
TotalSeatCount,6,1500288555238
SoundRight,65.40497417203261,1500288555392
SoundRight,66.49496517147007,1500288565392
SoundRight,67.06726791473356,1500288575392
Seat6A,true,1500288577928
TotalSeatCount,7,1500288577928
Seat6A,false,1500288583036
TotalSeatCount,6,1500288583037
SoundRight,67.61074393923813,1500288585392
Seat2B,true,1500288587257
TotalSeatCount,7,1500288587258
MoveFocus,GoTour,1500288588854
Seat2B,false,1500288592365
TotalSeatCount,6,1500288592366
SoundRight,67.90955389188767,1500288595390
Temperature,25.54,1500288596734
Humidity,48.555436389394494,1500288596740
Brightness,1.0,1500288596749
SoundRight,67.49809890071566,1500288605390
SoundRight,67.54361521358223,1500288615392
SoundRight,66.72450890354607,1500288625392
Seat6A,true,1500288628084
TotalSeatCount,7,1500288628084
Seat6A,false,1500288633206
TotalSeatCount,6,1500288633206
SoundRight,67.63231307056495,1500288635392
Seat2B,true,1500288637340
TotalSeatCount,7,1500288637341
SoundRight,68.18234203832725,1500288645390
Seat2B,false,1500288647421
TotalSeatCount,6,1500288647421
MoveFocus,GoTour,1500288648917
SoundRight,68.21641577768402,1500288655392
Temperature,25.54,1500288657361
Humidity,48.555436389394494,1500288657367
Brightness,1.0,1500288657375
Seat2B,true,1500288657499
TotalSeatCount,7,1500288657501
SoundRight,69.77530133484855,1500288665390
SoundRight,70.03037657784022,1500288675390
SoundRight,70.19982626587266,1500288685392
SoundRight,69.96937065288044,1500288695392
Seat5A,false,1500288696149
TotalSeatCount,6,1500288696149
SoundRight,69.50967689604013,1500288705392
MoveFocus,GoTour,1500288708983
SoundRight,69.6171187849577,1500288715392
Temperature,25.54,1500288718045
Humidity,48.555436389394494,1500288718052
Brightness,1.0,1500288718059
Seat4B,true,1500288720230
TotalSeatCount,7,1500288720231
Seat5A,true,1500288721241
TotalSeatCount,8,1500288721242
Seat4B,false,1500288725273
TotalSeatCount,7,1500288725274
SoundRight,70.0036637783622,1500288725390
Seat6A,true,1500288733169
TotalSeatCount,8,1500288733170
SoundRight,69.18537270626027,1500288735392
ProjectorInput,COM1,1500288737640
Seat6A,false,1500288738255
TotalSeatCount,7,1500288738256
Seat6A,true,1500288743356
TotalSeatCount,8,1500288743356
SoundRight,69.05158027559469,1500288745392
Seat6A,false,1500288748476
TotalSeatCount,7,1500288748476
Seat3A,false,1500288750832
TotalSeatCount,6,1500288750834
Seat4A,true,1500288753176
TotalSeatCount,7,1500288753176
SoundRight,69.04578136094568,1500288755392
Exit,null,1500288763750
UserCount,14,1500288763750
SoundRight,69.62977845876804,1500288765390
Seat6A,true,1500288768523
TotalSeatCount,8,1500288768523
MoveFocus,GoTour,1500288769059
Seat6A,false,1500288773621
TotalSeatCount,7,1500288773621
SoundRight,68.93709896050038,1500288775392
Temperature,25.54,1500288778561
Humidity,48.555436389394494,1500288778566
Brightness,1.0,1500288778575
SoundRight,66.56110719023943,1500288785392
SoundRight,66.41972342730891,1500288795392
Seat5A,false,1500288796163
TotalSeatCount,6,1500288796163
Seat2B,false,1500288797349
TotalSeatCount,5,1500288797349
Seat2B,true,1500288802426
TotalSeatCount,6,1500288802426
SoundRight,66.04264540503038,1500288805393
Seat2B,false,1500288807509
TotalSeatCount,5,1500288807509
Seat5A,true,1500288811241
TotalSeatCount,6,1500288811241
Seat2B,true,1500288812607
TotalSeatCount,7,1500288812607
SoundRight,65.0379565985372,1500288815392
Seat2B,false,1500288817689
TotalSeatCount,6,1500288817689
Seat4B,true,1500288825223
TotalSeatCount,7,1500288825223
SoundRight,65.0006090253211,1500288825392
MoveFocus,GoTour,1500288829166
Seat5A,false,1500288831307
TotalSeatCount,6,1500288831307
Seat2B,true,1500288832747
TotalSeatCount,7,1500288832747
SoundRight,66.43704820537472,1500288835392
Seat2B,false,1500288837850
TotalSeatCount,6,1500288837850
Temperature,25.54,1500288839512
Humidity,48.555436389394494,1500288839519
Brightness,1.0,1500288839525
Entrance,null,1500288839571
UserCount,15,1500288839571
SoundRight,67.00969286542725,1500288845392
Seat5A,true,1500288846430
TotalSeatCount,7,1500288846430
Seat2B,true,1500288852908
TotalSeatCount,8,1500288852908
SoundRight,66.88359675530877,1500288855392
SoundRight,67.16699932493097,1500288865393
Seat2B,false,1500288868036
TotalSeatCount,7,1500288868036
SoundRight,67.78615136218333,1500288875390
SoundRight,67.81146614854832,1500288885392
MoveFocus,GoTour,1500288889273
SoundRight,67.32249885247664,1500288895392
Temperature,25.54,1500288900066
Humidity,48.67875626999531,1500288900072
Brightness,1.0,1500288900079
Seat3B,false,1500288903620
TotalSeatCount,6,1500288903620
SoundRight,68.75962415735302,1500288905390
Seat2B,true,1500288912950
TotalSeatCount,7,1500288912950
SoundRight,69.73652359569368,1500288915390
Seat2B,false,1500288918043
Seat3B,true,1500288918048
TotalSeatCount,7,1500288918048
Seat3B,false,1500288923831
TotalSeatCount,6,1500288923831
Seat2B,true,1500288925277
TotalSeatCount,7,1500288925277
SoundRight,69.540405124982,1500288925390
Seat2B,false,1500288935372
TotalSeatCount,6,1500288935372
SoundRight,69.84974971831947,1500288935390
Seat3B,true,1500288938889
TotalSeatCount,7,1500288938889
SoundRight,69.52508300996357,1500288945390
MoveFocus,GoTour,1500288949370
SoundRight,70.34039802741238,1500288955390
Temperature,25.54,1500288960601
Humidity,48.67875626999531,1500288960608
Brightness,1.0,1500288960614
SoundRight,69.64870073780637,1500288965390
Seat6A,true,1500288968655
TotalSeatCount,8,1500288968655
SoundRight,69.66281829550609,1500288975390
SoundRight,71.06391273150263,1500288985394
Seat4A,false,1500288992448
TotalSeatCount,7,1500288992448
SoundRight,71.19243143276024,1500288995394
Exit,null,1500289000210
UserCount,14,1500289000222
SoundRight,72.1960980933365,1500289005390
MoveFocus,GoTour,1500289009492
Seat5A,false,1500289011163
TotalSeatCount,6,1500289011168
SoundRight,70.43137824597872,1500289015392
Seat5A,true,1500289016195
TotalSeatCount,7,1500289016195
Temperature,25.54,1500289021264
Humidity,48.555436389394494,1500289021270
Brightness,1.0,1500289021277
Seat2B,true,1500289025290
TotalSeatCount,8,1500289025290
SoundRight,69.4092893737321,1500289025390
SoundRight,68.92471362512082,1500289035392
Seat2B,false,1500289035415
TotalSeatCount,7,1500289035415
SoundRight,68.33293790813197,1500289045393
SoundRight,66.70840948647636,1500289055390
Seat2B,true,1500289055411
TotalSeatCount,8,1500289055411
Seat4B,false,1500289064966
TotalSeatCount,7,1500289064971
SoundRight,65.72287607069414,1500289065391
MoveFocus,GoTour,1500289069589
SoundRight,66.04471372643735,1500289075392
Seat4B,true,1500289080009
TotalSeatCount,8,1500289080009
Temperature,25.54,1500289081924
Humidity,48.67875626999531,1500289081931
Brightness,1.0,1500289081940
SoundRight,66.48533959273178,1500289085390
Entrance,null,1500289087879
UserCount,15,1500289087880
Seat6A,false,1500289088599
TotalSeatCount,7,1500289088599
Seat2B,false,1500289090420
TotalSeatCount,6,1500289090420
Seat4A,true,1500289092336
TotalSeatCount,7,1500289092336
SoundRight,66.45193079324008,1500289095392
Seat2B,true,1500289095543
TotalSeatCount,8,1500289095543
Seat5A,false,1500289101321
TotalSeatCount,7,1500289101321
SoundRight,66.6387018256942,1500289105390
Seat5A,true,1500289106488
TotalSeatCount,8,1500289106488
SoundRight,68.03558646308777,1500289115390
SoundRight,68.22634690020682,1500289125390
MoveFocus,GoTour,1500289129676
Seat2B,false,1500289132777
TotalSeatCount,7,1500289132777
SoundRight,68.22914962038999,1500289135390
Temperature,25.54,1500289142467
Humidity,48.67875626999531,1500289142473
Brightness,1.0,1500289142491
Seat2B,true,1500289142863
TotalSeatCount,8,1500289142863
SoundRight,68.10854871320724,1500289145390
Seat5B,true,1500289152153
TotalSeatCount,8,1500289152153
SoundRight,67.76670346359523,1500289155392
SoundRight,68.64990821165675,1500289165392
SoundRight,68.72932376747384,1500289175392
Seat2A,true,1500289177881
TotalSeatCount,9,1500289177881
Seat5A,false,1500289181393
TotalSeatCount,8,1500289181398
Seat2A,false,1500289182984
TotalSeatCount,7,1500289182984
SoundRight,70.21726101677406,1500289185392
MoveFocus,GoTour,1500289189808
SoundRight,70.79723378925404,1500289195392
Seat5A,true,1500289196481
TotalSeatCount,8,1500289196481
Temperature,25.66,1500289203086
Humidity,48.67875626999531,1500289203092
Brightness,1.0,1500289203099
SoundRight,70.4872754457676,1500289205390
SoundRight,71.2631297876907,1500289215390
SoundRight,69.77492927287368,1500289225392
Seat2B,false,1500289227823
TotalSeatCount,7,1500289227823
Seat2B,true,1500289232911
TotalSeatCount,8,1500289232911
SoundRight,70.14247646247624,1500289235391
Seat5A,false,1500289241510
TotalSeatCount,7,1500289241510
SoundRight,70.19762034551994,1500289245392
MoveFocus,GoTour,1500289249930
SoundRight,69.04690483117047,1500289255390
SoundRight,69.52739675491863,1500289265392
Temperature,25.66,1500289270778
Humidity,48.80207615059613,1500289270784
Brightness,1.0,1500289270792
SoundRight,68.48356518390369,1500289275392
SoundRight,69.22316195158415,1500289285390
Seat5A,true,1500289286509
TotalSeatCount,8,1500289286509
Seat2B,false,1500289292858
TotalSeatCount,7,1500289292858
SoundRight,68.63877910974821,1500289295390
Seat5A,false,1500289296600
TotalSeatCount,6,1500289296600
Seat2B,true,1500289297960
TotalSeatCount,7,1500289297960
SoundRight,67.87172078090137,1500289305392
MoveFocus,GoTour,1500289310057
Seat6A,true,1500289313414
TotalSeatCount,8,1500289313414
SoundRight,68.0842183165553,1500289315399
SoundRight,69.23554117764868,1500289325392
Temperature,25.66,1500289331861
Humidity,48.67875626999531,1500289331868
Brightness,1.0,1500289331875
SoundRight,70.70267339674388,1500289335390
Seat5A,true,1500289341624
TotalSeatCount,9,1500289341624
Seat2B,false,1500289342954
TotalSeatCount,8,1500289342954
SoundRight,71.57007465819851,1500289345392
Seat2B,true,1500289348027
TotalSeatCount,9,1500289348027
SoundRight,71.72446487099978,1500289355392
Seat2B,false,1500289358107
TotalSeatCount,8,1500289358107
SoundRight,71.18234677848564,1500289365392
MoveFocus,GoTour,1500289370204
Seat6A,false,1500289373381
TotalSeatCount,7,1500289373381
SoundRight,71.47501848761259,1500289375392
Seat6A,true,1500289378493
TotalSeatCount,8,1500289378493
SoundRight,69.92908086191916,1500289385392
Seat5A,false,1500289386633
TotalSeatCount,7,1500289386633
Temperature,25.66,1500289392363
Humidity,48.67875626999531,1500289392368
Brightness,1.0,1500289392376
SoundRight,70.68256132094953,1500289395392
Seat6A,false,1500289403562
TotalSeatCount,6,1500289403562
SoundRight,70.3835605212986,1500289405392
Seat5A,true,1500289406708
TotalSeatCount,7,1500289406708
Seat6A,true,1500289413652
TotalSeatCount,8,1500289413652
SoundRight,70.93515616720704,1500289415392
Seat5A,false,1500289416784
TotalSeatCount,7,1500289416784
Seat6A,false,1500289418755
TotalSeatCount,6,1500289418755
SoundRight,70.4174414461185,1500289425390
MoveFocus,GoTour,1500289430286
SoundRight,70.32376555864582,1500289435392
Seat2B,true,1500289438115
TotalSeatCount,7,1500289438115
Seat2B,false,1500289443228
TotalSeatCount,6,1500289443228
SoundRight,71.15585451078022,1500289445392
Temperature,25.66,1500289453099
Humidity,48.67875626999531,1500289453105
Brightness,1.0,1500289453113
SoundRight,70.91378536946581,1500289455392
SoundRight,69.70621494358501,1500289465392
Seat6A,true,1500289473804
TotalSeatCount,7,1500289473804
SoundRight,70.083602095918,1500289475392
Seat1B,false,1500289480688
TotalSeatCount,6,1500289480688
SoundRight,70.44741246383063,1500289485392
Seat1B,true,1500289485906
Seat5A,true,1500289485906
TotalSeatCount,8,1500289485906
MoveFocus,GoTour,1500289490358
Seat1B,false,1500289490878
TotalSeatCount,7,1500289490878
Seat5A,false,1500289492064
TotalSeatCount,6,1500289492064
SoundRight,69.91356976765562,1500289495392
SoundRight,69.4693443568337,1500289505392
Temperature,25.66,1500289513715
Humidity,48.80207615059613,1500289513721
Brightness,1.0,1500289513730
SoundRight,67.92836533644915,1500289515393
Seat5A,true,1500289516992
TotalSeatCount,7,1500289516992
Seat5A,false,1500289522050
TotalSeatCount,6,1500289522055
SoundRight,66.89747786928639,1500289525392
Seat3B,false,1500289527988
TotalSeatCount,5,1500289527988
SoundRight,65.00955849725341,1500289535392
Seat5A,true,1500289537178
TotalSeatCount,6,1500289537178
Seat3B,true,1500289543061
TotalSeatCount,7,1500289543061
SoundRight,65.38066240214724,1500289545390
Seat5A,false,1500289547213
TotalSeatCount,6,1500289547213
MoveFocus,GoTour,1500289550445
SoundRight,64.83521000897613,1500289555392
SoundRight,63.473133374703956,1500289565392
Temperature,25.66,1500289574239
Humidity,48.67875626999531,1500289574245
Brightness,1.0,1500289574253
SoundRight,62.924519990034675,1500289575390
Seat3B,false,1500289578115
TotalSeatCount,5,1500289578115
SoundRight,62.973266983566184,1500289585390
SoundRight,62.51560417312817,1500289595392
SoundRight,62.309595038229126,1500289605390
MoveFocus,GoTour,1500289610552
Seat2B,true,1500289612683
TotalSeatCount,6,1500289612683
SoundRight,62.32276364141119,1500289615392
Seat2B,false,1500289617771
TotalSeatCount,5,1500289617771
Seat5A,true,1500289622188
TotalSeatCount,6,1500289622188
SoundRight,64.19652692021896,1500289625392
Seat5A,false,1500289627276
TotalSeatCount,5,1500289627276
Seat5A,true,1500289632369
TotalSeatCount,6,1500289632369
Temperature,25.78,1500289634884
Humidity,48.67875626999531,1500289634890
Brightness,1.0,1500289634899
SoundRight,65.32764658037689,1500289635392
Seat3B,true,1500289638147
TotalSeatCount,7,1500289638147
Seat5A,false,1500289642509
TotalSeatCount,6,1500289642514
SoundRight,67.20464591921221,1500289645390
Seat2B,true,1500289652790
Seat3B,false,1500289652790
TotalSeatCount,6,1500289652795
SoundRight,68.42034486768438,1500289655392
Seat2B,false,1500289657867
Seat3B,true,1500289657867
TotalSeatCount,6,1500289657867
Seat2B,true,1500289662965
TotalSeatCount,7,1500289662965
SoundRight,68.97421293812417,1500289665390
Seat5A,true,1500289667522
TotalSeatCount,8,1500289667522
MoveFocus,GoTour,1500289670629
Seat5A,false,1500289672615
Seat2B,false,1500289672615
TotalSeatCount,6,1500289672615
SoundRight,70.16435667282768,1500289675390
Seat5A,true,1500289677713
TotalSeatCount,7,1500289677713
SoundRight,70.13685054892473,1500289685390
Seat2B,true,1500289693091
TotalSeatCount,8,1500289693091
SoundRight,70.26512787816439,1500289695390
Temperature,25.66,1500289695570
Humidity,48.80207615059613,1500289695576
Brightness,1.0,1500289695584
SoundRight,71.40121532292457,1500289705390
SoundRight,71.82091222424216,1500289715392
SoundRight,72.15040807781814,1500289725392
MoveFocus,GoTour,1500289730766
SoundRight,71.72974760397894,1500289735392
Seat2B,false,1500289738095
TotalSeatCount,7,1500289738095
SoundRight,71.27932062788362,1500289745392
Seat5B,true,1500289748601
TotalSeatCount,7,1500289748601
SoundRight,71.14608427083505,1500289755390
Temperature,25.66,1500289756095
Humidity,48.80207615059613,1500289756101
Brightness,1.0,1500289756108
Seat4B,false,1500289763744
TotalSeatCount,6,1500289763744
SoundRight,69.15252152580753,1500289765390
Seat2B,true,1500289768086
TotalSeatCount,7,1500289768086
SoundRight,68.5129873484985,1500289775390
Seat4B,true,1500289783829
TotalSeatCount,8,1500289783834
SoundRight,69.05173528295472,1500289785394
Seat2B,false,1500289788132
TotalSeatCount,7,1500289788137
MoveFocus,GoTour,1500289790863
Seat2B,true,1500289793249
TotalSeatCount,8,1500289793249
SoundRight,70.02209426459045,1500289795390
SoundRight,70.12248011322082,1500289805392
Seat2A,true,1500289810749
TotalSeatCount,9,1500289810749
SoundRight,69.46712929992746,1500289815392
Seat2B,false,1500289815831
TotalSeatCount,8,1500289815831
Temperature,25.78,1500289816690
Humidity,48.80207615059613,1500289816696
Brightness,1.0,1500289816705
Seat2A,false,1500289818283
TotalSeatCount,7,1500289818283
SoundRight,70.89235475378351,1500289825392
Seat2B,true,1500289825912
TotalSeatCount,8,1500289825912
Seat2B,false,1500289831065
TotalSeatCount,7,1500289831065
SoundRight,71.40076182649274,1500289835390
Seat2B,true,1500289836102
TotalSeatCount,8,1500289836102
Seat2B,false,1500289841195
TotalSeatCount,7,1500289841195
SoundRight,71.49916718699491,1500289845390
Seat5A,false,1500289847523
TotalSeatCount,6,1500289847523
MoveFocus,GoTour,1500289850990
Seat4B,false,1500289853907
TotalSeatCount,5,1500289853907
SoundRight,70.69622968351297,1500289855390
Seat2B,true,1500289856268
TotalSeatCount,6,1500289856268
Seat4B,true,1500289859020
TotalSeatCount,7,1500289859020
Seat2B,false,1500289861371
TotalSeatCount,6,1500289861376
SoundRight,71.1548156679716,1500289865390
Seat2B,true,1500289866448
TotalSeatCount,7,1500289866448
Seat2B,false,1500289871541
TotalSeatCount,6,1500289871541
Seat5A,true,1500289872597
TotalSeatCount,7,1500289872597
SoundRight,71.40383854522634,1500289875390
Temperature,25.78,1500289877240
Humidity,48.80207615059613,1500289877246
Brightness,1.0,1500289877255
SoundRight,69.91689677469621,1500289885392
Seat2B,true,1500289891597
TotalSeatCount,8,1500289891597
Seat5A,false,1500289892662
TotalSeatCount,7,1500289892662
SoundRight,67.78478335675966,1500289895392
SoundRight,66.21250256394958,1500289905392
MoveFocus,GoTour,1500289911137
SoundRight,66.30532741028877,1500289915392
Seat2B,false,1500289916640
TotalSeatCount,6,1500289916640
Seat2B,true,1500289921743
TotalSeatCount,7,1500289921743
SoundRight,63.55051744764227,1500289925392
Seat2A,true,1500289928121
TotalSeatCount,8,1500289928121
Seat2B,false,1500289931813
TotalSeatCount,7,1500289931813
SoundRight,63.5475867652301,1500289935392
Temperature,25.78,1500289937747
Humidity,48.80207615059613,1500289937754
Brightness,1.0,1500289937762
Seat3B,false,1500289938142
Seat2B,true,1500289938142
TotalSeatCount,7,1500289938142
Seat3B,true,1500289943244
TotalSeatCount,8,1500289943244
SoundRight,64.12789481867058,1500289945392
Seat2B,false,1500289948732
TotalSeatCount,7,1500289948732
Seat2A,false,1500289953165
TotalSeatCount,6,1500289953165
SoundRight,65.11510792593,1500289955392
SoundRight,66.1798442686806,1500289965392
Seat2B,true,1500289968793
TotalSeatCount,7,1500289968793
MoveFocus,GoTour,1500289971229
SoundRight,66.83140141292441,1500289975392
SoundRight,69.56280926376867,1500289985390
SoundRight,70.80807130207316,1500289995390
Temperature,25.78,1500289998402
Humidity,48.80207615059613,1500289998407
Brightness,1.0,1500289998416
Seat2B,false,1500289998834
TotalSeatCount,6,1500289998834
Seat5A,true,1500290002491
TotalSeatCount,7,1500290002491
Seat2B,true,1500290003927
TotalSeatCount,8,1500290003927
SoundRight,70.51777326693045,1500290005390
SoundRight,70.07553244223281,1500290015392
Seat4B,false,1500290019025
TotalSeatCount,7,1500290019025
SoundRight,69.28714200850487,1500290025392
MoveFocus,GoTour,1500290031346
SoundRight,70.92915879143257,1500290035392
Seat5A,false,1500290037510
TotalSeatCount,6,1500290037510
SoundRight,72.07766442518354,1500290045392
SoundRight,72.12434979663627,1500290055392
SoundRight,72.14571778818943,1500290065392
Temperature,25.78,1500290074044
Humidity,48.80207615059613,1500290074050
Brightness,1.0,1500290074058
SoundRight,73.3399872057593,1500290075392
SoundRight,74.12060783662841,1500290085392
Seat4B,true,1500290089137
TotalSeatCount,7,1500290089137
MoveFocus,GoTour,1500290091523
SoundRight,72.87584154117638,1500290095390
SoundRight,71.31319604028948,1500290105390
SoundRight,71.77636744199148,1500290115390
SoundRight,73.52446490969322,1500290125390
Seat2B,false,1500290128643
TotalSeatCount,6,1500290128643
Seat2B,true,1500290133716
TotalSeatCount,7,1500290133721
Temperature,25.78,1500290134587
Humidity,48.80207615059613,1500290134593
Brightness,1.0,1500290134600
SoundRight,73.0839808554067,1500290135392
SoundRight,73.47102538538189,1500290145392
MoveFocus,GoTour,1500290151620
SoundRight,72.52301970234177,1500290155392
Seat5A,true,1500290162371
TotalSeatCount,8,1500290162371
SoundRight,72.17732237070763,1500290165392
Seat5A,false,1500290167469
TotalSeatCount,7,1500290167479
SoundRight,71.47755662390662,1500290175393
Seat1B,true,1500290175888
TotalSeatCount,8,1500290175888
Seat5A,true,1500290177559
TotalSeatCount,9,1500290177559
SoundRight,71.39388686186827,1500290185390
Temperature,25.78,1500290195087
Humidity,48.80207615059613,1500290195093
Brightness,1.0,1500290195100
SoundRight,71.65189164832863,1500290195392
Seat5A,false,1500290197625
TotalSeatCount,8,1500290197625
SoundRight,70.88358942257575,1500290205390
MoveFocus,GoTour,1500290211723
SoundRight,71.09305034312935,1500290215392
SoundRight,71.48392978775767,1500290225390
Seat3B,false,1500290228031
TotalSeatCount,7,1500290228031
SoundRight,71.20839726095784,1500290235390
SoundRight,69.4625180984809,1500290245392
SoundRight,70.22713156867464,1500290255392
Temperature,25.78,1500290255597
Humidity,48.92539603119696,1500290255603
Brightness,1.0,1500290255610
SoundRight,71.4792821607261,1500290265392
MoveFocus,GoTour,1500290271810
SoundRight,71.91434961367898,1500290275392
Seat3B,true,1500290278088
TotalSeatCount,8,1500290278088
Seat4B,false,1500290279133
TotalSeatCount,7,1500290279133
Seat3B,false,1500290283176
TotalSeatCount,6,1500290283176
SoundRight,71.44272688531119,1500290285392
Seat5A,true,1500290293476
TotalSeatCount,7,1500290293476
SoundRight,70.85276448308588,1500290295392
Seat5A,false,1500290298569
TotalSeatCount,6,1500290298569
SoundRight,71.61353105840952,1500290305392
SoundRight,70.72798047342593,1500290315392
Temperature,25.89,1500290316130
Humidity,48.80207615059613,1500290316136
Brightness,1.0,1500290316142
Seat3B,true,1500290318254
TotalSeatCount,7,1500290318254
SoundRight,70.21356499796973,1500290325392
MoveFocus,GoTour,1500290331917
SoundRight,70.24752052903483,1500290335392
Seat4B,true,1500290339150
TotalSeatCount,8,1500290339150
Seat4B,false,1500290344258
TotalSeatCount,7,1500290344258
Seat5B,true,1500290345384
TotalSeatCount,7,1500290345384
SoundRight,69.79500881764196,1500290345392
Seat3B,false,1500290348310
TotalSeatCount,6,1500290348310
SoundRight,70.61027616667523,1500290355392
SoundRight,69.95686026092741,1500290365390
Seat3A,true,1500290374604
TotalSeatCount,7,1500290374604
SoundRight,69.21366765485746,1500290375392
SoundRight,68.66955367386707,1500290385392
MoveFocus,GoTour,1500290392019
Seat5A,true,1500290393459
TotalSeatCount,8,1500290393459
SoundRight,67.64076624273483,1500290395390
Seat3B,true,1500290398362
Seat5A,false,1500290398362
TotalSeatCount,8,1500290398362
SoundRight,68.41690899531646,1500290405392
Temperature,25.89,1500290407785
Humidity,48.80207615059613,1500290407790
Brightness,1.0,1500290407796
Seat3B,false,1500290413420
TotalSeatCount,7,1500290413420
SoundRight,66.70326098101626,1500290415392
Seat3B,true,1500290418548
TotalSeatCount,8,1500290418548
SoundRight,67.48883521701308,1500290425392
Seat5A,true,1500290428613
TotalSeatCount,9,1500290428618
SoundRight,67.52057072728444,1500290435392
Seat3B,false,1500290438619
Seat5A,false,1500290438624
TotalSeatCount,7,1500290438624
Seat5A,true,1500290443796
TotalSeatCount,8,1500290443796
SoundRight,68.40959435700775,1500290445392
MoveFocus,GoTour,1500290452171
Seat2B,false,1500290452906
Seat5A,false,1500290452911
TotalSeatCount,6,1500290452911
SoundRight,69.4871018402995,1500290455390
Seat2A,true,1500290462476
TotalSeatCount,7,1500290462476
SoundRight,68.78015715410827,1500290465390
Seat2B,true,1500290467964
TotalSeatCount,8,1500290467964
Temperature,25.89,1500290468309
Humidity,48.80207615059613,1500290468313
Brightness,1.0,1500290468319
SoundRight,70.02238130408124,1500290475392
Seat2A,false,1500290482532
TotalSeatCount,7,1500290482532
SoundRight,70.7091694966315,1500290485392
Seat5A,true,1500290493898
TotalSeatCount,8,1500290493898
SoundRight,71.191764519254,1500290495390
Seat5A,false,1500290498991
TotalSeatCount,7,1500290498991
SoundRight,70.97870641153908,1500290505392
MoveFocus,GoTour,1500290512268
SoundRight,71.96213642396741,1500290515392
SoundRight,73.15553603648851,1500290525392
Temperature,25.89,1500290528814
Humidity,48.80207615059613,1500290528818
Brightness,1.0,1500290528825
Seat5A,true,1500290531698
TotalSeatCount,8,1500290531698
SoundRight,72.98948368617016,1500290535390
Seat5A,false,1500290536791
TotalSeatCount,7,1500290536791
SoundRight,72.23970139662093,1500290545391
SoundRight,71.12426005381991,1500290555390
SoundRight,69.5239799590675,1500290565390
Seat5A,true,1500290566852
TotalSeatCount,8,1500290566852
MoveFocus,GoTour,1500290572340
SoundRight,68.76497924945093,1500290575390
Seat2B,false,1500290577728
TotalSeatCount,7,1500290577728
SoundRight,66.87273509129967,1500290585391
Seat5A,false,1500290586973
Seat2A,true,1500290586973
Seat2B,true,1500290586978
TotalSeatCount,8,1500290586978
Temperature,25.89,1500290589465
Humidity,48.80207615059613,1500290589470
Brightness,1.0,1500290589475
SoundRight,67.56706978814418,1500290595390
Seat2A,false,1500290595912
TotalSeatCount,7,1500290595912
Seat5A,true,1500290597038
TotalSeatCount,8,1500290597038
SoundRight,67.37766086771053,1500290605392
Seat5A,false,1500290607143
TotalSeatCount,7,1500290607143
SoundRight,69.19553734466284,1500290615393
SoundRight,70.45417106456814,1500290625390
MoveFocus,GoTour,1500290632452
SoundRight,70.60702576605122,1500290635392
Seat2A,true,1500290635899
TotalSeatCount,8,1500290635899
Seat5A,true,1500290642172
TotalSeatCount,9,1500290642172
SoundRight,72.60557301294556,1500290645392
Seat2A,false,1500290645974
TotalSeatCount,8,1500290645979
Seat5A,false,1500290647265
TotalSeatCount,7,1500290647265
Temperature,25.89,1500290649988
Humidity,48.92539603119696,1500290649992
Brightness,1.0,1500290649999
Seat2A,true,1500290651082
TotalSeatCount,8,1500290651082
SoundRight,72.5354438361372,1500290655392
SoundRight,72.67920447405393,1500290665392
Seat5A,true,1500290668496
TotalSeatCount,9,1500290668496
Seat5A,false,1500290673589
TotalSeatCount,8,1500290673589
SoundRight,71.67240106464452,1500290675390
Seat5A,true,1500290678677
TotalSeatCount,9,1500290678677
Seat5A,false,1500290683769
TotalSeatCount,8,1500290683769
SoundRight,70.73440508230802,1500290685392
MoveFocus,GoTour,1500290692564
Seat5A,true,1500290693880
TotalSeatCount,9,1500290693880
SoundRight,70.33242550298185,1500290695390
Seat5A,false,1500290698957
TotalSeatCount,8,1500290698957
SoundRight,68.93864159058155,1500290705392
Temperature,25.89,1500290710506
Humidity,48.92539603119696,1500290710510
Brightness,1.0,1500290710523
Seat5A,true,1500290714045
TotalSeatCount,9,1500290714045
SoundRight,68.42857812418599,1500290715393
SoundRight,67.89283217923155,1500290725392
Seat5A,false,1500290729123
TotalSeatCount,8,1500290729123
SoundRight,67.30072806042828,1500290735392
SoundRight,67.44585893704695,1500290745392
MoveFocus,GoTour,1500290752651
SoundRight,67.56773758031466,1500290755390
SoundRight,67.74609553012233,1500290765392
Temperature,25.89,1500290771101
Humidity,48.92539603119696,1500290771105
Brightness,1.0,1500290771111
SoundRight,67.84858461803994,1500290775392
SoundRight,67.26540645656578,1500290785392
SoundRight,67.21116126411522,1500290795390
Seat2B,false,1500290802508
TotalSeatCount,7,1500290802508
Seat5A,true,1500290804158
TotalSeatCount,8,1500290804158
SoundRight,66.32304501637643,1500290805393
MoveFocus,GoTour,1500290812763
Seat5A,false,1500290814209
TotalSeatCount,7,1500290814209
SoundRight,65.70506547872996,1500290815392
SoundRight,64.64661579292711,1500290825392
Temperature,25.89,1500290831641
Humidity,48.92539603119696,1500290831645
Brightness,1.0,1500290831652
Seat2B,true,1500290832534
TotalSeatCount,8,1500290832534
Seat1B,false,1500290835185
TotalSeatCount,7,1500290835185
SoundRight,63.61465375543512,1500290835393
Seat5A,true,1500290839302
TotalSeatCount,8,1500290839302
Seat2B,false,1500290842654
TotalSeatCount,7,1500290842654
SoundRight,63.39331091235241,1500290845390
Seat5A,false,1500290849358
TotalSeatCount,6,1500290849358
Seat2B,true,1500290852699
TotalSeatCount,7,1500290852699
SoundRight,63.364115262067145,1500290855392
Seat2B,false,1500290857792
TotalSeatCount,6,1500290857792
SoundRight,64.2206841566745,1500290865390
MoveFocus,GoTour,1500290872850
SoundRight,64.28243238700351,1500290875394
Seat2B,true,1500290877883
TotalSeatCount,7,1500290877883
Seat5A,true,1500290879404
TotalSeatCount,8,1500290879404
SoundRight,65.26879246029044,1500290885390
Temperature,25.89,1500290892240
Humidity,48.92539603119696,1500290892244
Brightness,1.0,1500290892250
SoundRight,65.61722060232258,1500290895392
SoundRight,67.07856007632837,1500290905392
SoundRight,68.42685579016354,1500290915390
Seat5A,false,1500290924523
TotalSeatCount,7,1500290924523
SoundRight,68.46192129599538,1500290925392
MoveFocus,GoTour,1500290932962
SoundRight,69.18934302806788,1500290935392
Seat5B,true,1500290941662
TotalSeatCount,7,1500290941662
SoundRight,70.02338141195192,1500290945392
Temperature,25.89,1500290952902
Humidity,48.92539603119696,1500290952906
Brightness,1.0,1500290952921
Seat5A,true,1500290954599
TotalSeatCount,8,1500290954599
SoundRight,70.5585313060969,1500290955392
Seat5A,false,1500290959676
TotalSeatCount,7,1500290959676
SoundRight,70.71581465184937,1500290965392
SoundRight,70.11281052830662,1500290975392
SoundRight,70.41353658957765,1500290985392
Seat5A,true,1500290989752
TotalSeatCount,8,1500290989757
MoveFocus,GoTour,1500290993044
Seat5A,false,1500290994825
TotalSeatCount,7,1500290994825
SoundRight,70.40808208047585,1500290995392
Seat2B,false,1500291002574
TotalSeatCount,6,1500291002574
SoundRight,69.29490353757294,1500291005390
Seat2B,true,1500291007667
TotalSeatCount,7,1500291007667
Seat2B,false,1500291012745
TotalSeatCount,6,1500291012750
Temperature,25.89,1500291013583
Humidity,48.92539603119696,1500291013587
Brightness,1.0,1500291013595
SoundRight,69.68979676695145,1500291015394
Seat5A,true,1500291019888
TotalSeatCount,7,1500291019888
Seat2B,true,1500291022830
TotalSeatCount,8,1500291022830
Seat5A,false,1500291025041
TotalSeatCount,7,1500291025041
SoundRight,67.96879756876166,1500291025392
Seat2B,false,1500291027938
TotalSeatCount,6,1500291027973
SoundRight,67.1407958192195,1500291035390
SoundRight,66.89596693890616,1500291045390
Seat2B,true,1500291047983
TotalSeatCount,7,1500291047983
Seat2B,false,1500291053071
TotalSeatCount,6,1500291053071
MoveFocus,GoTour,1500291053136
SoundRight,66.08598866038318,1500291055392
Seat2B,true,1500291058214
TotalSeatCount,7,1500291058214
SoundRight,66.52347582934347,1500291065390
Seat2B,false,1500291068244
TotalSeatCount,6,1500291068244
Seat2B,true,1500291073337
TotalSeatCount,7,1500291073342
Temperature,25.89,1500291074233
Humidity,48.92539603119696,1500291074237
Brightness,1.0,1500291074245
SoundRight,65.376885950243,1500291075392
Seat2B,false,1500291078435
TotalSeatCount,6,1500291078435
SoundRight,64.99364037339289,1500291085392
SoundRight,64.62953670956549,1500291095392
Seat2B,true,1500291098470
TotalSeatCount,7,1500291098470
Seat2B,false,1500291103558
TotalSeatCount,6,1500291103558
SoundRight,63.564333893951435,1500291105392
MoveFocus,GoTour,1500291113273
SoundRight,63.11476661896568,1500291115390
SoundRight,62.45089335295765,1500291125392
Temperature,25.89,1500291134826
Humidity,49.04871591179778,1500291134831
Brightness,1.0,1500291134839
SoundRight,62.38988708663206,1500291135392
SoundRight,63.20056298270863,1500291145392
SoundRight,63.750762279419114,1500291155392
Seat2B,true,1500291158532
TotalSeatCount,7,1500291158532
SoundRight,65.11665681196729,1500291165392
Seat2B,false,1500291168608
TotalSeatCount,6,1500291168608
MoveFocus,GoTour,1500291173360
Seat5A,true,1500291174976
TotalSeatCount,7,1500291174976
SoundRight,66.09005405133063,1500291175392
SoundRight,66.3835513298607,1500291185392
Seat5A,false,1500291195062
TotalSeatCount,6,1500291195062
Temperature,25.78,1500291195345
Humidity,48.92539603119696,1500291195350
Brightness,1.0,1500291195360
SoundRight,66.90421402584637,1500291195392
Seat2B,true,1500291203621
TotalSeatCount,7,1500291203621
SoundRight,67.11484308599388,1500291205392
Seat2B,false,1500291208709
TotalSeatCount,6,1500291208709
SoundRight,67.39054452078538,1500291215392
Seat2B,true,1500291223777
TotalSeatCount,7,1500291223782
SoundRight,67.78262102553006,1500291225390
MoveFocus,GoTour,1500291233427
SoundRight,67.0624784423753,1500291235390
SoundRight,66.94332527444398,1500291245392
Seat2A,false,1500291254523
TotalSeatCount,6,1500291254523
SoundRight,67.05187264706363,1500291255392
Temperature,25.89,1500291255899
Humidity,48.92539603119696,1500291255905
Brightness,1.0,1500291255914
SoundRight,66.5524975062094,1500291265392
SoundRight,66.33893016702619,1500291275391
SoundRight,64.85989575175493,1500291285392
MoveFocus,GoTour,1500291293594
SoundRight,65.69123475961918,1500291295392
SoundRight,65.34478253987359,1500291305390
SoundRight,65.0324439978576,1500291315390
Temperature,25.89,1500291316453
Humidity,48.92539603119696,1500291316459
Brightness,1.0,1500291316473
Seat5A,true,1500291319973
TotalSeatCount,7,1500291319973
SoundRight,65.14592942489347,1500291325390
SoundRight,65.47548090624468,1500291335390
SoundRight,66.29311772397755,1500291345390
MoveFocus,GoTour,1500291353701
SoundRight,65.72498505074137,1500291355390
SoundRight,66.31681233225152,1500291365390
SoundRight,66.55488787346599,1500291375390
Temperature,25.89,1500291377144
Humidity,48.92539603119696,1500291377150
Brightness,1.0,1500291377160
SoundRight,66.1264836406186,1500291385392
SoundRight,65.3193943376243,1500291395392
SoundRight,65.28990801355783,1500291405390
MoveFocus,GoTour,1500291413798
SoundRight,65.59146290097894,1500291415390
SoundRight,65.8332245352793,1500291425392
SoundRight,65.86198310170897,1500291435390
Temperature,26.01,1500291437742
Humidity,49.04871591179778,1500291437746
Brightness,1.0,1500291437754
SoundRight,66.53528501759993,1500291445390
SoundRight,66.8622287508745,1500291455390
SoundRight,67.67863047871552,1500291465392
MoveFocus,GoTour,1500291473885
SoundRight,67.60249390757397,1500291475390
SoundRight,67.93857068266279,1500291485390
SoundRight,69.27177435309223,1500291495390
Seat3B,true,1500291497003
TotalSeatCount,8,1500291497003
Temperature,26.01,1500291498259
Humidity,49.04871591179778,1500291498268
Brightness,1.0,1500291498273
SoundRight,70.2684281894311,1500291505392
SoundRight,72.19718669269614,1500291515392
SoundRight,72.29629356747567,1500291525392
MoveFocus,GoTour,1500291534108
SoundRight,72.45321528625945,1500291535392
Seat5B,true,1500291537870
TotalSeatCount,8,1500291537870
SoundRight,72.14512904991217,1500291545392
SoundRight,72.03260554124137,1500291555390
Temperature,26.01,1500291558868
Humidity,49.04871591179778,1500291558878
Brightness,1.0,1500291558883
SoundRight,71.69682244679647,1500291565390
SoundRight,70.78861043321317,1500291575390
Seat3B,false,1500291577000
TotalSeatCount,7,1500291577000
Seat3B,true,1500291582093
TotalSeatCount,8,1500291582093
SoundRight,69.77277525409777,1500291585392
Seat3B,false,1500291587221
TotalSeatCount,7,1500291587221
Seat1B,true,1500291588797
TotalSeatCount,8,1500291588797
Seat6B,false,1500291592829
TotalSeatCount,8,1500291592834
MoveFocus,GoTour,1500291594225
SoundRight,70.51601941660053,1500291595390
Seat3B,true,1500291597276
TotalSeatCount,9,1500291597276
SoundRight,70.86025459803963,1500291605390
SoundRight,69.66551023334429,1500291615392
Temperature,26.01,1500291619418
Humidity,49.04871591179778,1500291619427
Brightness,1.0,1500291619432
Seat5A,false,1500291619773
TotalSeatCount,8,1500291619773
SoundRight,69.04847086177293,1500291625392
SoundRight,68.59842230210752,1500291635392
SoundRight,68.62622204961394,1500291645392
Seat5A,true,1500291649799
TotalSeatCount,9,1500291649799
Seat4B,true,1500291653946
Seat5A,false,1500291653946
TotalSeatCount,9,1500291653946
MoveFocus,GoTour,1500291654322
SoundRight,66.606149197097,1500291655392
Seat4B,false,1500291659019
TotalSeatCount,8,1500291659019
Seat4B,true,1500291664117
TotalSeatCount,9,1500291664117
SoundRight,65.60416435336569,1500291665390
Seat4B,false,1500291669225
TotalSeatCount,8,1500291669225
Seat4B,true,1500291674312
Seat5A,true,1500291674312
TotalSeatCount,10,1500291674312
ProjectorPower,Off,1500291674592
TurnOffProjector,null,1500291674592
SoundRight,64.67534798243824,1500291675392
Seat4B,false,1500291679410
Seat5A,false,1500291679410
TotalSeatCount,8,1500291679410
Temperature,26.01,1500291680113
Humidity,49.04871591179778,1500291680122
Brightness,1.0,1500291680128
Seat4B,true,1500291684523
TotalSeatCount,9,1500291684528
SoundRight,64.29071933135707,1500291685392
Seat5A,true,1500291695138
TotalSeatCount,10,1500291695138
SoundRight,63.922618099450006,1500291695390
Seat4B,false,1500291699596
Seat5A,false,1500291699601
TotalSeatCount,8,1500291699601
Seat4B,true,1500291704693
Seat5A,true,1500291704693
TotalSeatCount,10,1500291704693
SoundRight,64.7512908891986,1500291705392
Seat6A,false,1500291707160
TotalSeatCount,9,1500291707160
Seat5A,false,1500291710417
TotalSeatCount,8,1500291710417
Seat6A,true,1500291712252
TotalSeatCount,9,1500291712257
MoveFocus,GoTour,1500291714409
SoundRight,67.15346135211047,1500291715392
SoundRight,67.7998579422477,1500291725392
Seat5A,true,1500291730502
TotalSeatCount,10,1500291730502
SoundRight,68.58172711847351,1500291735392
Temperature,26.01,1500291740644
Humidity,49.04871591179778,1500291740653
Brightness,1.0,1500291740660
SoundRight,68.19058531957508,1500291745392
SoundRight,68.15658151495762,1500291755392
Seat5A,false,1500291755591
TotalSeatCount,9,1500291755591
SoundRight,66.60490983351903,1500291765392
Seat5A,true,1500291770654
TotalSeatCount,10,1500291770654
MoveFocus,GoTour,1500291774546
SoundRight,64.54883161608748,1500291775390
Seat5A,false,1500291775751
TotalSeatCount,9,1500291775751
Seat5A,true,1500291780859
TotalSeatCount,10,1500291780859
Seat3B,false,1500291781980
TotalSeatCount,9,1500291781980
SoundRight,63.06745516701515,1500291785392
Seat5A,false,1500291785942
TotalSeatCount,8,1500291785942
Seat3B,true,1500291787177
TotalSeatCount,9,1500291787177
SoundRight,63.13420094958421,1500291795392
Temperature,26.01,1500291801152
Humidity,49.04871591179778,1500291801157
Brightness,1.0,1500291801165
SoundRight,63.31063475742758,1500291805392
Seat5A,true,1500291806007
TotalSeatCount,10,1500291806007
SoundRight,63.97445040510702,1500291815392
Seat5A,false,1500291821075
TotalSeatCount,9,1500291821075
SoundRight,65.46591291929614,1500291825390
Seat3B,false,1500291827149
TotalSeatCount,8,1500291827149
MoveFocus,GoTour,1500291834633
SoundRight,65.84259083395686,1500291835392
Seat3B,true,1500291842237
TotalSeatCount,9,1500291842237
SoundRight,66.48184357134546,1500291845390
SoundRight,66.66618593568076,1500291855392
Seat5A,true,1500291856119
TotalSeatCount,10,1500291856119
Seat5A,false,1500291861227
TotalSeatCount,9,1500291861227
Temperature,26.01,1500291861791
Humidity,49.04871591179778,1500291861795
Brightness,1.0,1500291861805
SoundRight,67.43991076981703,1500291865392
SoundRight,66.98282180544089,1500291875393
SoundRight,66.3976926469286,1500291885390
MoveFocus,GoTour,1500291894730
SoundRight,66.16265393444664,1500291895392
SoundRight,66.98826053277745,1500291905392
SoundRight,67.09466994918992,1500291915392
Seat5A,true,1500291916306
TotalSeatCount,10,1500291916306
Seat5A,false,1500291921354
TotalSeatCount,9,1500291921354
Temperature,26.01,1500291922453
Humidity,49.04871591179778,1500291922458
Brightness,1.0,1500291922466
SoundRight,66.86340091790439,1500291925392
Seat2A,true,1500291934286
TotalSeatCount,10,1500291934286
SoundRight,66.88569695145443,1500291935390
Seat2A,false,1500291939794
TotalSeatCount,9,1500291939794
SoundRight,67.13332662730528,1500291945390
MoveFocus,GoTour,1500291954827
SoundRight,67.4661834425349,1500291955390
Seat2B,false,1500291961360
TotalSeatCount,8,1500291961360
SoundRight,66.35669864995523,1500291965392
Seat2B,true,1500291966473
Seat3B,false,1500291966478
TotalSeatCount,8,1500291966478
Seat3B,true,1500291972226
TotalSeatCount,9,1500291972226
SoundRight,66.58537500546615,1500291975393
Temperature,26.01,1500291983017
Humidity,49.04871591179778,1500291983023
Brightness,1.0,1500291983027
SoundRight,66.6459301080662,1500291985392
Seat3B,false,1500291987364
TotalSeatCount,8,1500291987364
Seat3B,true,1500291992412
TotalSeatCount,9,1500291992412
SoundRight,67.17084084393873,1500291995390
Seat5A,true,1500292001327
TotalSeatCount,10,1500292001327
Seat3B,false,1500292002502
TotalSeatCount,9,1500292002507
SoundRight,67.0340297536391,1500292005392
Seat5A,false,1500292006384
TotalSeatCount,8,1500292006384
Seat5A,true,1500292011482
TotalSeatCount,9,1500292011482
Seat3B,true,1500292012603
TotalSeatCount,10,1500292012603
MoveFocus,GoTour,1500292014939
SoundRight,67.68328250362237,1500292015392
Seat3B,false,1500292022688
TotalSeatCount,9,1500292022688
SoundRight,68.81724429841269,1500292025392
Seat5A,false,1500292031583
TotalSeatCount,8,1500292031583
SoundRight,69.45549329922011,1500292035390
Temperature,26.01,1500292043536
Humidity,49.04871591179778,1500292043541
Brightness,1.0,1500292043546
Seat5B,false,1500292044294
Seat2A,true,1500292044294
TotalSeatCount,8,1500292044294
SoundRight,68.89369827903961,1500292045393
Seat5A,true,1500292046636
TotalSeatCount,9,1500292046636
Seat1B,false,1500292048372
TotalSeatCount,8,1500292048372
Seat2B,false,1500292051348
Seat5A,false,1500292051353
TotalSeatCount,6,1500292051353
Seat3A,false,1500292053554
TotalSeatCount,5,1500292053554
SoundRight,68.05640534571847,1500292055392
Seat6A,false,1500292056901
TotalSeatCount,4,1500292056901
Exit,null,1500292058861
UserCount,14,1500292058861
Seat2A,false,1500292059803
TotalSeatCount,3,1500292059803
Seat4A,false,1500292062144
TotalSeatCount,2,1500292062144
SoundRight,69.2469358211437,1500292065392
Exit,null,1500292065671
UserCount,13,1500292065671
MoveFocus,GoTour,1500292075046
SoundRight,71.67771680680686,1500292075392
Entrance,null,1500292076431
UserCount,14,1500292076431
Seat4B,false,1500292079398
TotalSeatCount,1,1500292079398
Exit,null,1500292083425
UserCount,13,1500292083426
SoundRight,74.55801545172213,1500292085390
Exit,null,1500292087500
UserCount,12,1500292087501
SoundRight,76.42488752302356,1500292095392
Temperature,26.13,1500292104064
Humidity,49.04871591179778,1500292104071
Brightness,1.0,1500292104079
SoundRight,79.13564672004205,1500292105392
LightGroup1,Off,1500292107143
Exit,null,1500292108443
UserCount,11,1500292108444
LightGroup3,Off,1500292108604
Exit,null,1500292113049
UserCount,10,1500292113049
SoundRight,80.69847430615398,1500292115396
Exit,null,1500292117467
UserCount,9,1500292117468
Entrance,null,1500292118808
UserCount,10,1500292118808
SoundRight,80.24905182261726,1500292125392
MoveFocus,GoTour,1500292135173
SoundRight,79.09765702721022,1500292135392
Exit,null,1500292138893
UserCount,9,1500292138893
SoundRight,76.17446365125139,1500292145392
SoundRight,75.0807125008941,1500292155392
Temperature,26.13,1500292164616
Humidity,49.04871591179778,1500292164622
Brightness,1.0,1500292164629
SoundRight,74.8474744218576,1500292165392
SoundRight,74.84151213061882,1500292175392
SoundRight,74.70999331292744,1500292185391
MoveFocus,GoTour,1500292195275
SoundRight,73.93631093358411,1500292195392
SoundRight,74.33006633780991,1500292205390
Exit,null,1500292214059
UserCount,8,1500292214059
SoundRight,72.48032226140008,1500292215390
Exit,null,1500292216740
UserCount,7,1500292216740
