SoundRight,61.45119736161872,1501048195390
SoundRight,62.0221466080976,1501048205390
SoundRight,62.977195953036656,1501048215390
MoveFocus,GoTour,1501048225037
SoundRight,62.77636838602107,1501048225390
SoundRight,62.180113475118674,1501048235390
SoundRight,61.81318653175269,1501048245390
SoundRight,61.84509511214796,1501048255390
Aircon0Power,On,1501048260638
TurnOffAirCon0,null,1501048260640
SoundRight,61.5044421634251,1501048265390
SoundRight,61.17517458860127,1501048275390
MoveFocus,GoTour,1501048285139
SoundRight,62.07090290585706,1501048285390
SoundRight,63.218319846099035,1501048295392
SoundRight,63.771436143774814,1501048305391
Seat1B,true,1501048313934
TotalSeatCount,1,1501048313954
InferredUserPresence,present,1501048313984
SoundRight,64.54606045802693,1501048315390
SoundRight,65.51889211065541,1501048325391
SoundRight,65.79442130584738,1501048335390
MoveFocus,GoTour,1501048345236
SoundRight,65.97631847693802,1501048345392
SoundRight,66.31667741148627,1501048355392
SoundRight,66.62489774484143,1501048365392
TurnOnLightGroup2,null,1501048373603
Color,dark_gray,1501048373651
LightGroup2,On,1501048373681
SoundRight,66.72466435650462,1501048375392
TurnOnLightGroup1,null,1501048377336
TurnOnLightGroup3,null,1501048377343
Color,dark_gray,1501048377402
LightGroup1,On,1501048377420
Color,dark_gray,1501048377490
LightGroup3,On,1501048377544
Seat4B,true,1501048379189
TotalSeatCount,2,1501048379214
SoundRight,67.14011222255927,1501048385392
Seat2A,false,1501048387413
TotalSeatCount,2,1501048387433
SoundRight,67.54932000555645,1501048395392
MoveFocus,GoTour,1501048405363
SoundRight,67.30985388940766,1501048405391
SoundRight,67.24197083527845,1501048415392
SoundRight,66.96564719333018,1501048425392
SoundRight,66.84856061344746,1501048435392
SoundRight,66.74422398293738,1501048445390
Seat2A,true,1501048447400
TotalSeatCount,3,1501048447405
ProjectorPower,On,1501048454089
TurnOnProjector,null,1501048454094
SoundRight,66.21489882268371,1501048455392
SoundRight,66.51174316419085,1501048465392
MoveFocus,GoTour,1501048465455
SoundRight,66.49297404830838,1501048475390
Seat2B,false,1501048478031
TotalSeatCount,3,1501048478031
SoundRight,67.01321243884765,1501048485390
SoundRight,67.79818042174469,1501048495391
Seat6B,true,1501048501769
TotalSeatCount,4,1501048501774
SoundRight,67.9048374907454,1501048505390
SoundRight,67.90095852576349,1501048515390
Seat2A,false,1501048522365
TotalSeatCount,3,1501048522365
SoundRight,67.65476557538435,1501048525390
MoveFocus,GoTour,1501048525527
SoundRight,67.05574051695207,1501048535390
SoundRight,66.65221122480347,1501048545390
SoundRight,65.72276599241371,1501048555390
SoundRight,64.98371791173004,1501048565390
Seat2A,true,1501048567399
TotalSeatCount,4,1501048567409
Seat2A,false,1501048572487
Seat6A,true,1501048572537
TotalSeatCount,4,1501048572537
SoundRight,65.46706814805333,1501048575392
Seat2A,true,1501048577595
TotalSeatCount,5,1501048577615
SoundRight,66.36914257816814,1501048585392
MoveFocus,GoTour,1501048585689
SoundRight,68.65174739966929,1501048595392
SoundRight,70.02897290348317,1501048605390
SoundRight,70.64423592563183,1501048615390
SoundRight,71.27790844781835,1501048625390
SoundRight,72.278272414945,1501048635390
SoundRight,73.15482985896737,1501048645390
MoveFocus,GoTour,1501048645796
Seat4A,true,1501048648427
TotalSeatCount,6,1501048648477
Seat2A,false,1501048652509
Seat4A,false,1501048652540
TotalSeatCount,4,1501048652540
SoundRight,71.70804704775628,1501048655390
Seat2A,true,1501048657627
TotalSeatCount,5,1501048657672
Seat2A,false,1501048662685
TotalSeatCount,4,1501048662685
SoundRight,71.04426448584827,1501048665390
SoundRight,71.7000595097634,1501048675390
SoundRight,73.17067796260184,1501048685390
Seat2A,true,1501048687748
TotalSeatCount,5,1501048687748
SoundRight,73.22919277772188,1501048695392
SoundRight,72.35965815317802,1501048705390
MoveFocus,GoTour,1501048705898
SoundRight,72.75906189184948,1501048715390
Seat5B,true,1501048724633
TotalSeatCount,6,1501048724643
SoundRight,73.36317334964839,1501048725391
Seat2A,false,1501048732752
TotalSeatCount,5,1501048732767
SoundRight,73.07646514669058,1501048735391
SoundRight,73.26782592792361,1501048745391
SoundRight,73.36735008113968,1501048755390
Seat2A,true,1501048757836
TotalSeatCount,6,1501048757836
SoundRight,73.30195099160076,1501048765390
MoveFocus,GoTour,1501048766035
Seat4A,true,1501048773464
TotalSeatCount,7,1501048773469
SoundRight,74.17382614498119,1501048775392
SoundRight,74.12838773822071,1501048785390
SoundRight,74.67840016771065,1501048795390
SoundRight,74.5414507922905,1501048805392
SoundRight,76.26164199198477,1501048815390
SoundRight,78.47339443929667,1501048825392
MoveFocus,GoTour,1501048826157
SoundRight,79.9224870077822,1501048835392
Seat6B,false,1501048841735
TotalSeatCount,6,1501048841740
SoundRight,79.92943184602237,1501048845392
Seat6B,true,1501048846828
TotalSeatCount,7,1501048846833
SoundRight,81.93651884597662,1501048855390
Seat6B,false,1501048856863
TotalSeatCount,6,1501048856873
Seat6B,true,1501048861976
TotalSeatCount,7,1501048862016
SoundRight,82.8319697116281,1501048865391
SoundRight,79.92388910372384,1501048875391
SoundRight,78.25694488748235,1501048885391
MoveFocus,GoTour,1501048886264
SoundRight,75.34334229152432,1501048895391
Seat6B,false,1501048901992
TotalSeatCount,6,1501048902012
SoundRight,74.4993694132615,1501048905391
SoundRight,72.83597593785089,1501048915391
SoundRight,71.89725285768974,1501048925390
SoundRight,72.37051540511837,1501048935390
Seat3A,true,1501048938312
TotalSeatCount,7,1501048938317
SoundRight,72.02426560141762,1501048945390
MoveFocus,GoTour,1501048946366
SoundRight,72.677631357035,1501048955390
SoundRight,73.57391462341148,1501048965391
SoundRight,72.69155544269866,1501048975392
SoundRight,71.5669000718106,1501048985391
SoundRight,71.65532235370712,1501048995390
SoundRight,71.8768674758151,1501049005392
MoveFocus,GoTour,1501049006443
SoundRight,72.7267615945668,1501049015390
SoundRight,73.27598536187867,1501049025392
SoundRight,73.66777789250281,1501049035390
SoundRight,74.70621147739858,1501049045390
SoundRight,75.46922026758274,1501049055390
SoundRight,75.32885193816978,1501049065390
MoveFocus,GoTour,1501049066570
SoundRight,74.55063370379979,1501049075391
Seat2A,false,1501049082088
TotalSeatCount,6,1501049082088
SoundRight,73.5141299391337,1501049085391
SoundRight,73.3625817886357,1501049095391
SoundRight,73.70109497870212,1501049105390
SoundRight,73.20208572830794,1501049115392
SoundRight,73.08950645282154,1501049125392
MoveFocus,GoTour,1501049126682
SoundRight,73.60696067114607,1501049135391
Seat2A,true,1501049142000
TotalSeatCount,7,1501049142020
SoundRight,73.54720637291062,1501049145390
SoundRight,73.54721293561906,1501049155392
SoundRight,72.62762325648191,1501049165392
Seat5B,false,1501049167909
TotalSeatCount,6,1501049167914
SoundRight,72.87730917773577,1501049175390
SoundRight,72.63846586173221,1501049185390
MoveFocus,GoTour,1501049186784
SoundRight,71.55306556639503,1501049195391
SoundRight,71.8120859354076,1501049205391
SoundRight,72.08388505341559,1501049215392
SoundRight,71.52098370512016,1501049225390
SoundRight,71.12926029669622,1501049235392
Seat2A,false,1501049241974
TotalSeatCount,5,1501049241974
SoundRight,71.84675180811304,1501049245390
MoveFocus,GoTour,1501049246896
Seat2A,true,1501049247056
TotalSeatCount,6,1501049247061
SoundRight,72.3139734560382,1501049255391
SoundRight,72.27215820837326,1501049265393
Seat2A,false,1501049267137
TotalSeatCount,5,1501049267172
SoundRight,71.77198608174986,1501049275390
Seat2A,true,1501049277197
TotalSeatCount,6,1501049277212
Seat2A,false,1501049282255
TotalSeatCount,5,1501049282270
SoundRight,72.77694162095746,1501049285392
SoundRight,72.32234589234554,1501049295391
SoundRight,72.1138191805017,1501049305391
MoveFocus,GoTour,1501049307008
SoundRight,72.48206347392404,1501049315392
SoundRight,73.04874937533008,1501049325390
Seat2A,true,1501049327304
TotalSeatCount,6,1501049327314
Seat2A,false,1501049332377
TotalSeatCount,5,1501049332417
SoundRight,73.46094894627329,1501049335391
SoundRight,73.6943035075111,1501049345390
SoundRight,74.32469823048972,1501049355390
SoundRight,74.6177089501502,1501049365391
MoveFocus,GoTour,1501049367095
SoundRight,74.38416624819386,1501049375392
SoundRight,74.2288760312082,1501049385392
SoundRight,74.20488097829958,1501049395391
SoundRight,73.5054817813886,1501049405391
SoundRight,73.75100732790581,1501049415391
SoundRight,73.3587809570524,1501049425392
MoveFocus,GoTour,1501049427177
SoundRight,73.1852034029908,1501049435392
SoundRight,72.83348663701483,1501049445392
SoundRight,72.77870648913266,1501049455391
SoundRight,73.19689680688599,1501049465390
Seat2A,true,1501049467319
TotalSeatCount,6,1501049467324
Seat2A,false,1501049472352
TotalSeatCount,5,1501049472357
SoundRight,73.16006491662007,1501049475390
SoundRight,72.89194365157982,1501049485392
MoveFocus,GoTour,1501049487314
SoundRight,72.69880110543808,1501049495392
SoundRight,73.32479410243425,1501049505390
SoundRight,72.84427684816289,1501049515390
SoundRight,72.85822886749516,1501049525390
SoundRight,72.79620872915066,1501049535393
SoundRight,73.3478132887928,1501049545391
MoveFocus,GoTour,1501049547417
SoundRight,73.86547740271247,1501049555390
SoundRight,73.84620648590885,1501049565390
SoundRight,73.97107146038326,1501049575391
SoundRight,74.05442640717041,1501049585390
SoundRight,73.38748988480249,1501049595390
SoundRight,73.42014445217569,1501049605390
MoveFocus,GoTour,1501049607534
SoundRight,73.34010921597365,1501049615391
Seat5B,true,1501049622071
TotalSeatCount,6,1501049622086
Seat5B,false,1501049623107
TotalSeatCount,5,1501049623107
SoundRight,73.24084853487994,1501049625392
SoundRight,73.78893914957698,1501049635391
SoundRight,73.83991680907465,1501049645391
SoundRight,73.95486247634602,1501049655391
SoundRight,73.6746181830768,1501049665391
MoveFocus,GoTour,1501049667661
SoundRight,73.58154849463489,1501049675390
SoundRight,73.17620186888806,1501049685391
SoundRight,72.23294240698507,1501049695391
SoundRight,71.22537800961814,1501049705391
SoundRight,71.82343584466255,1501049715390
SoundRight,71.56365855167654,1501049725390
MoveFocus,GoTour,1501049727753
SoundRight,71.1213568322933,1501049735390
Seat5B,true,1501049738483
TotalSeatCount,6,1501049738488
SoundRight,71.53679274819778,1501049745392
SoundRight,72.12997139223965,1501049755391
SoundRight,72.16484624011586,1501049765391
Seat5B,false,1501049775358
TotalSeatCount,5,1501049775368
SoundRight,71.94087437833075,1501049775392
Seat5B,true,1501049776454
TotalSeatCount,6,1501049776454
SoundRight,72.12522231483845,1501049785392
MoveFocus,GoTour,1501049787830
SoundRight,72.90965632732909,1501049795392
SoundRight,72.8332619403216,1501049805390
SoundRight,73.92576600354629,1501049815390
SoundRight,74.94611408204143,1501049825390
Seat5B,false,1501049830267
TotalSeatCount,5,1501049830267
SoundRight,74.73654488407308,1501049835391
SoundRight,74.41095789543887,1501049845391
MoveFocus,GoTour,1501049847957
SoundRight,73.88342319251363,1501049855391
SoundRight,73.33295825857748,1501049865391
SoundRight,72.94082280536811,1501049875391
SoundRight,72.26684729297071,1501049885391
SoundRight,72.07033437732198,1501049895391
SoundRight,72.86451439039287,1501049905390
MoveFocus,GoTour,1501049908014
SoundRight,72.65316476339908,1501049915390
SoundRight,72.22240530159426,1501049925390
Seat5B,true,1501049925713
TotalSeatCount,6,1501049925733
SoundRight,71.92880243994414,1501049935390
SoundRight,71.62938094842889,1501049945390
SoundRight,71.7289671639047,1501049955390
SoundRight,71.64598633609849,1501049965390
MoveFocus,GoTour,1501049968101
SoundRight,71.88442714415162,1501049975390
SoundRight,72.10159608075081,1501049985390
SoundRight,71.91039559105474,1501049995390
SoundRight,72.52385556898804,1501050005390
SoundRight,72.14850485880227,1501050015390
SoundRight,71.5198954828201,1501050025390
MoveFocus,GoTour,1501050028193
SoundRight,71.72432850301668,1501050035390
SoundRight,71.17388760297362,1501050045390
SoundRight,72.22264633910108,1501050055390
SoundRight,71.20311090838261,1501050065390
SoundRight,70.66592837157324,1501050075390
SoundRight,71.00983794658352,1501050085390
MoveFocus,GoTour,1501050088317
SoundRight,70.68063748267255,1501050095390
SoundRight,70.7523223508356,1501050105390
SoundRight,70.1472017981357,1501050115390
SoundRight,70.49505968340844,1501050125390
SoundRight,70.34547887988771,1501050135390
SoundRight,70.18710012358692,1501050145390
MoveFocus,GoTour,1501050148389
SoundRight,69.59285692146919,1501050155390
SoundRight,69.74935570927836,1501050165390
SoundRight,69.97167265055845,1501050175390
Seat2A,true,1501050177045
TotalSeatCount,7,1501050177045
SoundRight,69.99376839851719,1501050185390
SoundRight,70.71602786879656,1501050195390
SoundRight,71.14728077887086,1501050205390
MoveFocus,GoTour,1501050208476
SoundRight,71.25156248232153,1501050215390
SoundRight,71.76052867984896,1501050225391
SoundRight,71.1580724623723,1501050235391
SoundRight,71.30752511885754,1501050245390
SoundRight,71.19883544726645,1501050255391
SoundRight,71.27218415566558,1501050265391
MoveFocus,GoTour,1501050268593
SoundRight,71.21494012154773,1501050275392
SoundRight,70.68485493530622,1501050285390
SoundRight,71.05108879908275,1501050295390
SoundRight,71.09139364184598,1501050305390
SoundRight,71.59265397905686,1501050315390
SoundRight,71.84528766176051,1501050325390
MoveFocus,GoTour,1501050328705
SoundRight,72.41362970949594,1501050335391
SoundRight,72.02304976168581,1501050345392
SoundRight,71.80808465857449,1501050355392
SoundRight,71.74611477789202,1501050365392
SoundRight,71.50100477541164,1501050375392
SoundRight,71.24805826729384,1501050385390
MoveFocus,GoTour,1501050388817
SoundRight,71.59103929917117,1501050395390
SoundRight,72.66198134504727,1501050405391
SoundRight,73.0349181951573,1501050415391
SoundRight,73.59204818011514,1501050425391
SoundRight,73.16496106112899,1501050435391
SoundRight,73.6639422238911,1501050445391
MoveFocus,GoTour,1501050448909
SoundRight,73.26221193427887,1501050455390
SoundRight,72.65692410566825,1501050465391
SoundRight,72.56260138147378,1501050475391
SoundRight,72.57936871880568,1501050485391
SoundRight,73.06003632564352,1501050495391
SoundRight,72.62444026053642,1501050505391
MoveFocus,GoTour,1501050509061
SoundRight,72.66685707289437,1501050515391
Seat5B,true,1501050524090
TotalSeatCount,7,1501050524100
SoundRight,73.00090766110488,1501050525390
SoundRight,72.97681647347932,1501050535390
SoundRight,72.77974671303609,1501050545391
SoundRight,72.33768837472104,1501050555392
SoundRight,72.72456755104253,1501050565391
MoveFocus,GoTour,1501050569134
SoundRight,72.64325626824608,1501050575392
SoundRight,72.7396084921826,1501050585391
SoundRight,72.80290024460979,1501050595390
SoundRight,73.30897704966945,1501050605390
SoundRight,73.81598670766697,1501050615391
Seat2A,false,1501050615858
TotalSeatCount,6,1501050615888
SoundRight,73.40797359874688,1501050625390
MoveFocus,GoTour,1501050629236
SoundRight,73.90203232283594,1501050635392
Seat2A,true,1501050640887
TotalSeatCount,7,1501050640917
SoundRight,73.25726421577852,1501050645391
SoundRight,72.9674389352579,1501050655390
SoundRight,72.18251325231381,1501050665391
SoundRight,72.34242741850463,1501050675391
SoundRight,72.4906782433034,1501050685391
MoveFocus,GoTour,1501050689373
SoundRight,71.56246963288099,1501050695390
SoundRight,71.84028724140843,1501050705392
SoundRight,71.67276357425472,1501050715390
Seat2A,false,1501050715792
TotalSeatCount,6,1501050715822
SoundRight,72.43843235501836,1501050725390
Seat2A,true,1501050725922
TotalSeatCount,7,1501050725942
SoundRight,71.78588553754709,1501050735390
SoundRight,71.51660948047052,1501050745391
MoveFocus,GoTour,1501050749470
Seat2A,false,1501050750970
TotalSeatCount,6,1501050750970
SoundRight,71.9473274099475,1501050755390
Seat2A,true,1501050756043
TotalSeatCount,7,1501050756088
SoundRight,71.99708238540299,1501050765391
SoundRight,72.23695225787043,1501050775390
SoundRight,71.63070522839492,1501050785390
SoundRight,71.55110770278596,1501050795390
SoundRight,71.71064216999139,1501050805392
MoveFocus,GoTour,1501050809552
Seat2A,false,1501050811002
TotalSeatCount,6,1501050811017
SoundRight,71.45468249825653,1501050815392
SoundRight,71.74622699894893,1501050825392
SoundRight,71.61447729081723,1501050835392
SoundRight,72.06875490300169,1501050845390
SoundRight,71.99916979144824,1501050855390
SoundRight,71.39182586190076,1501050865390
MoveFocus,GoTour,1501050869694
SoundRight,71.39489293838218,1501050875390
SoundRight,70.69716674331563,1501050885390
SoundRight,69.94316334880429,1501050895390
SoundRight,69.86196756094039,1501050905390
SoundRight,70.18623662728628,1501050915391
SoundRight,70.18911718768604,1501050925391
Seat4B,false,1501050926984
TotalSeatCount,5,1501050927004
MoveFocus,GoTour,1501050929811
SoundRight,70.62687497733909,1501050935391
SoundRight,70.69780247069714,1501050945391
SoundRight,70.96322706324727,1501050955390
SoundRight,70.50581213783644,1501050965390
Seat4B,true,1501050966986
TotalSeatCount,6,1501050967021
SoundRight,70.00871995182548,1501050975390
Seat4B,false,1501050977841
TotalSeatCount,5,1501050977886
SoundRight,70.86620095049156,1501050985390
MoveFocus,GoTour,1501050989908
SoundRight,70.33134265370755,1501050995390
SoundRight,70.32678818775169,1501051005390
Seat2A,true,1501051010599
TotalSeatCount,6,1501051010599
SoundRight,71.51355638378709,1501051015394
SoundRight,71.68278152785766,1501051025390
SoundRight,71.96752005549926,1501051035390
SoundRight,71.12828551793467,1501051045390
MoveFocus,GoTour,1501051050025
SoundRight,71.14143377820274,1501051055390
SoundRight,71.2785031406632,1501051065390
SoundRight,70.65545477178111,1501051075390
SoundRight,70.47994828299228,1501051085390
SoundRight,70.40886764527947,1501051095391
SoundRight,71.05720856954387,1501051105391
MoveFocus,GoTour,1501051110147
SoundRight,71.09176678205084,1501051115392
Seat5B,true,1501051120037
TotalSeatCount,6,1501051120092
SoundRight,70.95220904909537,1501051125392
Seat2A,false,1501051130388
TotalSeatCount,5,1501051130388
SoundRight,70.99344465270573,1501051135392
Seat2A,true,1501051135470
TotalSeatCount,6,1501051135500
SoundRight,71.49557185087795,1501051145391
SoundRight,71.61281108528729,1501051155392
SoundRight,71.69845062718545,1501051165391
MoveFocus,GoTour,1501051170224
Seat2A,false,1501051170504
TotalSeatCount,5,1501051170529
Seat4B,true,1501051172675
TotalSeatCount,6,1501051172680
SoundRight,71.38841856253465,1501051175392
Seat2A,true,1501051175557
TotalSeatCount,7,1501051175557
SoundRight,71.17073353469543,1501051185391
Seat2A,false,1501051185692
TotalSeatCount,6,1501051185727
Seat2A,true,1501051190820
TotalSeatCount,7,1501051190835
SoundRight,71.71845312338606,1501051195392
Seat2A,false,1501051200855
TotalSeatCount,6,1501051200890
SoundRight,71.2417489832228,1501051205391
Seat2A,true,1501051205903
TotalSeatCount,7,1501051205903
SoundRight,70.83127383410807,1501051215390
SoundRight,70.63742133917766,1501051225391
MoveFocus,GoTour,1501051230336
SoundRight,71.08284443121975,1501051235391
SoundRight,71.32165321972846,1501051245392
SoundRight,71.06559970321997,1501051255391
SoundRight,71.33635408363959,1501051265391
SoundRight,71.63332859415618,1501051275392
SoundRight,71.06994381850139,1501051285391
MoveFocus,GoTour,1501051290413
SoundRight,71.41356337592323,1501051295390
SoundRight,71.84892301155577,1501051305391
SoundRight,71.59057984028837,1501051315390
SoundRight,71.53734014023303,1501051325390
SoundRight,71.34074906372987,1501051335392
SoundRight,71.79725277993604,1501051345392
MoveFocus,GoTour,1501051350505
SoundRight,71.14714699309503,1501051355392
SoundRight,70.42990084455599,1501051365390
SoundRight,70.56682441601941,1501051375390
SoundRight,70.04497326280284,1501051385392
SoundRight,70.06547246909685,1501051395391
SoundRight,69.9661952434893,1501051405391
MoveFocus,GoTour,1501051410597
SoundRight,70.61299322616226,1501051415391
SoundRight,70.83526055200956,1501051425390
SoundRight,71.20785538913803,1501051435392
SoundRight,71.85503406376107,1501051445390
SoundRight,71.75347613748127,1501051455390
SoundRight,71.62039361672119,1501051465390
MoveFocus,GoTour,1501051470729
SoundRight,70.97504073735087,1501051475393
SoundRight,70.5010596306192,1501051485393
SoundRight,70.25795133024084,1501051495392
SoundRight,69.68323571872618,1501051505391
SoundRight,69.7095986379456,1501051515390
SoundRight,70.04988748003619,1501051525390
MoveFocus,GoTour,1501051530836
SoundRight,70.29213471638887,1501051535390
SoundRight,70.7948236821705,1501051545391
SoundRight,70.20589678640467,1501051555391
SoundRight,70.79371131140846,1501051565390
SoundRight,71.70907666418738,1501051575391
SoundRight,71.2519435537375,1501051585390
MoveFocus,GoTour,1501051590958
SoundRight,71.76935314728901,1501051595390
SoundRight,71.68059041004271,1501051605390
SoundRight,72.05980414422557,1501051615390
SoundRight,71.74005717928473,1501051625391
SoundRight,70.59528075751648,1501051635391
SoundRight,70.76892850555706,1501051645391
TotalSeatCount,7,1501051650020
MoveFocus,GoTour,1501051651050
SoundRight,70.97852798471563,1501051655391
SoundRight,71.51820203688095,1501051665391
SoundRight,71.24983192496818,1501051675390
SoundRight,71.0204079296309,1501051685390
SoundRight,71.72128418819915,1501051695392
SoundRight,71.78953289788657,1501051705392
MoveFocus,GoTour,1501051711142
SoundRight,71.11485230655732,1501051715392
Seat5B,true,1501051716335
TotalSeatCount,7,1501051716335
SoundRight,71.19245027985116,1501051725391
SoundRight,71.3203874053402,1501051735390
SoundRight,71.72989435915376,1501051745390
SoundRight,72.07688961319005,1501051755391
SoundRight,72.70151613526372,1501051765391
MoveFocus,GoTour,1501051771254
SoundRight,72.63466053577855,1501051775391
Seat4A,false,1501051785307
TotalSeatCount,6,1501051785307
SoundRight,72.2689417985765,1501051785391
Seat4A,true,1501051790400
TotalSeatCount,7,1501051790400
SoundRight,72.0192210310123,1501051795392
SoundRight,71.84235258260661,1501051805392
SoundRight,71.1229536481094,1501051815391
SoundRight,70.76642785043938,1501051825391
MoveFocus,GoTour,1501051831366
SoundRight,71.52110887124559,1501051835391
SoundRight,71.1404023552562,1501051845391
SoundRight,71.6075698115313,1501051855390
SoundRight,71.58537483945976,1501051865392
Seat4A,false,1501051875355
TotalSeatCount,6,1501051875365
SoundRight,71.97109444042302,1501051875390
Seat4A,true,1501051880438
TotalSeatCount,7,1501051880468
SoundRight,71.40057321189917,1501051885390
MoveFocus,GoTour,1501051891433
SoundRight,70.60924427537627,1501051895390
SoundRight,70.57366270663346,1501051905390
SoundRight,70.45081861973105,1501051915390
SoundRight,70.31344381406952,1501051925390
SoundRight,69.84572048451652,1501051935390
SoundRight,70.6042466662664,1501051945390
MoveFocus,GoTour,1501051951545
SoundRight,71.06778145185399,1501051955390
SoundRight,71.26653474706738,1501051965390
SoundRight,70.91439432513086,1501051975390
SoundRight,71.08124321313144,1501051985390
SoundRight,71.38453792854195,1501051995390
SoundRight,71.39994383361969,1501052005392
MoveFocus,GoTour,1501052011647
SoundRight,70.90012970739379,1501052015390
SoundRight,70.79738177148111,1501052025390
SoundRight,71.74765654189024,1501052035390
SoundRight,71.94734993899583,1501052045390
SoundRight,72.07267582134621,1501052055390
SoundRight,71.2412246218344,1501052065390
MoveFocus,GoTour,1501052071795
SoundRight,71.28068447964387,1501052075391
SoundRight,71.40978712380839,1501052085390
SoundRight,70.05908726191952,1501052095391
SoundRight,69.98564856054813,1501052105391
SoundRight,70.07172075142593,1501052115391
SoundRight,70.69010617154824,1501052125391
MoveFocus,GoTour,1501052131892
SoundRight,71.60445682511373,1501052135391
SoundRight,71.9166060189895,1501052145390
SoundRight,72.39792849832682,1501052155391
SoundRight,72.34401947104107,1501052165391
SoundRight,71.76724054213636,1501052175390
SoundRight,72.46169017480612,1501052185392
MoveFocus,GoTour,1501052192009
Seat3B,false,1501052192694
TotalSeatCount,7,1501052192729
SoundRight,71.69062351768308,1501052195392
SoundRight,71.66896748943367,1501052205392
SoundRight,71.85023530441111,1501052215390
SoundRight,71.92874386912594,1501052225391
SoundRight,71.84434392030289,1501052235392
SoundRight,70.78376962494396,1501052245392
MoveFocus,GoTour,1501052252121
SoundRight,70.56015819125291,1501052255391
SoundRight,70.19761228336421,1501052265392
SoundRight,69.86241776161249,1501052275392
SoundRight,70.1378920838729,1501052285392
SoundRight,70.66986673181366,1501052295392
SoundRight,70.76167245238922,1501052305390
MoveFocus,GoTour,1501052312228
Seat5B,true,1501052312233
TotalSeatCount,7,1501052312263
SoundRight,71.81338199811192,1501052315390
SoundRight,71.76708229998563,1501052325391
SoundRight,72.01782354723262,1501052335390
SoundRight,71.85661089891717,1501052345390
SoundRight,71.70664606694514,1501052355391
SoundRight,71.36630727033221,1501052365390
MoveFocus,GoTour,1501052372305
SoundRight,70.73267317237827,1501052375391
SoundRight,70.69303590039635,1501052385392
SoundRight,70.76742378054357,1501052395390
SoundRight,70.80608801811994,1501052405392
SoundRight,70.04912426426465,1501052415392
Seat2A,false,1501052423742
TotalSeatCount,6,1501052423747
SoundRight,69.6579167302131,1501052425390
MoveFocus,GoTour,1501052432412
SoundRight,69.8311089591489,1501052435390
SoundRight,70.21930190898829,1501052445391
Seat4A,false,1501052455204
TotalSeatCount,5,1501052455234
SoundRight,70.17174513266023,1501052455390
Seat4A,true,1501052460357
TotalSeatCount,6,1501052460387
SoundRight,69.24134396668863,1501052465390
Seat4A,false,1501052465454
TotalSeatCount,5,1501052465454
Seat2A,true,1501052473764
TotalSeatCount,6,1501052473804
SoundRight,69.75615917828462,1501052475391
SoundRight,70.47327432767392,1501052485390
Seat2A,false,1501052488822
TotalSeatCount,5,1501052488847
MoveFocus,GoTour,1501052492524
SoundRight,70.30738529569439,1501052495391
SoundRight,69.94667308285071,1501052505391
SoundRight,69.8345567134245,1501052515392
SoundRight,70.66369948113577,1501052525390
SoundRight,71.32073020284982,1501052535391
SoundRight,72.23304584422458,1501052545391
MoveFocus,GoTour,1501052552596
SoundRight,72.16008540292616,1501052555390
SoundRight,72.57504838359657,1501052565392
SoundRight,73.20651306500339,1501052575392
Seat4B,false,1501052575488
TotalSeatCount,4,1501052575508
Seat2A,true,1501052578670
TotalSeatCount,5,1501052578670
SoundRight,73.06184693914204,1501052585392
SoundRight,72.3014049936665,1501052595392
Seat4B,true,1501052595574
TotalSeatCount,6,1501052595604
Seat2A,false,1501052598720
TotalSeatCount,5,1501052598720
Seat4A,true,1501052605289
TotalSeatCount,6,1501052605319
SoundRight,71.75317980819912,1501052605392
MoveFocus,GoTour,1501052612733
SoundRight,71.09230017378674,1501052615392
SoundRight,70.59972439101558,1501052625392
SoundRight,69.74611015268508,1501052635390
Seat2A,true,1501052643789
TotalSeatCount,7,1501052643819
SoundRight,69.61566527058068,1501052645391
SoundRight,69.91847149094025,1501052655391
SoundRight,69.66704422710004,1501052665390
Seat4B,false,1501052665611
TotalSeatCount,6,1501052665616
MoveFocus,GoTour,1501052672865
SoundRight,71.07499207678266,1501052675391
SoundRight,72.34695915300782,1501052685390
Seat4B,true,1501052685672
TotalSeatCount,7,1501052685687
Seat4A,false,1501052690199
TotalSeatCount,6,1501052690199
SoundRight,73.55931091518435,1501052695390
Seat4A,true,1501052700265
Seat5B,false,1501052700310
TotalSeatCount,6,1501052700310
Seat2A,false,1501052703706
TotalSeatCount,5,1501052703706
Seat4A,false,1501052705362
SoundRight,73.91878202186471,1501052705392
TotalSeatCount,4,1501052705397
SoundRight,74.17596709985271,1501052715391
Seat4A,true,1501052715493
TotalSeatCount,5,1501052715503
Seat5B,true,1501052716838
TotalSeatCount,6,1501052716838
Seat2A,true,1501052718804
TotalSeatCount,7,1501052718804
Seat2A,false,1501052723932
Seat5A,false,1501052723962
TotalSeatCount,6,1501052723962
SoundRight,74.3670927450569,1501052725391
MoveFocus,GoTour,1501052732952
SoundRight,73.34144169125625,1501052735391
SoundRight,72.80471432650143,1501052745391
Seat4B,false,1501052750711
TotalSeatCount,5,1501052750716
SoundRight,72.21817283844256,1501052755392
Seat4B,true,1501052760762
TotalSeatCount,6,1501052760767
SoundRight,72.50333622857191,1501052765390
SoundRight,72.82080687919687,1501052775390
Seat3A,false,1501052779742
TotalSeatCount,5,1501052779762
SoundRight,72.71074474559578,1501052785391
Seat3A,true,1501052789852
TotalSeatCount,6,1501052789862
MoveFocus,GoTour,1501052793094
SoundRight,72.33561964155518,1501052795391
SoundRight,71.40945437947465,1501052805391
Seat6B,true,1501052809798
TotalSeatCount,7,1501052809803
SoundRight,71.75880681656808,1501052815392
SoundRight,71.28010743016506,1501052825391
SoundRight,70.37213981700793,1501052835393
SoundRight,70.4695771785545,1501052845391
MoveFocus,GoTour,1501052853181
SoundRight,71.30364309475144,1501052855391
SoundRight,71.87907761136073,1501052865390
SoundRight,71.52915015274833,1501052875390
SoundRight,71.09751030586001,1501052885390
SoundRight,71.00831248926168,1501052895390
SoundRight,71.69266296196184,1501052905390
MoveFocus,GoTour,1501052913268
SoundRight,71.3211201428562,1501052915391
SoundRight,70.63394636679145,1501052925392
SoundRight,71.11341905934161,1501052935390
SoundRight,71.06524227863548,1501052945390
SoundRight,71.08888520905693,1501052955390
SoundRight,70.73335827613485,1501052965391
MoveFocus,GoTour,1501052973410
SoundRight,70.68109946761189,1501052975391
SoundRight,71.35256808346152,1501052985391
SoundRight,70.69889726119659,1501052995391
SoundRight,71.04810079717028,1501053005390
SoundRight,70.91129427694256,1501053015391
SoundRight,70.75646785414163,1501053025391
MoveFocus,GoTour,1501053033517
SoundRight,71.91103445647245,1501053035391
SoundRight,72.39851392815402,1501053045390
SoundRight,72.72256546390908,1501053055390
SoundRight,72.59457058994454,1501053065390
SoundRight,72.90287799478006,1501053075390
SoundRight,73.29371168430313,1501053085390
MoveFocus,GoTour,1501053093624
SoundRight,72.08345856035052,1501053095391
SoundRight,71.44954220029393,1501053105391
SoundRight,71.33072868921494,1501053115392
SoundRight,71.90573680427742,1501053125390
SoundRight,71.97619992513998,1501053135391
SoundRight,72.37188621130606,1501053145390
MoveFocus,GoTour,1501053153711
SoundRight,72.65642244949285,1501053155390
Seat1B,false,1501053160150
TotalSeatCount,6,1501053160160
SoundRight,73.35080833054494,1501053165390
SoundRight,73.76749794352905,1501053175391
SoundRight,73.60732956872951,1501053185390
SoundRight,73.10410451863329,1501053195390
SoundRight,72.50458075758368,1501053205390
MoveFocus,GoTour,1501053213793
SoundRight,72.41759837166202,1501053215392
Seat1B,true,1501053220152
TotalSeatCount,7,1501053220152
SoundRight,72.38734473437313,1501053225391
SoundRight,72.0444892289229,1501053235392
Seat1B,false,1501053240242
TotalSeatCount,6,1501053240257
SoundRight,71.91876859698557,1501053245390
SoundRight,72.63156273921886,1501053255390
SoundRight,72.26138118311897,1501053265390
Seat1B,true,1501053270308
TotalSeatCount,7,1501053270353
MoveFocus,GoTour,1501053273900
SoundRight,71.83302570069796,1501053275391
SoundRight,71.2407164365411,1501053285391
SoundRight,71.01830554338468,1501053295392
SoundRight,70.66268955433779,1501053305392
Seat5B,true,1501053312576
TotalSeatCount,7,1501053312616
SoundRight,71.40891748855763,1501053315392
Seat1B,false,1501053320370
TotalSeatCount,6,1501053320400
SoundRight,71.60626672942409,1501053325390
Seat1B,true,1501053325468
TotalSeatCount,7,1501053325523
MoveFocus,GoTour,1501053334042
SoundRight,72.01047973826427,1501053335390
SoundRight,72.44370736699263,1501053345390
SoundRight,72.06817854803425,1501053355390
SoundRight,72.22939437733288,1501053365390
SoundRight,71.06959027727453,1501053375392
SoundRight,71.62812144904731,1501053385391
MoveFocus,GoTour,1501053394139
SoundRight,71.22753394769799,1501053395391
SoundRight,70.80120024694152,1501053405391
Seat4A,false,1501053409553
TotalSeatCount,6,1501053409568
Seat4A,true,1501053414620
TotalSeatCount,7,1501053414655
SoundRight,71.01791107623961,1501053415391
SoundRight,72.24530452001996,1501053425392
SoundRight,73.85960283084401,1501053435390
SoundRight,73.57775675510858,1501053445391
MoveFocus,GoTour,1501053454266
SoundRight,74.26011799720172,1501053455390
SoundRight,74.45734075830629,1501053465391
SoundRight,74.70738851349331,1501053475391
SoundRight,73.71199078665254,1501053485391
SoundRight,72.44312477292924,1501053495392
SoundRight,71.9543897781402,1501053505391
Seat4A,false,1501053509621
TotalSeatCount,6,1501053509621
MoveFocus,GoTour,1501053514378
SoundRight,71.81078290819354,1501053515391
SoundRight,71.36249223249534,1501053525391
SoundRight,71.35679125361158,1501053535391
SoundRight,71.14118112350889,1501053545390
Seat4A,true,1501053549612
TotalSeatCount,7,1501053549622
SoundRight,70.861967796081,1501053555391
Seat1B,false,1501053560518
TotalSeatCount,6,1501053560523
SoundRight,71.26108669341542,1501053565391
Seat4A,false,1501053569693
TotalSeatCount,5,1501053569708
MoveFocus,GoTour,1501053574471
SoundRight,70.76676477136297,1501053575392
SoundRight,71.97866111401032,1501053585391
Seat4A,true,1501053589709
Seat1B,true,1501053589714
TotalSeatCount,7,1501053589714
SoundRight,72.05058724046567,1501053595391
Seat1B,false,1501053600634
TotalSeatCount,6,1501053600654
SoundRight,72.48770554334241,1501053605391
Seat1B,true,1501053605797
TotalSeatCount,7,1501053605797
SoundRight,73.18056610972583,1501053615391
SoundRight,73.53931041035851,1501053625391
MoveFocus,GoTour,1501053634576
SoundRight,74.14683154533957,1501053635391
Seat3A,false,1501053638103
TotalSeatCount,6,1501053638128
SoundRight,73.52903917348473,1501053645391
SoundRight,73.79715947676053,1501053655391
SoundRight,73.56480394907102,1501053665391
SoundRight,73.08442441030475,1501053675391
Seat4A,false,1501053679620
TotalSeatCount,5,1501053679620
SoundRight,73.01176538669843,1501053685391
MoveFocus,GoTour,1501053694778
SoundRight,72.71863206640796,1501053695391
SoundRight,74.60831054932257,1501053705391
SoundRight,74.71933497706269,1501053715391
SoundRight,75.33477743412885,1501053725391
SoundRight,75.70133123543407,1501053735391
Seat1B,false,1501053740688
TotalSeatCount,4,1501053740723
SoundRight,75.48038374834864,1501053745391
Seat1B,true,1501053745726
TotalSeatCount,5,1501053745746
MoveFocus,GoTour,1501053754875
SoundRight,76.39392288213634,1501053755391
SoundRight,77.09862153773749,1501053765392
SoundRight,78.18096505278822,1501053775392
SoundRight,79.18701135606354,1501053785391
SoundRight,79.98208324064858,1501053795391
SoundRight,81.93123692631887,1501053805391
Seat3A,true,1501053809575
TotalSeatCount,6,1501053809575
MoveFocus,GoTour,1501053815003
SoundRight,82.35081081047369,1501053815391
SoundRight,80.67264743747933,1501053825391
SoundRight,79.41921041046976,1501053835391
SoundRight,78.43640020088128,1501053845391
Seat3A,false,1501053849661
TotalSeatCount,5,1501053849686
Seat1B,false,1501053850677
TotalSeatCount,4,1501053850677
SoundRight,78.04967739096897,1501053855391
Seat1B,true,1501053860842
TotalSeatCount,5,1501053860847
SoundRight,76.75373019806017,1501053865392
MoveFocus,GoTour,1501053875110
SoundRight,75.34762037011296,1501053875390
SoundRight,74.81384063543639,1501053885391
SoundRight,75.21193781319018,1501053895390
SoundRight,75.07010351916003,1501053905392
Seat5B,true,1501053909818
TotalSeatCount,5,1501053909823
SoundRight,74.81120251436923,1501053915392
SoundRight,74.23227869069385,1501053925390
MoveFocus,GoTour,1501053935222
SoundRight,74.4709130850999,1501053935390
SoundRight,74.89771821404005,1501053945390
Seat1B,false,1501053945737
TotalSeatCount,4,1501053945737
Seat1B,true,1501053950815
TotalSeatCount,5,1501053950860
SoundRight,74.42084825602979,1501053955391
SoundRight,74.15589539321893,1501053965391
Seat1B,false,1501053965873
TotalSeatCount,4,1501053965873
Seat1B,true,1501053970986
TotalSeatCount,5,1501053971001
SoundRight,74.98696656259139,1501053975391
Seat1B,false,1501053976128
TotalSeatCount,4,1501053976133
SoundRight,75.72662267830074,1501053985391
Seat6B,false,1501053994948
TotalSeatCount,3,1501053994973
MoveFocus,GoTour,1501053995329
SoundRight,76.20111379535068,1501053995390
Seat6B,true,1501054000076
TotalSeatCount,4,1501054000101
Seat6B,false,1501054005119
TotalSeatCount,3,1501054005154
SoundRight,76.65385162766641,1501054005391
SoundRight,76.7521438471048,1501054015391
SoundRight,76.72568023115024,1501054025391
Seat1B,true,1501054026120
TotalSeatCount,4,1501054026130
SoundRight,75.94761022483223,1501054035391
Seat3A,true,1501054039622
Seat6B,true,1501054039642
TotalSeatCount,6,1501054039642
Seat3A,false,1501054044665
TotalSeatCount,5,1501054044685
SoundRight,74.87103969617694,1501054045391
Seat6B,false,1501054055231
TotalSeatCount,4,1501054055266
SoundRight,74.11898460862093,1501054055392
MoveFocus,GoTour,1501054055396
SoundRight,72.7990569663037,1501054065391
Seat1B,false,1501054066151
TotalSeatCount,3,1501054066176
SoundRight,72.36067765548806,1501054075391
SoundRight,72.35453994081745,1501054085391
SoundRight,72.15505014211962,1501054095391
Seat1B,true,1501054101180
TotalSeatCount,4,1501054101205
SoundRight,72.86062315160513,1501054105393
Seat6B,true,1501054110285
TotalSeatCount,5,1501054110290
Seat6B,false,1501054115328
TotalSeatCount,4,1501054115353
SoundRight,73.83733931944408,1501054115391
MoveFocus,GoTour,1501054115518
Seat1B,false,1501054121261
TotalSeatCount,3,1501054121261
SoundRight,74.69645603555257,1501054125391
Seat6B,true,1501054130426
Seat1B,true,1501054130486
TotalSeatCount,5,1501054130486
SoundRight,75.60336880795498,1501054135390
SoundRight,75.51943540507179,1501054145391
Seat1B,false,1501054146429
TotalSeatCount,4,1501054146464
SoundRight,75.64698513063179,1501054155390
SoundRight,75.02726547820757,1501054165391
SoundRight,73.7844464825192,1501054175390
MoveFocus,GoTour,1501054175630
SoundRight,73.04861094478578,1501054185391
SoundRight,72.0792332008482,1501054195392
Seat1B,true,1501054201429
TotalSeatCount,5,1501054201454
SoundRight,71.98286079225359,1501054205390
Seat1B,false,1501054206591
TotalSeatCount,4,1501054206596
SoundRight,71.92899530896328,1501054215390
SoundRight,72.62540319691432,1501054225390
SoundRight,72.99851542190453,1501054235390
MoveFocus,GoTour,1501054235742
SoundRight,72.55433784421184,1501054245390
Seat3A,true,1501054254377
TotalSeatCount,5,1501054254377
SoundRight,73.07643287630466,1501054255390
Seat3A,false,1501054259449
TotalSeatCount,4,1501054259479
SoundRight,73.30840773539337,1501054265390
SoundRight,73.28643577613076,1501054275390
SoundRight,72.2367325293003,1501054285390
Seat1B,true,1501054286529
TotalSeatCount,5,1501054286549
SoundRight,72.03444104614596,1501054295390
MoveFocus,GoTour,1501054295874
SoundRight,72.24322520909602,1501054305390
SoundRight,71.65435721716868,1501054315390
Seat1B,false,1501054321603
TotalSeatCount,4,1501054321613
SoundRight,71.29972661220958,1501054325390
Seat1B,true,1501054326655
TotalSeatCount,5,1501054326675
SoundRight,72.30810457816611,1501054335390
SoundRight,73.11996827842937,1501054345390
Seat6B,false,1501054355110
TotalSeatCount,4,1501054355110
SoundRight,74.34379205486434,1501054355390
MoveFocus,GoTour,1501054356011
Seat6B,true,1501054360213
TotalSeatCount,5,1501054360223
SoundRight,76.35362512588674,1501054365394
Seat6B,false,1501054370284
TotalSeatCount,4,1501054370294
SoundRight,77.31642781906112,1501054375390
SoundRight,77.95176058790818,1501054385390
SoundRight,76.74489339155534,1501054395390
SoundRight,76.95632216922185,1501054405390
SoundRight,76.75695768036448,1501054415390
MoveFocus,GoTour,1501054416133
SoundRight,74.60607316840853,1501054425390
SoundRight,73.15030633199686,1501054435390
SoundRight,72.35381947236259,1501054445390
Seat1B,false,1501054446654
TotalSeatCount,3,1501054446684
SoundRight,72.89767363211263,1501054455390
SoundRight,71.96091018893839,1501054465390
SoundRight,71.25408569287784,1501054475390
MoveFocus,GoTour,1501054476205
SoundRight,71.1597062028001,1501054485390
Seat6B,true,1501054495225
TotalSeatCount,4,1501054495225
SoundRight,72.6011764259563,1501054495390
Seat6B,false,1501054500263
TotalSeatCount,3,1501054500278
SoundRight,73.19953856944174,1501054505390
Seat5B,true,1501054506041
TotalSeatCount,3,1501054506041
SoundRight,72.98379392374751,1501054515390
Seat6B,true,1501054525361
TotalSeatCount,4,1501054525381
SoundRight,73.6168675045407,1501054525390
Seat6B,false,1501054530444
TotalSeatCount,3,1501054530474
SoundRight,73.34819213310276,1501054535391
MoveFocus,GoTour,1501054536332
SoundRight,73.6060958136961,1501054545392
SoundRight,73.8168539124269,1501054555390
Seat1B,true,1501054561475
TotalSeatCount,4,1501054561490
SoundRight,74.2327646401059,1501054565392
SoundRight,73.87130442188051,1501054575390
Seat6B,true,1501054575558
TotalSeatCount,5,1501054575563
Seat6B,false,1501054580591
TotalSeatCount,4,1501054580626
SoundRight,73.6730844577152,1501054585391
SoundRight,74.27640799140754,1501054595392
MoveFocus,GoTour,1501054596439
Seat1B,false,1501054601547
TotalSeatCount,3,1501054601547
SoundRight,74.33838649299473,1501054605391
Seat1B,true,1501054611622
TotalSeatCount,4,1501054611642
SoundRight,73.48340454775857,1501054615392
SoundRight,72.61823463943348,1501054625391
SoundRight,72.53055540321539,1501054635391
SoundRight,72.63517012347,1501054645390
SoundRight,71.74690671378336,1501054655392
MoveFocus,GoTour,1501054656506
SoundRight,71.79838432119206,1501054665392
SoundRight,71.91092246497136,1501054675390
SoundRight,72.0575898345856,1501054685390
SoundRight,72.61299675394937,1501054695392
SoundRight,71.69722801357696,1501054705392
SoundRight,72.43440663685851,1501054715391
MoveFocus,GoTour,1501054716643
SoundRight,71.94998401054961,1501054725391
Seat4A,true,1501054733017
TotalSeatCount,5,1501054733017
SoundRight,71.13861635503349,1501054735391
SoundRight,71.18403446354998,1501054745391
Seat4A,false,1501054748015
TotalSeatCount,4,1501054748015
SoundRight,71.05497530200523,1501054755390
SoundRight,71.56907230650404,1501054765390
Seat6B,true,1501054765429
TotalSeatCount,5,1501054765429
Seat4A,true,1501054768051
TotalSeatCount,6,1501054768051
Seat6B,false,1501054770502
TotalSeatCount,5,1501054770502
Seat4A,false,1501054773158
TotalSeatCount,4,1501054773158
SoundRight,72.61720275866577,1501054775390
MoveFocus,GoTour,1501054776715
SoundRight,73.7984804365728,1501054785390
Seat1B,false,1501054791518
TotalSeatCount,3,1501054791518
SoundRight,75.40601553398028,1501054795391
Seat3A,true,1501054798092
TotalSeatCount,4,1501054798097
Seat1B,true,1501054801528
TotalSeatCount,5,1501054801528
SoundRight,75.3270716443776,1501054805391
Seat2A,true,1501054811184
TotalSeatCount,6,1501054811194
SoundRight,75.4572804332409,1501054815391
SoundRight,76.62168360828558,1501054825391
SoundRight,75.99254271565181,1501054835390
Seat6B,true,1501054835547
TotalSeatCount,7,1501054835587
MoveFocus,GoTour,1501054836857
SoundRight,75.89531185723142,1501054845390
SoundRight,74.57305781316762,1501054855392
Seat1B,false,1501054861600
TotalSeatCount,6,1501054861610
SoundRight,74.26164414989596,1501054865390
Seat1B,true,1501054871681
TotalSeatCount,7,1501054871681
SoundRight,73.7152710854687,1501054875391
Seat6B,false,1501054875543
Seat6A,false,1501054875603
TotalSeatCount,5,1501054875618
Seat6B,true,1501054880676
TotalSeatCount,6,1501054880751
SoundRight,72.11745772487852,1501054885392
SoundRight,71.42289091147877,1501054895391
MoveFocus,GoTour,1501054896979
Seat5B,false,1501054903573
TotalSeatCount,5,1501054903578
SoundRight,70.75585819142267,1501054905391
Seat6B,false,1501054910752
TotalSeatCount,4,1501054910772
SoundRight,71.42535118155591,1501054915392
SoundRight,71.87142809346989,1501054925391
Seat1B,false,1501054926720
TotalSeatCount,3,1501054926720
SoundRight,71.57083720503306,1501054935392
SoundRight,71.51800102696957,1501054945392
SoundRight,71.20069797779622,1501054955390
MoveFocus,GoTour,1501054957096
SoundRight,70.36094065802824,1501054965390
Seat6B,true,1501054965706
TotalSeatCount,4,1501054965706
Seat6A,true,1501054970859
TotalSeatCount,5,1501054970884
SoundRight,69.0302267968088,1501054975390
SoundRight,67.95031020901003,1501054985392
SoundRight,67.50335417329063,1501054995390
SoundRight,67.44788055255121,1501055005390
SoundRight,67.49826815441853,1501055015390
Seat1B,true,1501055016658
TotalSeatCount,6,1501055016688
MoveFocus,GoTour,1501055017198
SoundRight,67.67090078665791,1501055025390
SoundRight,68.3561534446639,1501055035390
Seat1A,false,1501055039890
TotalSeatCount,6,1501055039890
SoundRight,68.67763415726736,1501055045390
SoundRight,68.5554135315584,1501055055390
SoundRight,68.53238882776259,1501055065392
SoundRight,68.53285822844596,1501055075390
MoveFocus,GoTour,1501055077305
SoundRight,68.78283589007445,1501055085391
SoundRight,68.72748401618158,1501055095391
SoundRight,69.06946424742826,1501055105393
Seat4B,false,1501055106516
TotalSeatCount,5,1501055106531
SoundRight,69.41689911663276,1501055115391
Seat3A,false,1501055117542
TotalSeatCount,4,1501055117557
SoundRight,70.0855872280344,1501055125390
SoundRight,70.61012044065637,1501055135391
MoveFocus,GoTour,1501055137387
SoundRight,70.86781118300966,1501055145390
Seat4B,true,1501055146537
Seat5B,true,1501055146542
TotalSeatCount,6,1501055146542
SoundRight,71.68298299199517,1501055155391
SoundRight,71.9447718128392,1501055165390
SoundRight,72.27565996165315,1501055175390
SoundRight,71.94085450557323,1501055185390
Seat5B,false,1501055194798
TotalSeatCount,5,1501055194798
SoundRight,71.83671699841226,1501055195390
Seat5B,true,1501055195909
TotalSeatCount,6,1501055195909
MoveFocus,GoTour,1501055197519
SoundRight,71.21830600719471,1501055205392
SoundRight,70.95610653259544,1501055215390
SoundRight,71.14245761406434,1501055225392
SoundRight,71.19851923653536,1501055235390
Seat5B,false,1501055238811
TotalSeatCount,5,1501055238811
Seat5B,true,1501055239837
TotalSeatCount,6,1501055239837
SoundRight,71.82124959738651,1501055245392
SoundRight,71.94626019561143,1501055255390
MoveFocus,GoTour,1501055257607
SoundRight,72.25958673089546,1501055265392
SoundRight,71.99550786757557,1501055275390
SoundRight,71.65106707644976,1501055285390
SoundRight,71.77287790370005,1501055295391
SoundRight,71.38520551151679,1501055305390
SoundRight,71.43293754320554,1501055315391
MoveFocus,GoTour,1501055317729
SoundRight,71.97281869296991,1501055325391
SoundRight,71.88408546990584,1501055335391
SoundRight,71.51329067818155,1501055345392
SoundRight,71.07576007352696,1501055355391
SoundRight,71.47142182556429,1501055365392
SoundRight,71.3285533755908,1501055375392
MoveFocus,GoTour,1501055377806
SoundRight,71.43415033787946,1501055385390
SoundRight,72.51937679415632,1501055395391
SoundRight,74.07496721257692,1501055405391
SoundRight,74.88773320419368,1501055415392
SoundRight,74.45860728842193,1501055425390
SoundRight,74.26166486540471,1501055435392
MoveFocus,GoTour,1501055437913
SoundRight,74.1612367970111,1501055445392
SoundRight,72.92237628194644,1501055455390
SoundRight,71.61551237883837,1501055465392
SoundRight,71.1660959368316,1501055475391
SoundRight,71.6205271870409,1501055485391
SoundRight,71.6034087111574,1501055495391
MoveFocus,GoTour,1501055498010
SoundRight,71.22968847984286,1501055505391
SoundRight,71.6339920887587,1501055515390
SoundRight,72.02152047678054,1501055525391
SoundRight,71.77892415417459,1501055535391
SoundRight,70.69102841752516,1501055545391
SoundRight,70.32677835599837,1501055555391
MoveFocus,GoTour,1501055558122
SoundRight,70.20076336482877,1501055565391
SoundRight,70.1461556721058,1501055575391
SoundRight,70.28521662657299,1501055585392
SoundRight,70.5731224232194,1501055595391
SoundRight,71.3602711898404,1501055605390
SoundRight,71.77556207759515,1501055615390
MoveFocus,GoTour,1501055618214
SoundRight,71.98495928693815,1501055625392
SoundRight,72.23765977166529,1501055635392
Seat2B,false,1501055643707
TotalSeatCount,6,1501055643752
SoundRight,71.58613343992172,1501055645392
SoundRight,71.34234052519578,1501055655391
SoundRight,71.05094861799626,1501055665392
SoundRight,70.41667662781988,1501055675390
MoveFocus,GoTour,1501055678316
SoundRight,70.41321347040758,1501055685390
SoundRight,70.19927762553623,1501055695390
SoundRight,71.06026447525485,1501055705390
Seat4B,false,1501055711148
TotalSeatCount,5,1501055711158
SoundRight,71.37900112751683,1501055715390
SoundRight,71.85943132535627,1501055725390
SoundRight,72.54443187603982,1501055735390
MoveFocus,GoTour,1501055738403
SoundRight,72.3709089308599,1501055745390
SoundRight,72.33661022640253,1501055755390
Seat4B,true,1501055761160
TotalSeatCount,6,1501055761160
SoundRight,71.77130318781502,1501055765394
Seat4B,false,1501055771265
TotalSeatCount,5,1501055771270
SoundRight,71.80125452024005,1501055775394
SoundRight,71.35129179258503,1501055785390
Seat4B,true,1501055791376
TotalSeatCount,6,1501055791376
SoundRight,71.68334869887627,1501055795390
MoveFocus,GoTour,1501055798505
SoundRight,71.90115583480433,1501055805390
SoundRight,71.45863369874526,1501055815394
SoundRight,71.12939389255722,1501055825391
Seat5B,true,1501055834794
TotalSeatCount,6,1501055834804
SoundRight,70.56743924185004,1501055835390
SoundRight,70.59871974550121,1501055845392
SoundRight,69.89031693385525,1501055855390
MoveFocus,GoTour,1501055858597
SoundRight,69.67315813723886,1501055865390
SoundRight,70.343197442596,1501055875391
SoundRight,70.68666639934612,1501055885391
SoundRight,70.81182242780088,1501055895390
SoundRight,70.29747433810273,1501055905390
SoundRight,70.84829964834981,1501055915391
MoveFocus,GoTour,1501055918679
SoundRight,70.90303101379644,1501055925391
SoundRight,70.60856472533915,1501055935390
SoundRight,70.65076951899051,1501055945390
SoundRight,70.63943798181141,1501055955390
SoundRight,71.0990071075581,1501055965390
SoundRight,71.25963349424799,1501055975390
MoveFocus,GoTour,1501055978776
SoundRight,71.08053438498398,1501055985390
SoundRight,70.6515842462846,1501055995390
SoundRight,70.4543925497383,1501056005392
SoundRight,70.35206931523557,1501056015392
SoundRight,70.0244617327973,1501056025390
Seat1B,false,1501056025461
TotalSeatCount,5,1501056025466
Seat1B,true,1501056030524
TotalSeatCount,6,1501056030524
SoundRight,69.56473258781106,1501056035390
MoveFocus,GoTour,1501056038868
SoundRight,70.14338879168284,1501056045392
Seat1B,false,1501056050594
TotalSeatCount,5,1501056050634
SoundRight,71.36837716183057,1501056055391
Seat1B,true,1501056060705
TotalSeatCount,6,1501056060705
SoundRight,71.69398122463393,1501056065391
SoundRight,72.14216490168668,1501056075391
SoundRight,72.45567812507764,1501056085392
SoundRight,72.84334737839465,1501056095392
MoveFocus,GoTour,1501056098930
SoundRight,72.42485633540697,1501056105392
SoundRight,71.47047434495349,1501056115392
SoundRight,70.91695871691758,1501056125392
SoundRight,70.95420508177003,1501056135392
SoundRight,70.90382141126369,1501056145392
SoundRight,70.73365771918525,1501056155391
MoveFocus,GoTour,1501056159027
SoundRight,70.76222208581835,1501056165391
SoundRight,71.21860620924635,1501056175391
SoundRight,71.3990951271728,1501056185391
SoundRight,71.16916542256565,1501056195390
SoundRight,70.866294904327,1501056205390
SoundRight,71.04949430626101,1501056215391
MoveFocus,GoTour,1501056219124
SoundRight,70.60331840780863,1501056225390
SoundRight,70.6979439316547,1501056235390
SoundRight,71.33060163967987,1501056245392
SoundRight,70.87478427886137,1501056255391
SoundRight,71.17152204756793,1501056265392
SoundRight,71.30028733833069,1501056275391
MoveFocus,GoTour,1501056279236
SoundRight,71.78675813562579,1501056285391
SoundRight,71.63820021878743,1501056295391
SoundRight,71.49827640490611,1501056305390
SoundRight,72.0223293454977,1501056315390
SoundRight,72.28371156713267,1501056325392
SoundRight,71.91047203843435,1501056335390
MoveFocus,GoTour,1501056339363
SoundRight,71.71974709364305,1501056345390
SoundRight,71.12491676089549,1501056355392
SoundRight,70.68340388367602,1501056365391
SoundRight,70.47707478149671,1501056375391
SoundRight,70.20883410290081,1501056385390
SoundRight,70.1055459753734,1501056395390
MoveFocus,GoTour,1501056399485
SoundRight,70.72699350626664,1501056405390
SoundRight,71.79999085393864,1501056415391
SoundRight,72.0464058267455,1501056425392
Seat5B,true,1501056432273
TotalSeatCount,6,1501056432288
SoundRight,72.32949038111958,1501056435390
SoundRight,72.50902689661285,1501056445392
SoundRight,73.00915318615606,1501056455391
MoveFocus,GoTour,1501056459582
Seat6B,false,1501056463844
TotalSeatCount,5,1501056463875
SoundRight,72.70809166979032,1501056465391
SoundRight,71.86525182257684,1501056475390
SoundRight,71.60101377903264,1501056485391
SoundRight,71.55292622368793,1501056495390
SoundRight,71.77461872856307,1501056505390
SoundRight,71.98633021211735,1501056515391
MoveFocus,GoTour,1501056519759
Seat6B,true,1501056523887
TotalSeatCount,6,1501056523912
SoundRight,71.81518667770959,1501056525392
SoundRight,72.3261042502373,1501056535391
SoundRight,72.22490036911005,1501056545392
SoundRight,71.59608116721242,1501056555390
SoundRight,71.18673831720197,1501056565390
Seat6B,false,1501056573893
TotalSeatCount,5,1501056573898
SoundRight,70.47304952486105,1501056575392
MoveFocus,GoTour,1501056579861
SoundRight,70.53620245548169,1501056585390
SoundRight,70.34470188859999,1501056595392
SoundRight,70.31375856181393,1501056605390
SoundRight,70.7818812134068,1501056615390
SoundRight,70.53857701644803,1501056625392
SoundRight,70.47253848198913,1501056635392
MoveFocus,GoTour,1501056639933
SoundRight,70.1455812492595,1501056645390
SoundRight,70.03424705560461,1501056655392
SoundRight,69.97286218489734,1501056665392
SoundRight,69.99425558821932,1501056675392
SoundRight,70.54836875359261,1501056685390
SoundRight,70.67299257592929,1501056695391
MoveFocus,GoTour,1501056700040
SoundRight,70.31296910657395,1501056705390
SoundRight,70.17084198073707,1501056715391
SoundRight,70.83475034847338,1501056725391
SoundRight,71.05562639850217,1501056735391
SoundRight,70.97465870046743,1501056745392
SoundRight,70.79935579595023,1501056755390
MoveFocus,GoTour,1501056760122
SoundRight,71.3584812455244,1501056765390
SoundRight,71.92054388836242,1501056775392
SoundRight,71.62123563999421,1501056785390
SoundRight,71.1058415344957,1501056795390
SoundRight,70.11842314327107,1501056805390
SoundRight,69.46840388084382,1501056815392
MoveFocus,GoTour,1501056820214
SoundRight,69.1421089996391,1501056825392
SoundRight,69.16260722502814,1501056835390
Seat6B,true,1501056838779
TotalSeatCount,6,1501056838804
SoundRight,68.81909823330234,1501056845390
SoundRight,68.17965596493903,1501056855391
Seat4B,false,1501056859435
TotalSeatCount,5,1501056859435
SoundRight,69.44329946274686,1501056865391
Seat4B,true,1501056874478
TotalSeatCount,6,1501056874498
SoundRight,70.19396390093837,1501056875391
MoveFocus,GoTour,1501056880362
SoundRight,70.70981624218238,1501056885392
Seat5B,false,1501056892288
TotalSeatCount,5,1501056892338
Seat5B,true,1501056893323
TotalSeatCount,6,1501056893323
SoundRight,70.25951112909976,1501056895392
SoundRight,70.2514697086984,1501056905390
SoundRight,71.86889623910174,1501056915391
SoundRight,71.63543403075457,1501056925391
SoundRight,71.6254548136599,1501056935391
MoveFocus,GoTour,1501056940444
SoundRight,71.22233761852094,1501056945391
SoundRight,71.2765486298984,1501056955391
SoundRight,71.8541922035272,1501056965391
SoundRight,71.41619797762705,1501056975390
SoundRight,71.5268817297098,1501056985390
SoundRight,71.95678736710718,1501056995390
MoveFocus,GoTour,1501057000556
SoundRight,71.24313060009739,1501057005390
SoundRight,71.36909067708643,1501057015390
SoundRight,70.60791669961168,1501057025390
SoundRight,70.79622999072656,1501057035391
SoundRight,70.38506305295446,1501057045391
SoundRight,70.21580717676714,1501057055390
MoveFocus,GoTour,1501057060683
SoundRight,70.92209210595617,1501057065390
SoundRight,70.72448832931019,1501057075390
SoundRight,71.52984534555205,1501057085392
SoundRight,70.8893329374172,1501057095393
SoundRight,70.4971157592476,1501057105390
SoundRight,70.14295324619192,1501057115391
MoveFocus,GoTour,1501057120780
SoundRight,70.64198693038207,1501057125390
Seat6B,false,1501057133351
TotalSeatCount,5,1501057133376
SoundRight,70.94185857082925,1501057135391
SoundRight,71.65619829197793,1501057145392
SoundRight,72.49144078017866,1501057155391
SoundRight,72.85556556293692,1501057165392
Seat6B,true,1501057173383
TotalSeatCount,6,1501057173408
SoundRight,74.06591760305105,1501057175390
Seat6B,false,1501057178530
TotalSeatCount,5,1501057178535
MoveFocus,GoTour,1501057180877
SoundRight,74.29145822260053,1501057185390
SoundRight,75.2691678142906,1501057195391
SoundRight,74.8716524766181,1501057205391
SoundRight,74.68588322116388,1501057215391
SoundRight,74.84349201423338,1501057225392
Seat6B,true,1501057233457
TotalSeatCount,6,1501057233487
SoundRight,74.2283877536668,1501057235390
Seat6B,false,1501057238625
TotalSeatCount,5,1501057238630
MoveFocus,GoTour,1501057240966
SoundRight,73.60924821096326,1501057245390
Seat6B,true,1501057253658
TotalSeatCount,6,1501057253678
SoundRight,72.13129653684511,1501057255391
Seat6B,false,1501057263753
TotalSeatCount,5,1501057263763
SoundRight,70.99013517497409,1501057265392
SoundRight,70.50670484015104,1501057275391
Seat2A,false,1501057278131
TotalSeatCount,4,1501057278131
Seat2A,true,1501057283199
TotalSeatCount,5,1501057283199
SoundRight,70.58233187993605,1501057285391
SoundRight,70.26141015576687,1501057295391
MoveFocus,GoTour,1501057301058
SoundRight,69.9966691244622,1501057305391
SoundRight,70.2070913093743,1501057315391
SoundRight,70.44005605738423,1501057325390
SoundRight,70.4969114624518,1501057335390
SoundRight,70.26112739328356,1501057345390
Seat5B,false,1501057347213
TotalSeatCount,4,1501057347213
SoundRight,71.21025708764724,1501057355390
MoveFocus,GoTour,1501057361135
Seat5B,true,1501057362181
TotalSeatCount,5,1501057362211
SoundRight,71.66946144989137,1501057365391
Seat5B,false,1501057374202
TotalSeatCount,4,1501057374212
SoundRight,72.20481393594693,1501057375392
SoundRight,72.36302559221947,1501057385391
SoundRight,72.46503434432042,1501057395392
SoundRight,72.50527610281567,1501057405392
SoundRight,71.24380951381663,1501057415390
Seat2A,false,1501057417966
TotalSeatCount,3,1501057417981
MoveFocus,GoTour,1501057421237
SoundRight,70.7255409982884,1501057425390
SoundRight,69.961933343073,1501057435390
Seat2A,true,1501057437971
TotalSeatCount,4,1501057438001
SoundRight,69.97802662930916,1501057445392
SoundRight,70.07873792162232,1501057455391
Seat5B,true,1501057456836
TotalSeatCount,5,1501057456846
Seat6B,true,1501057458537
TotalSeatCount,6,1501057458557
Seat5B,false,1501057462880
Seat6B,false,1501057462885
TotalSeatCount,4,1501057462885
SoundRight,70.1673084659489,1501057465391
Seat5B,true,1501057469933
TotalSeatCount,5,1501057469943
Seat2A,false,1501057473010
Seat5B,false,1501057473010
TotalSeatCount,3,1501057473010
Seat5B,true,1501057475071
TotalSeatCount,4,1501057475071
SoundRight,71.26906604376231,1501057475392
Seat5B,false,1501057476182
TotalSeatCount,3,1501057476192
MoveFocus,GoTour,1501057481359
SoundRight,71.87011935162113,1501057485391
Seat5B,true,1501057486232
TotalSeatCount,4,1501057486272
Seat5B,false,1501057489339
TotalSeatCount,3,1501057489339
SoundRight,72.33728838407214,1501057495392
Seat2A,true,1501057503056
TotalSeatCount,4,1501057503061
SoundRight,72.24599839547854,1501057505390
Seat5B,true,1501057511310
TotalSeatCount,5,1501057511310
Seat5B,false,1501057512366
TotalSeatCount,4,1501057512366
Seat5B,true,1501057514432
TotalSeatCount,5,1501057514437
SoundRight,72.21411316168336,1501057515392
Seat5B,false,1501057516578
TotalSeatCount,4,1501057516578
Seat5B,true,1501057520635
TotalSeatCount,5,1501057520655
SoundRight,71.89081287919137,1501057525391
SoundRight,70.94225328447718,1501057535391
MoveFocus,GoTour,1501057541441
SoundRight,70.78314200370231,1501057545390
Seat2A,false,1501057548050
TotalSeatCount,4,1501057548050
Seat2A,true,1501057553098
TotalSeatCount,5,1501057553098
SoundRight,70.44185893270598,1501057555391
SoundRight,70.10498050729595,1501057565391
Seat2A,false,1501057573218
TotalSeatCount,4,1501057573223
SoundRight,70.28041754800292,1501057575391
Seat2A,true,1501057583254
TotalSeatCount,5,1501057583304
SoundRight,71.05411234317373,1501057585390
SoundRight,71.37864074791744,1501057595390
MoveFocus,GoTour,1501057601543
SoundRight,71.26748698489386,1501057605391
SoundRight,71.91161927526086,1501057615391
SoundRight,72.77097708562056,1501057625391
SoundRight,72.35547199640033,1501057635391
SoundRight,71.68917917852804,1501057645391
Seat5B,false,1501057647113
TotalSeatCount,4,1501057647118
SoundRight,71.88610671637251,1501057655391
MoveFocus,GoTour,1501057661625
SoundRight,71.40703002299446,1501057665391
SoundRight,70.74563548404326,1501057675391
SoundRight,69.89118715030996,1501057685391
SoundRight,69.79525195775823,1501057695391
Seat5B,true,1501057698895
TotalSeatCount,5,1501057698910
SoundRight,70.05644874410036,1501057705390
SoundRight,69.65762101798353,1501057715392
Seat5B,false,1501057718896
TotalSeatCount,4,1501057718901
MoveFocus,GoTour,1501057721728
Seat5B,true,1501057723929
TotalSeatCount,5,1501057723964
SoundRight,69.85234003899679,1501057725392
Seat2A,false,1501057728066
TotalSeatCount,4,1501057728076
Seat2A,true,1501057733114
TotalSeatCount,5,1501057733129
SoundRight,70.21282938723382,1501057735390
SoundRight,70.22799788764506,1501057745390
SoundRight,70.69296509121331,1501057755390
SoundRight,70.65174529602079,1501057765390
SoundRight,71.20382738072847,1501057775391
MoveFocus,GoTour,1501057781810
SoundRight,71.57350129417931,1501057785391
SoundRight,71.7611792218747,1501057795392
SoundRight,72.09294941954415,1501057805390
SoundRight,71.61383976688691,1501057815390
SoundRight,71.55660254462329,1501057825390
SoundRight,71.24189617243913,1501057835390
MoveFocus,GoTour,1501057841877
SoundRight,71.0767198269825,1501057845390
SoundRight,70.06703223834144,1501057855390
SoundRight,70.17874886905409,1501057865390
Seat5B,false,1501057867160
TotalSeatCount,4,1501057867160
SoundRight,70.86964259873731,1501057875390
SoundRight,71.0291459397184,1501057885390
Seat6B,true,1501057892974
TotalSeatCount,5,1501057892994
SoundRight,71.79334600202472,1501057895390
MoveFocus,GoTour,1501057901964
SoundRight,72.04641236797241,1501057905390
SoundRight,72.88553023136524,1501057915392
Seat5B,true,1501057922930
TotalSeatCount,6,1501057922935
SoundRight,72.97662823075567,1501057925391
SoundRight,73.70646353926783,1501057935392
SoundRight,73.22545898188906,1501057945392
Seat5B,false,1501057947848
TotalSeatCount,5,1501057947858
Seat5B,true,1501057948939
TotalSeatCount,6,1501057948939
Seat5B,false,1501057950004
TotalSeatCount,5,1501057950004
Seat5B,true,1501057951095
TotalSeatCount,6,1501057951095
SoundRight,73.5470661642864,1501057955391
MoveFocus,GoTour,1501057962031
SoundRight,73.79677473359834,1501057965392
SoundRight,74.81615666218073,1501057975392
SoundRight,75.01114115996262,1501057985392
Seat5B,false,1501057992037
TotalSeatCount,5,1501057992037
SoundRight,74.36216394154853,1501057995391
Seat5B,true,1501057996149
TotalSeatCount,6,1501057996154
Seat5B,false,1501057997164
TotalSeatCount,5,1501057997164
SoundRight,74.73832166346331,1501058005392
Seat6B,false,1501058007875
Seat5B,true,1501058007880
TotalSeatCount,5,1501058007880
Seat5B,false,1501058011252
TotalSeatCount,4,1501058011252
SoundRight,73.43589662549465,1501058015393
MoveFocus,GoTour,1501058022173
SoundRight,72.89230656264733,1501058025391
SoundRight,72.81220048915299,1501058035390
SoundRight,73.33906612113292,1501058045392
SoundRight,74.37559603144457,1501058055391
SoundRight,75.50390963870147,1501058065391
SoundRight,76.97434070789465,1501058075392
MoveFocus,GoTour,1501058082280
SoundRight,77.62594664416889,1501058085392
SoundRight,77.24385465916338,1501058095392
SoundRight,76.76637749614815,1501058105391
SoundRight,75.87179253789552,1501058115391
SoundRight,74.96057173258986,1501058125392
SoundRight,74.1757091389422,1501058135392
MoveFocus,GoTour,1501058142387
SoundRight,73.7251923510508,1501058145392
SoundRight,73.88576933411856,1501058155390
SoundRight,73.9690289231133,1501058165390
SoundRight,74.66414593155741,1501058175391
SoundRight,74.28370490022961,1501058185391
SoundRight,74.59440271585164,1501058195391
Seat5B,true,1501058197476
TotalSeatCount,5,1501058197491
Seat6A,false,1501058198977
TotalSeatCount,4,1501058198987
Seat2A,false,1501058202359
TotalSeatCount,3,1501058202359
MoveFocus,GoTour,1501058202499
Seat5B,false,1501058203514
Seat1B,false,1501058203529
TotalSeatCount,1,1501058203529
SoundRight,74.82318546483002,1501058205391
SoundRight,73.3320111383435,1501058215390
Aircon0Power,Off,1501058222582
TurnOffAirCon0,null,1501058222585
TurnOffLightGroup2,null,1501058224114
LightGroup2,Off,1501058224135
SoundRight,72.9254903706701,1501058225390
Seat4B,false,1501058227057
TotalSeatCount,0,1501058227072
InferredUserPresence,empty,1501058227087
SoundRight,72.7646132838926,1501058235390
SoundRight,72.30208488032464,1501058245390
SoundRight,71.08267973465081,1501058255391
MoveFocus,GoTour,1501058262581
SoundRight,69.8886569304163,1501058265390
SoundRight,69.22335369689362,1501058275390
SoundRight,67.61633804159092,1501058285390
SoundRight,64.58678833772034,1501058295393
