sensor0_Temperature,27.07,1522647489369
sensor0_Humidity,36.22344832931194,1522647489371
sensor0_Brightness,286.0,1522647489373
sensor1_Temperature,24.72,1522647489375
sensor1_Humidity,35.85348868750947,1522647489377
sensor1_Brightness,328.0,1522647489378
SoundCenter0,64.95643427794494,1522647491118
SoundCenter1,61.548218096840166,1522647491120
SoundCenter2,61.753646494800044,1522647491121
sensor0_Temperature,27.07,1522647495659
sensor0_Humidity,36.22344832931194,1522647495661
sensor0_Brightness,286.0,1522647495664
sensor1_Temperature,24.72,1522647495666
sensor1_Humidity,35.85348868750947,1522647495667
sensor1_Brightness,328.0,1522647495669
SoundWall0,65.03021404957283,1522647495890
SoundWall1,69.17331507791067,1522647495899
SoundWall2,67.8759528062084,1522647495912
SoundWindow0,69.95944289831066,1522647498163
SoundWindow1,59.49329280793143,1522647498164
SoundCenter0,64.74676035279215,1522647501118
SoundCenter1,61.314180143668615,1522647501120
SoundCenter2,61.62574406016753,1522647501121
sensor0_Temperature,27.07,1522647501989
sensor0_Humidity,36.22344832931194,1522647501992
sensor0_Brightness,286.0,1522647501994
sensor1_Temperature,24.72,1522647501995
sensor1_Humidity,35.85348868750947,1522647501997
sensor1_Brightness,328.0,1522647501998
SoundWall0,65.62176148147044,1522647505890
SoundWall1,69.8707734947498,1522647505899
SoundWall2,68.31162066196593,1522647505910
SoundWindow0,71.51609758805074,1522647508164
SoundWindow1,60.27734426162649,1522647508165
SoundCenter0,65.21798467691885,1522647511118
SoundCenter1,62.47455192498305,1522647511120
SoundCenter2,62.868416670726035,1522647511121
sensor0_Temperature,27.07,1522647512310
sensor0_Humidity,36.22344832931194,1522647512312
sensor0_Brightness,286.0,1522647512314
sensor1_Temperature,24.72,1522647512316
sensor1_Humidity,35.85348868750947,1522647512317
sensor1_Brightness,328.0,1522647512319
SoundWall0,64.49503456031493,1522647515890
SoundWall1,69.28973014957751,1522647515898
SoundWall2,67.24148119840353,1522647515912
SoundWindow0,71.19239247939662,1522647518164
SoundWindow1,59.563758091902756,1522647518165
sensor0_Temperature,27.07,1522647518611
sensor0_Humidity,36.22344832931194,1522647518613
sensor0_Brightness,286.0,1522647518615
sensor1_Temperature,24.72,1522647518617
sensor1_Humidity,35.85348868750947,1522647518619
sensor1_Brightness,328.0,1522647518621
SoundCenter0,64.71096293037378,1522647521118
SoundCenter1,61.60477157234068,1522647521120
SoundCenter2,61.54208220234172,1522647521121
Mtest2,false,1522647521665
Mtest1,false,1522647522665
sensor0_Temperature,27.07,1522647524920
sensor0_Humidity,36.22344832931194,1522647524922
sensor0_Brightness,291.0,1522647524924
sensor1_Temperature,24.72,1522647524926
sensor1_Humidity,35.85348868750947,1522647524927
sensor1_Brightness,328.0,1522647524929
SoundWall0,64.74668997439589,1522647525890
SoundWall1,68.85418382808592,1522647525899
SoundWall2,66.54097142834887,1522647525910
SoundWindow0,69.63417096505664,1522647528164
SoundWindow1,59.374633240949514,1522647528165
SoundCenter0,65.3510179295055,1522647531118
SoundCenter1,61.78175233874109,1522647531120
SoundCenter2,61.107317396658125,1522647531121
sensor0_Temperature,27.07,1522647535269
sensor0_Humidity,36.22344832931194,1522647535271
sensor0_Brightness,291.0,1522647535273
sensor1_Temperature,24.84,1522647535275
sensor1_Humidity,35.85348868750947,1522647535276
sensor1_Brightness,335.0,1522647535278
SoundWall0,64.29922513633022,1522647535890
SoundWall1,67.78520561051945,1522647535899
SoundWall2,66.24919385903884,1522647535915
SoundWindow0,69.397856140781,1522647538164
SoundWindow1,59.11957893143575,1522647538165
SoundCenter0,65.19853068988627,1522647541118
SoundCenter1,61.7692425592854,1522647541120
SoundCenter2,60.573617485326984,1522647541121
sensor0_Temperature,27.07,1522647541578
sensor0_Humidity,36.22344832931194,1522647541580
sensor0_Brightness,291.0,1522647541583
sensor1_Temperature,24.84,1522647541585
sensor1_Humidity,35.85348868750947,1522647541587
sensor1_Brightness,335.0,1522647541589
Mtest2,true,1522647542665
InferredPresence,false,1522647543682
InferredPresence,true,1522647543685
seat5AOccupied,false,1522647544838
totalSeatCount,1,1522647544838
Mtest3,true,1522647545838
SoundWall0,63.77381388675042,1522647545890
SoundWall1,67.08338877949467,1522647545899
SoundWall2,65.61115941340289,1522647545909
sensor0_Temperature,27.07,1522647547893
sensor0_Humidity,36.22344832931194,1522647547895
sensor0_Brightness,291.0,1522647547898
sensor1_Temperature,24.84,1522647547900
sensor1_Humidity,35.85348868750947,1522647547901
sensor1_Brightness,335.0,1522647547902
SoundWindow0,69.9764981723793,1522647548164
SoundWindow1,59.6826290599456,1522647548172
seat6BOccupied,false,1522647550405
totalSeatCount,0,1522647550405
SoundCenter0,65.94149421970907,1522647551118
SoundCenter1,62.647764325362694,1522647551120
SoundCenter2,61.506558553284066,1522647551121
seat5BOccupied,false,1522647551405
totalSeatCount,0,1522647551405
sensor0_Temperature,27.07,1522647554188
sensor0_Humidity,36.22344832931194,1522647554190
sensor0_Brightness,291.0,1522647554192
sensor1_Temperature,24.84,1522647554194
sensor1_Humidity,35.85348868750947,1522647554196
sensor1_Brightness,335.0,1522647554198
seat6BOccupied,true,1522647555405
totalSeatCount,1,1522647555405
SoundWall0,63.88768446877545,1522647555890
SoundWall1,67.36739485824644,1522647555898
SoundWall2,65.2512775956154,1522647555904
SoundWindow0,69.58102761209629,1522647558163
SoundWindow1,59.491865476799326,1522647558173
seat6AOccupied,true,1522647558943
totalSeatCount,2,1522647558943
SoundCenter0,66.45961138444241,1522647561118
SoundCenter1,63.4009577759963,1522647561120
SoundCenter2,61.598570657687404,1522647561121
sensor0_Temperature,27.07,1522647564545
sensor0_Humidity,36.22344832931194,1522647564547
sensor0_Brightness,291.0,1522647564549
sensor1_Temperature,24.84,1522647564550
sensor1_Humidity,35.85348868750947,1522647564552
sensor1_Brightness,335.0,1522647564553
SoundWall0,63.94285029897299,1522647565890
SoundWall1,67.2211324977537,1522647565899
SoundWall2,65.14016971866725,1522647565913
SoundWindow0,69.64232909643837,1522647568163
SoundWindow1,59.416655285272626,1522647568165
sensor0_Temperature,27.07,1522647570856
sensor0_Humidity,36.22344832931194,1522647570858
sensor0_Brightness,291.0,1522647570860
sensor1_Temperature,24.84,1522647570862
sensor1_Humidity,35.85348868750947,1522647570863
sensor1_Brightness,335.0,1522647570865
SoundCenter0,66.98424039906492,1522647571118
SoundCenter1,63.285377006774944,1522647571120
SoundCenter2,61.32876772009032,1522647571121
Mtest2,true,1522647572927
seat6BOccupied,false,1522647575100
totalSeatCount,1,1522647575100
SoundWall0,63.27916203361671,1522647575890
SoundWall1,66.29644185460644,1522647575900
SoundWall2,65.68809651131421,1522647575911
Mtest3,true,1522647576100
SoundWindow0,68.40068724292419,1522647578163
SoundWindow1,59.17293999388868,1522647578164
SoundCenter0,66.8585837239747,1522647581118
SoundCenter1,62.63601548953812,1522647581121
SoundCenter2,60.84629634062976,1522647581121
sensor0_Temperature,27.07,1522647581192
sensor0_Humidity,36.22344832931194,1522647581194
sensor0_Brightness,291.0,1522647581196
sensor1_Temperature,24.84,1522647581198
sensor1_Humidity,35.85348868750947,1522647581202
sensor1_Brightness,335.0,1522647581205
SoundWall0,63.05924236924883,1522647585890
SoundWall1,65.91803917688375,1522647585899
SoundWall2,65.62730002093564,1522647585910
sensor0_Temperature,27.07,1522647587531
sensor0_Humidity,36.22344832931194,1522647587532
sensor0_Brightness,291.0,1522647587533
sensor1_Temperature,24.84,1522647587535
sensor1_Humidity,35.85348868750947,1522647587535
sensor1_Brightness,335.0,1522647587536
SoundWindow0,68.47417968258411,1522647588163
SoundWindow1,59.23800956232696,1522647588164
SoundCenter0,67.1353321608531,1522647591118
SoundCenter1,62.564362152312675,1522647591120
SoundCenter2,61.319867104987615,1522647591121
sensor0_Temperature,27.07,1522647593829
sensor0_Humidity,36.22344832931194,1522647593831
sensor0_Brightness,290.0,1522647593833
sensor1_Temperature,24.84,1522647593835
sensor1_Humidity,35.85348868750947,1522647593836
sensor1_Brightness,335.0,1522647593838
SoundWall0,64.06526069306295,1522647595890
SoundWall1,67.2596810698907,1522647595900
SoundWall2,66.45265096857939,1522647595910
SoundWindow0,66.79137552002155,1522647598163
SoundWindow1,58.74661432856213,1522647598164
SoundCenter0,67.6089379391211,1522647601118
SoundCenter1,61.682064037765905,1522647601120
SoundCenter2,60.515561464574134,1522647601121
sensor0_Temperature,27.07,1522647604228
sensor0_Humidity,36.22344832931194,1522647604231
sensor0_Brightness,290.0,1522647604232
sensor1_Temperature,24.84,1522647604234
sensor1_Humidity,35.85348868750947,1522647604236
sensor1_Brightness,334.0,1522647604238
SoundWall0,64.0052490741976,1522647605890
SoundWall1,67.0120664348816,1522647605912
SoundWall2,67.04221529109772,1522647605925
SoundWindow0,65.35269039617707,1522647608163
SoundWindow1,57.99691334262759,1522647608164
Mtest2,false,1522647609791
SoundCenter0,67.65160693503742,1522647611118
SoundCenter1,61.43854664933351,1522647611120
SoundCenter2,59.73378287189655,1522647611121
Mtest3,false,1522647612791
sensor0_Temperature,27.07,1522647614541
sensor0_Humidity,36.22344832931194,1522647614543
sensor0_Brightness,290.0,1522647614546
sensor1_Temperature,24.84,1522647614548
sensor1_Humidity,35.85348868750947,1522647614551
sensor1_Brightness,334.0,1522647614552
Mtest3,true,1522647615791
SoundWall0,64.6694418525945,1522647615890
SoundWall1,67.8060600009134,1522647615901
SoundWall2,68.05814379601617,1522647615910
InferredPresence,false,1522647616801
InferredPresence,true,1522647616813
SoundWindow0,65.98200973075839,1522647618163
SoundWindow1,58.67838467043317,1522647618164
sensor0_Temperature,27.07,1522647620851
sensor0_Humidity,36.22344832931194,1522647620853
sensor0_Brightness,290.0,1522647620854
sensor1_Temperature,24.84,1522647620856
sensor1_Humidity,35.85348868750947,1522647620858
sensor1_Brightness,334.0,1522647620859
Mtest2,true,1522647620995
SoundCenter0,68.18723544264934,1522647621118
SoundCenter1,61.720962971264775,1522647621121
SoundCenter2,59.90513617159319,1522647621122
seat6AOccupied,false,1522647623938
totalSeatCount,0,1522647623938
SoundWall0,64.45748547296905,1522647625890
SoundWall1,67.93033242970162,1522647625899
SoundWall2,68.65614337889926,1522647625911
SoundWindow0,64.89220195936295,1522647628163
SoundWindow1,58.4662230905832,1522647628164
seat6AOccupied,true,1522647628938
totalSeatCount,1,1522647628938
SoundCenter0,67.1284494959167,1522647631118
SoundCenter1,60.58406524966071,1522647631121
SoundCenter2,59.180289686144974,1522647631121
sensor0_Temperature,27.07,1522647631208
sensor0_Humidity,36.22344832931194,1522647631210
sensor0_Brightness,290.0,1522647631211
sensor1_Temperature,24.84,1522647631213
sensor1_Humidity,35.85348868750947,1522647631215
sensor1_Brightness,334.0,1522647631216
SoundWall0,64.7600059436654,1522647635890
SoundWall1,68.62531804895984,1522647635899
SoundWall2,68.65224980628724,1522647635911
sensor0_Temperature,27.07,1522647637498
sensor0_Humidity,36.22344832931194,1522647637500
sensor0_Brightness,290.0,1522647637502
sensor1_Temperature,24.84,1522647637504
sensor1_Humidity,35.85348868750947,1522647637506
sensor1_Brightness,334.0,1522647637507
SoundWindow0,65.58509375428311,1522647638163
SoundWindow1,58.798418955863944,1522647638164
SoundCenter0,67.63320960633624,1522647641118
SoundCenter1,61.44344516014498,1522647641121
SoundCenter2,59.924359674279216,1522647641122
sensor0_Temperature,27.07,1522647643801
sensor0_Humidity,36.22344832931194,1522647643803
sensor0_Brightness,290.0,1522647643805
sensor1_Temperature,24.84,1522647643806
sensor1_Humidity,35.85348868750947,1522647643808
sensor1_Brightness,334.0,1522647643810
Mtest3,true,1522647645024
SoundWall0,65.28334187124207,1522647645890
SoundWall1,69.15260628518685,1522647645899
SoundWall2,69.20510599684124,1522647645911
SoundWindow0,66.09889504777803,1522647648163
SoundWindow1,59.57445294296123,1522647648164
SoundCenter0,67.84879362346678,1522647651118
SoundCenter1,61.78062444927126,1522647651120
SoundCenter2,59.65761086407966,1522647651121
Mtest2,true,1522647651232
sensor0_Temperature,27.07,1522647654170
sensor0_Humidity,36.22344832931194,1522647654172
sensor0_Brightness,285.0,1522647654174
sensor1_Temperature,24.84,1522647654176
sensor1_Humidity,35.85348868750947,1522647654178
sensor1_Brightness,334.0,1522647654180
SoundWall0,65.55991987942149,1522647655890
SoundWall1,69.30962439721628,1522647655899
SoundWall2,69.15063996816876,1522647655911
SoundWindow0,66.67403368447454,1522647658163
SoundWindow1,60.434737872880156,1522647658164
sensor0_Temperature,27.07,1522647660565
sensor0_Humidity,36.22344832931194,1522647660567
sensor0_Brightness,285.0,1522647660568
sensor1_Temperature,24.84,1522647660570
sensor1_Humidity,35.85348868750947,1522647660572
sensor1_Brightness,328.0,1522647660573
SoundCenter0,68.21677770204668,1522647661118
SoundCenter1,62.302586175630076,1522647661120
SoundCenter2,60.144541508992944,1522647661121
SoundWall0,66.0556953560807,1522647665890
SoundWall1,69.84175072191417,1522647665912
SoundWall2,68.8815466210542,1522647665935
sensor0_Temperature,27.07,1522647666866
sensor0_Humidity,36.22344832931194,1522647666868
sensor0_Brightness,285.0,1522647666870
sensor1_Temperature,24.84,1522647666872
sensor1_Humidity,35.85348868750947,1522647666874
sensor1_Brightness,328.0,1522647666876
SoundWindow0,66.35878122073719,1522647668163
SoundWindow1,60.615448453504705,1522647668164
SoundCenter0,67.89025047684757,1522647671118
SoundCenter1,61.58202663063347,1522647671120
SoundCenter2,59.16339456361118,1522647671121
sensor0_Temperature,27.07,1522647673180
sensor0_Humidity,36.22344832931194,1522647673183
sensor0_Brightness,285.0,1522647673185
sensor1_Temperature,24.84,1522647673186
sensor1_Humidity,35.85348868750947,1522647673188
sensor1_Brightness,328.0,1522647673189
SoundWall0,64.94910087344424,1522647675890
SoundWall1,68.76652220657621,1522647675898
SoundWall2,67.84282399784124,1522647675915
Mtest3,true,1522647677288
SoundWindow0,64.85507036155688,1522647678163
SoundWindow1,59.65456863643655,1522647678164
SoundCenter0,66.65928213346861,1522647681118
SoundCenter1,60.46017992180624,1522647681120
SoundCenter2,58.56060167309692,1522647681121
sensor0_Temperature,27.07,1522647682597
sensor0_Humidity,36.22344832931194,1522647682599
sensor0_Brightness,285.0,1522647682601
sensor1_Temperature,24.84,1522647682603
sensor1_Humidity,35.85348868750947,1522647682604
sensor1_Brightness,328.0,1522647682605
SoundWall0,64.0307916071965,1522647685890
SoundWall1,67.63418818709293,1522647685898
SoundWall2,67.00213746626326,1522647685904
Mtest2,false,1522647687579
SoundWindow0,64.70669372527924,1522647688163
SoundWindow1,59.41508037650273,1522647688164
SoundCenter0,66.77536269086443,1522647691118
SoundCenter1,60.47945422411854,1522647691121
SoundCenter2,58.05270210514712,1522647691121
SoundWall0,64.79095357017177,1522647695890
SoundWall1,68.07658360483926,1522647695899
SoundWall2,67.67527555799532,1522647695910
SoundWindow0,64.13397756603804,1522647698163
SoundWindow1,59.46976211436796,1522647698164
SoundCenter0,66.5992260287954,1522647701118
SoundCenter1,59.66943782473446,1522647701120
SoundCenter2,56.86885895869529,1522647701121
SoundWall0,63.95640552160579,1522647705890
SoundWall1,67.27461305223294,1522647705899
SoundWall2,67.50844321880196,1522647705909
Mtest3,true,1522647707580
SoundWindow0,63.911415361413184,1522647708163
SoundWindow1,58.64879481926388,1522647708164
SoundCenter0,65.98023241208689,1522647711118
SoundCenter1,59.55709682533661,1522647711120
SoundCenter2,56.972700585811886,1522647711121
seat6BOccupied,true,1522647715257
totalSeatCount,2,1522647715257
SoundWall0,63.77337980605156,1522647715890
SoundWall1,67.18473592246025,1522647715899
SoundWall2,67.36648443093733,1522647715906
SoundWindow0,64.87796737077431,1522647718163
SoundWindow1,58.436516574620306,1522647718164
sensor0_Temperature,27.07,1522647720980
sensor0_Humidity,36.22344832931194,1522647720982
sensor0_Brightness,279.0,1522647720984
sensor1_Temperature,24.84,1522647720986
sensor1_Humidity,35.85348868750947,1522647720987
sensor1_Brightness,328.0,1522647720988
SoundCenter0,65.44738459811316,1522647721118
SoundCenter1,60.128876728813836,1522647721121
SoundCenter2,58.065060716114246,1522647721121
SoundWall0,63.85241414424165,1522647725890
SoundWall1,67.23053010876711,1522647725899
SoundWall2,67.69805723754168,1522647725915
SoundWindow0,66.03345531956545,1522647728163
SoundWindow1,59.16668518740765,1522647728164
SoundCenter0,65.49545889744725,1522647731118
SoundCenter1,60.71746372243285,1522647731121
SoundCenter2,59.30579200774529,1522647731121
sensor0_Temperature,27.07,1522647731344
sensor0_Humidity,36.22344832931194,1522647731346
sensor0_Brightness,279.0,1522647731347
sensor1_Temperature,24.84,1522647731349
sensor1_Humidity,35.85348868750947,1522647731351
sensor1_Brightness,321.0,1522647731352
SoundWall0,65.59449133736608,1522647735890
SoundWall1,68.70877786583985,1522647735898
SoundWall2,68.72424893555396,1522647735912
sensor0_Temperature,27.07,1522647737662
sensor0_Humidity,36.22344832931194,1522647737664
sensor0_Brightness,279.0,1522647737666
sensor1_Temperature,24.84,1522647737667
sensor1_Humidity,35.85348868750947,1522647737669
sensor1_Brightness,321.0,1522647737670
SoundWindow0,67.15737477518832,1522647738163
SoundWindow1,59.93087418277567,1522647738164
seat6BOccupied,false,1522647740176
totalSeatCount,1,1522647740176
SoundCenter0,65.94419046369256,1522647741118
SoundCenter1,61.26309002654126,1522647741121
SoundCenter2,59.81114635082232,1522647741121
SeminarNumber,7,1522647743035
Mtest9,true,1522647743176
sensor0_Temperature,27.07,1522647743950
sensor0_Humidity,36.22344832931194,1522647743952
sensor0_Brightness,279.0,1522647743954
sensor1_Temperature,24.84,1522647743956
sensor1_Humidity,35.85348868750947,1522647743958
sensor1_Brightness,321.0,1522647743959
Mtest3,false,1522647744902
SoundWall0,65.56088784690395,1522647745890
SoundWall1,68.4554971632737,1522647745899
SoundWall2,67.96587939548854,1522647745911
Mtest2,true,1522647746902
Mtest1,true,1522647747902
SoundWindow0,67.28894380618748,1522647748163
SoundWindow1,60.19864095526295,1522647748165
Mtest3,true,1522647750640
SoundCenter0,66.1099863336946,1522647751118
SoundCenter1,61.504714553873704,1522647751121
SoundCenter2,60.186668758214985,1522647751121
seat5BOccupied,true,1522647751640
totalSeatCount,2,1522647751640
sensor0_Temperature,27.07,1522647754345
sensor0_Humidity,36.22344832931194,1522647754347
sensor0_Brightness,279.0,1522647754350
sensor1_Temperature,24.84,1522647754352
sensor1_Humidity,35.85348868750947,1522647754354
sensor1_Brightness,321.0,1522647754356
SoundWall0,65.35006836523554,1522647755890
SoundWall1,68.53637206083741,1522647755899
SoundWall2,68.34686151965049,1522647755910
SoundWindow0,67.3549208627217,1522647758163
SoundWindow1,60.35898533580871,1522647758164
sensor0_Temperature,27.07,1522647760692
sensor0_Humidity,36.22344832931194,1522647760694
sensor0_Brightness,279.0,1522647760696
sensor1_Temperature,24.84,1522647760698
sensor1_Humidity,35.85348868750947,1522647760699
sensor1_Brightness,321.0,1522647760701
SoundCenter0,65.26582808705017,1522647761118
SoundCenter1,61.58830039921524,1522647761121
SoundCenter2,60.80911030572617,1522647761121
SoundWall0,65.06110628946855,1522647765890
SoundWall1,67.98691925086766,1522647765898
SoundWall2,67.58099373262408,1522647765904
sensor0_Temperature,27.07,1522647767101
sensor0_Humidity,36.22344832931194,1522647767103
sensor0_Brightness,279.0,1522647767108
sensor1_Temperature,24.84,1522647767110
sensor1_Humidity,35.85348868750947,1522647767112
sensor1_Brightness,321.0,1522647767113
SoundWindow0,66.77476368566386,1522647768163
SoundWindow1,59.845125918199564,1522647768164
seat6BOccupied,true,1522647770342
totalSeatCount,3,1522647770342
SoundCenter0,64.96251654292034,1522647771118
SoundCenter1,61.25782462623079,1522647771120
SoundCenter2,60.77519780290969,1522647771121
Mtest9,true,1522647773436
sensor0_Temperature,27.07,1522647773440
sensor0_Humidity,36.22344832931194,1522647773442
sensor0_Brightness,279.0,1522647773443
sensor1_Temperature,24.84,1522647773445
sensor1_Humidity,35.85348868750947,1522647773447
sensor1_Brightness,321.0,1522647773448
SoundWall0,64.81400463230176,1522647775890
SoundWall1,67.4791663269613,1522647775899
SoundWall2,67.87665353429982,1522647775916
Mtest2,true,1522647777179
Mtest1,true,1522647777179
SoundWindow0,66.25437933057177,1522647778163
SoundWindow1,59.588176160916426,1522647778164
sensor0_Temperature,27.07,1522647779749
sensor0_Humidity,36.22344832931194,1522647779751
sensor0_Brightness,278.0,1522647779753
sensor1_Temperature,24.84,1522647779755
sensor1_Humidity,35.85348868750947,1522647779756
sensor1_Brightness,321.0,1522647779757
Mtest3,true,1522647780906
SoundCenter0,64.31198798708473,1522647781118
SoundCenter1,60.1022853570358,1522647781120
SoundCenter2,59.90181714619884,1522647781121
SoundWall0,63.30369428401247,1522647785890
SoundWall1,65.70815640140933,1522647785898
SoundWall2,67.22763995278395,1522647785910
sensor0_Temperature,27.07,1522647786030
sensor0_Humidity,36.22344832931194,1522647786031
sensor0_Brightness,278.0,1522647786033
sensor1_Temperature,24.84,1522647786035
sensor1_Humidity,35.85348868750947,1522647786036
sensor1_Brightness,321.0,1522647786037
SoundWindow0,65.59527517755153,1522647788163
SoundWindow1,58.71937766213791,1522647788164
SoundCenter0,64.19762198307457,1522647791118
SoundCenter1,59.27432910591187,1522647791120
SoundCenter2,58.720011693862084,1522647791121
sensor0_Temperature,27.07,1522647792330
sensor0_Humidity,36.22344832931194,1522647792332
sensor0_Brightness,278.0,1522647792334
sensor1_Temperature,24.84,1522647792336
sensor1_Humidity,35.85348868750947,1522647792337
sensor1_Brightness,321.0,1522647792338
SoundWall0,62.11737438462491,1522647795890
SoundWall1,64.65474154836004,1522647795899
SoundWall2,66.70703212054879,1522647795915
SoundWindow0,65.07254305250135,1522647798163
SoundWindow1,57.85918082437186,1522647798164
sensor0_Temperature,27.07,1522647798656
sensor0_Humidity,36.22344832931194,1522647798658
sensor0_Brightness,278.0,1522647798660
sensor1_Temperature,24.84,1522647798662
sensor1_Humidity,35.85348868750947,1522647798663
sensor1_Brightness,321.0,1522647798664
SoundCenter0,64.04459943215149,1522647801118
SoundCenter1,58.43865834980019,1522647801120
SoundCenter2,57.749576450484646,1522647801121
sensor0_Temperature,27.07,1522647804951
sensor0_Humidity,36.22344832931194,1522647804953
sensor0_Brightness,278.0,1522647804955
sensor1_Temperature,24.84,1522647804956
sensor1_Humidity,35.85348868750947,1522647804958
sensor1_Brightness,321.0,1522647804959
SoundWall0,61.69760779416895,1522647805890
SoundWall1,64.51046622307098,1522647805899
SoundWall2,66.40944080180996,1522647805915
SoundWindow0,64.56402492799265,1522647808163
SoundWindow1,57.37136111224894,1522647808164
Mtest9,false,1522647810334
SoundCenter0,63.92808921681555,1522647811118
SoundCenter1,57.32744517751261,1522647811120
SoundCenter2,56.3627270518452,1522647811121
Mtest2,false,1522647813334
Mtest1,false,1522647814334
sensor0_Temperature,27.07,1522647815291
sensor0_Humidity,36.22344832931194,1522647815293
sensor0_Brightness,278.0,1522647815295
sensor1_Temperature,24.84,1522647815297
sensor1_Humidity,35.85348868750947,1522647815298
sensor1_Brightness,321.0,1522647815299
SoundWall0,60.983317057882495,1522647815890
SoundWall1,63.79117629801885,1522647815898
SoundWall2,65.05550866355551,1522647815912
Mtest3,false,1522647817334
SoundWindow0,64.01914818272817,1522647818163
SoundWindow1,56.222229257558055,1522647818164
SoundCenter0,64.9787088316456,1522647821118
SoundCenter1,57.74878069429676,1522647821120
SoundCenter2,56.56232539867042,1522647821121
sensor0_Temperature,27.07,1522647821608
sensor0_Humidity,36.22344832931194,1522647821610
sensor0_Brightness,278.0,1522647821611
sensor1_Temperature,24.84,1522647821613
sensor1_Humidity,35.85348868750947,1522647821614
sensor1_Brightness,321.0,1522647821615
Mtest3,true,1522647824334
InferredPresence,false,1522647825370
InferredPresence,true,1522647825379
SoundWall0,62.3347844538811,1522647825890
SoundWall1,65.61758666646217,1522647825898
SoundWall2,66.45367064030043,1522647825912
SoundWindow0,65.545802843206,1522647828163
SoundWindow1,57.67952418000389,1522647828164
SoundCenter0,65.6721130668798,1522647831118
SoundCenter1,58.36153211114204,1522647831120
SoundCenter2,57.05212233958979,1522647831121
sensor0_Temperature,27.07,1522647831910
sensor0_Humidity,36.22344832931194,1522647831911
sensor0_Brightness,278.0,1522647831914
sensor1_Temperature,24.84,1522647831914
sensor1_Humidity,35.85348868750947,1522647831915
sensor1_Brightness,321.0,1522647831915
SoundWall0,62.63525185127883,1522647835890
SoundWall1,65.80925704485243,1522647835899
SoundWall2,66.48789951528751,1522647835915
SoundWindow0,65.75482024839255,1522647838163
SoundWindow1,58.23673151288853,1522647838164
sensor0_Temperature,27.07,1522647838259
sensor0_Humidity,36.22344832931194,1522647838261
sensor0_Brightness,278.0,1522647838262
sensor1_Temperature,24.84,1522647838265
sensor1_Humidity,35.85348868750947,1522647838266
sensor1_Brightness,321.0,1522647838267
SoundCenter0,65.2201236466533,1522647841118
SoundCenter1,58.75661422724723,1522647841121
SoundCenter2,57.2778770271501,1522647841121
sensor0_Temperature,27.07,1522647844550
sensor0_Humidity,36.22344832931194,1522647844551
sensor0_Brightness,278.0,1522647844553
sensor1_Temperature,24.84,1522647844555
sensor1_Humidity,35.85348868750947,1522647844556
sensor1_Brightness,321.0,1522647844557
SoundWall0,63.652351555164145,1522647845890
SoundWall1,66.98018674014571,1522647845899
SoundWall2,66.76419198160218,1522647845906
SoundWindow0,66.39044040411586,1522647848163
SoundWindow1,59.152587837430296,1522647848164
SoundCenter0,66.64261791804772,1522647851118
SoundCenter1,60.64757679847106,1522647851120
SoundCenter2,58.82383043142533,1522647851121
Mtest3,true,1522647854615
sensor0_Temperature,27.07,1522647854859
sensor0_Humidity,36.22344832931194,1522647854860
sensor0_Brightness,278.0,1522647854861
sensor1_Temperature,24.84,1522647854864
sensor1_Humidity,35.730168806908644,1522647854865
sensor1_Brightness,320.0,1522647854866
SoundWall0,64.19212868505544,1522647855890
SoundWall1,67.52455563624127,1522647855899
SoundWall2,67.09157573034484,1522647855915
SoundWindow0,65.9817060170927,1522647858163
SoundWindow1,59.073211843171826,1522647858164
SoundCenter0,67.18590458059998,1522647861118
SoundCenter1,61.01521319187305,1522647861120
SoundCenter2,58.951463457382154,1522647861121
sensor0_Temperature,27.07,1522647865238
sensor0_Humidity,36.22344832931194,1522647865240
sensor0_Brightness,278.0,1522647865242
sensor1_Temperature,24.84,1522647865244
sensor1_Humidity,35.730168806908644,1522647865245
sensor1_Brightness,320.0,1522647865246
SoundWall0,65.44980027532496,1522647865890
SoundWall1,68.58364679525134,1522647865900
SoundWall2,67.43288439372525,1522647865924
SoundWindow0,66.16385559788128,1522647868163
SoundWindow1,59.35622599776683,1522647868164
SoundCenter0,67.84689189027455,1522647871118
SoundCenter1,61.61141349460345,1522647871120
SoundCenter2,59.63968974239702,1522647871121
sensor0_Temperature,27.07,1522647871548
sensor0_Humidity,36.22344832931194,1522647871550
sensor0_Brightness,278.0,1522647871551
sensor1_Temperature,24.84,1522647871553
sensor1_Humidity,35.730168806908644,1522647871554
sensor1_Brightness,320.0,1522647871556
SoundWall0,65.66228576143257,1522647875890
SoundWall1,68.55056891157811,1522647875898
SoundWall2,66.87264539372384,1522647875912
SoundWindow0,67.26529497781037,1522647878163
SoundWindow1,59.77060191534488,1522647878164
SoundCenter0,67.79464591745494,1522647881118
SoundCenter1,61.72984769451377,1522647881120
SoundCenter2,59.75699709647618,1522647881121
sensor0_Temperature,27.07,1522647881909
sensor0_Humidity,36.22344832931194,1522647881911
sensor0_Brightness,278.0,1522647881912
sensor1_Temperature,24.84,1522647881914
sensor1_Humidity,35.730168806908644,1522647881915
sensor1_Brightness,320.0,1522647881916
SoundWall0,64.09781781177998,1522647885890
SoundWall1,66.49043370347485,1522647885899
SoundWall2,65.34898940769604,1522647885910
SoundWindow0,66.881294359336,1522647888163
SoundWindow1,58.75768365815963,1522647888164
sensor0_Temperature,27.07,1522647888208
sensor0_Humidity,36.22344832931194,1522647888209
sensor0_Brightness,278.0,1522647888210
sensor1_Temperature,24.84,1522647888210
sensor1_Humidity,35.730168806908644,1522647888211
sensor1_Brightness,320.0,1522647888212
SoundCenter0,66.43599030631444,1522647891118
SoundCenter1,60.63146151046263,1522647891120
SoundCenter2,58.802282948285416,1522647891121
Mtest3,false,1522647891679
sensor0_Temperature,27.07,1522647894598
sensor0_Humidity,36.22344832931194,1522647894600
sensor0_Brightness,278.0,1522647894601
sensor1_Temperature,24.84,1522647894602
sensor1_Humidity,35.730168806908644,1522647894604
sensor1_Brightness,320.0,1522647894605
SoundWall0,62.847674942299115,1522647895890
SoundWall1,65.58773968756795,1522647895899
SoundWall2,64.29551983132748,1522647895909
SoundWindow0,67.20479249353825,1522647898163
SoundWindow1,58.03926084455198,1522647898164
SoundCenter0,67.71643905122387,1522647901118
SoundCenter1,61.19935497192484,1522647901121
SoundCenter2,59.20765860029243,1522647901121
sensor0_Temperature,27.07,1522647904959
sensor0_Humidity,36.22344832931194,1522647904961
sensor0_Brightness,278.0,1522647904962
sensor1_Temperature,24.84,1522647904964
sensor1_Humidity,35.730168806908644,1522647904965
sensor1_Brightness,320.0,1522647904966
SoundWall0,62.777759928541826,1522647905890
SoundWall1,66.03870087040603,1522647905899
SoundWall2,64.70348228955305,1522647905913
SoundWindow0,67.13755850130282,1522647908163
SoundWindow1,57.83714680392505,1522647908164
Mtest3,true,1522647908679
InferredPresence,false,1522647909684
InferredPresence,true,1522647909689
SoundCenter0,66.20301096043201,1522647911118
SoundCenter1,60.179198380954325,1522647911120
SoundCenter2,58.38876783123412,1522647911121
sensor0_Temperature,27.07,1522647911283
sensor0_Humidity,36.22344832931194,1522647911284
sensor0_Brightness,242.0,1522647911286
sensor1_Temperature,24.84,1522647911287
sensor1_Humidity,35.730168806908644,1522647911289
sensor1_Brightness,320.0,1522647911291
SoundWall0,62.05567401658655,1522647915890
SoundWall1,64.99954866233273,1522647915899
SoundWall2,63.471846107238,1522647915905
sensor0_Temperature,27.07,1522647917594
sensor0_Humidity,36.22344832931194,1522647917596
sensor0_Brightness,242.0,1522647917597
sensor1_Temperature,24.84,1522647917607
sensor1_Humidity,35.730168806908644,1522647917609
sensor1_Brightness,174.0,1522647917610
SoundWindow0,66.78691686807355,1522647918163
SoundWindow1,57.64210293857085,1522647918164
SoundCenter0,65.25566259735052,1522647921118
SoundCenter1,59.89418966702313,1522647921120
SoundCenter2,58.49526823248174,1522647921121
sensor0_Temperature,27.07,1522647923894
sensor0_Humidity,36.22344832931194,1522647923896
sensor0_Brightness,242.0,1522647923897
sensor1_Temperature,24.84,1522647923899
sensor1_Humidity,35.730168806908644,1522647923900
sensor1_Brightness,174.0,1522647923901
SoundWall0,61.268417611474355,1522647925890
SoundWall1,64.40941741825125,1522647925899
SoundWall2,63.83351873313233,1522647925905
SoundWindow0,67.26320554952217,1522647928163
SoundWindow1,57.68069293847887,1522647928165
sensor0_Temperature,27.07,1522647930196
sensor0_Humidity,36.22344832931194,1522647930198
sensor0_Brightness,242.0,1522647930199
sensor1_Temperature,24.84,1522647930200
sensor1_Humidity,35.730168806908644,1522647930202
sensor1_Brightness,174.0,1522647930203
SoundCenter0,64.46317278138079,1522647931118
SoundCenter1,60.04499094331117,1522647931120
SoundCenter2,59.08661246894182,1522647931121
SoundWall0,60.71858085580126,1522647935890
SoundWall1,63.9194180822825,1522647935899
SoundWall2,64.32372315218305,1522647935912
sensor0_Temperature,27.07,1522647936675
sensor0_Humidity,36.22344832931194,1522647936677
sensor0_Brightness,242.0,1522647936679
sensor1_Temperature,24.84,1522647936681
sensor1_Humidity,35.730168806908644,1522647936682
sensor1_Brightness,174.0,1522647936684
SoundWindow0,66.86283860919083,1522647938163
SoundWindow1,57.51713273396625,1522647938165
Mtest3,true,1522647938935
SoundCenter0,63.94435708253483,1522647941118
SoundCenter1,59.86962887316713,1522647941120
SoundCenter2,59.234102117948936,1522647941121
sensor0_Temperature,27.07,1522647943005
sensor0_Humidity,36.22344832931194,1522647943007
sensor0_Brightness,242.0,1522647943008
sensor1_Temperature,24.84,1522647943010
sensor1_Humidity,35.730168806908644,1522647943011
sensor1_Brightness,174.0,1522647943012
SoundWall0,61.2703622121963,1522647945890
SoundWall1,65.12009900369476,1522647945899
SoundWall2,65.10696575061401,1522647945913
SoundWindow0,66.90901744750184,1522647948163
SoundWindow1,57.94511698705126,1522647948165
SoundCenter0,63.94729801979595,1522647951118
SoundCenter1,60.15737582088711,1522647951120
SoundCenter2,59.59474628706091,1522647951121
sensor0_Temperature,27.07,1522647953345
sensor0_Humidity,36.22344832931194,1522647953346
sensor0_Brightness,242.0,1522647953346
sensor1_Temperature,24.84,1522647953347
sensor1_Humidity,35.730168806908644,1522647953348
sensor1_Brightness,174.0,1522647953349
SoundWall0,61.25577533563089,1522647955890
SoundWall1,64.99453297203155,1522647955899
SoundWall2,65.17124803963779,1522647955916
SoundWindow0,66.73638289078784,1522647958163
SoundWindow1,57.9775986162481,1522647958164
sensor0_Temperature,27.07,1522647959651
sensor0_Humidity,36.22344832931194,1522647959653
sensor0_Brightness,242.0,1522647959654
sensor1_Temperature,24.84,1522647959656
sensor1_Humidity,35.730168806908644,1522647959657
sensor1_Brightness,174.0,1522647959658
SoundCenter0,62.8870578507507,1522647961118
SoundCenter1,59.337477321374344,1522647961121
SoundCenter2,58.83896947013668,1522647961121
SoundWall0,61.12099223583544,1522647965890
SoundWall1,64.53939394891367,1522647965900
SoundWall2,65.15230058712147,1522647965916
sensor0_Temperature,27.07,1522647965954
sensor0_Humidity,36.22344832931194,1522647965956
sensor0_Brightness,242.0,1522647965958
sensor1_Temperature,24.84,1522647965959
sensor1_Humidity,35.730168806908644,1522647965961
sensor1_Brightness,174.0,1522647965962
SoundWindow0,66.91199213996252,1522647968163
SoundWindow1,57.72887855016881,1522647968164
SoundCenter0,62.40456850404153,1522647971118
SoundCenter1,59.216000670324426,1522647971120
SoundCenter2,58.51151017846598,1522647971121
sensor0_Temperature,26.95,1522647972246
sensor0_Humidity,36.22344832931194,1522647972248
sensor0_Brightness,130.0,1522647972250
sensor1_Temperature,24.84,1522647972252
sensor1_Humidity,35.730168806908644,1522647972255
sensor1_Brightness,174.0,1522647972259
Mtest3,false,1522647975014
SoundWall0,62.29514835713318,1522647975890
SoundWall1,66.00462333209893,1522647975899
SoundWall2,67.6566453167724,1522647975915
SoundWindow0,68.73312968166509,1522647978163
SoundWindow1,58.38320455100492,1522647978164
sensor0_Temperature,26.95,1522647978545
sensor0_Humidity,36.22344832931194,1522647978546
sensor0_Brightness,130.0,1522647978548
sensor1_Temperature,24.84,1522647978549
sensor1_Humidity,35.730168806908644,1522647978550
sensor1_Brightness,231.0,1522647978552
SoundCenter0,61.99929147277065,1522647981118
SoundCenter1,59.104192185733304,1522647981120
SoundCenter2,58.350585867993814,1522647981121
sensor0_Temperature,26.95,1522647984844
sensor0_Humidity,36.22344832931194,1522647984846
sensor0_Brightness,130.0,1522647984848
sensor1_Temperature,24.84,1522647984849
sensor1_Humidity,35.730168806908644,1522647984851
sensor1_Brightness,231.0,1522647984853
SoundWall0,62.39929785607923,1522647985890
SoundWall1,66.19022882506735,1522647985899
SoundWall2,68.34492366927137,1522647985910
SoundWindow0,69.12614570970746,1522647988163
SoundWindow1,58.60554732530794,1522647988164
SoundCenter0,62.92706154045599,1522647991118
SoundCenter1,60.18315449548242,1522647991120
SoundCenter2,59.15001486295109,1522647991121
sensor0_Temperature,26.95,1522647995193
sensor0_Humidity,36.22344832931194,1522647995195
sensor0_Brightness,130.0,1522647995197
sensor1_Temperature,24.84,1522647995199
sensor1_Humidity,35.730168806908644,1522647995200
sensor1_Brightness,231.0,1522647995202
SoundWall0,63.57029163626307,1522647995890
SoundWall1,67.50814826092478,1522647995898
SoundWall2,69.92252336381893,1522647995904
SoundWindow0,68.9927341326327,1522647998163
SoundWindow1,59.29829254447956,1522647998164
SoundCenter0,62.97869323008747,1522648001118
SoundCenter1,60.066858113490476,1522648001120
SoundCenter2,58.36200434174592,1522648001121
sensor0_Temperature,26.95,1522648001494
sensor0_Humidity,36.22344832931194,1522648001496
sensor0_Brightness,130.0,1522648001497
sensor1_Temperature,24.84,1522648001499
sensor1_Humidity,35.730168806908644,1522648001501
sensor1_Brightness,231.0,1522648001503
SoundWall0,63.507885065925315,1522648005890
SoundWall1,67.15291237266274,1522648005900
SoundWall2,69.55366723397447,1522648005911
SoundWindow0,68.33155246617586,1522648008163
SoundWindow1,59.22310098321068,1522648008164
SoundCenter0,63.03889756687082,1522648011118
SoundCenter1,59.319496788747564,1522648011120
SoundCenter2,57.92619340558258,1522648011121
sensor0_Temperature,26.95,1522648011833
sensor0_Humidity,36.22344832931194,1522648011835
sensor0_Brightness,130.0,1522648011837
sensor1_Temperature,24.84,1522648011838
sensor1_Humidity,35.730168806908644,1522648011840
sensor1_Brightness,231.0,1522648011841
SoundWall0,63.302774201553206,1522648015890
SoundWall1,67.3071412002194,1522648015900
SoundWall2,70.02167282650265,1522648015910
sensor0_Temperature,26.95,1522648018137
sensor0_Humidity,36.22344832931194,1522648018139
sensor0_Brightness,130.0,1522648018141
sensor1_Temperature,24.84,1522648018143
sensor1_Humidity,35.730168806908644,1522648018145
sensor1_Brightness,231.0,1522648018146
SoundWindow0,67.71069797009781,1522648018163
SoundWindow1,59.16792210601998,1522648018164
SoundCenter0,63.705135900397075,1522648021118
SoundCenter1,59.611585483470755,1522648021121
SoundCenter2,57.8340404312858,1522648021121
sensor0_Temperature,26.95,1522648024434
sensor0_Humidity,36.22344832931194,1522648024436
sensor0_Brightness,130.0,1522648024438
sensor1_Temperature,24.84,1522648024440
sensor1_Humidity,35.730168806908644,1522648024441
sensor1_Brightness,231.0,1522648024443
SoundWall0,62.837151690114716,1522648025890
SoundWall1,66.822440942119,1522648025899
SoundWall2,69.1380592286836,1522648025911
SoundWindow0,67.01051320596318,1522648028163
SoundWindow1,58.987317440156374,1522648028164
sensor0_Temperature,26.95,1522648030727
sensor0_Humidity,36.22344832931194,1522648030729
sensor0_Brightness,130.0,1522648030731
sensor1_Temperature,24.84,1522648030732
sensor1_Humidity,35.730168806908644,1522648030734
sensor1_Brightness,231.0,1522648030735
SoundCenter0,64.36913769525988,1522648031118
SoundCenter1,59.26430467917168,1522648031120
SoundCenter2,57.70954956157377,1522648031121
SoundWall0,62.58459966531122,1522648035890
SoundWall1,65.84997894581544,1522648035898
SoundWall2,66.93231472967496,1522648035912
SoundWindow0,66.23427375811167,1522648038163
SoundWindow1,58.66964267965095,1522648038164
sensor0_Temperature,26.95,1522648041035
sensor0_Humidity,36.22344832931194,1522648041037
sensor0_Brightness,213.0,1522648041039
sensor1_Temperature,24.84,1522648041041
sensor1_Humidity,35.730168806908644,1522648041042
sensor1_Brightness,209.0,1522648041044
SoundCenter0,66.02422458152047,1522648041118
SoundCenter1,60.271228219896635,1522648041120
SoundCenter2,57.87800776980461,1522648041121
SoundWall0,62.177437714370164,1522648045890
SoundWall1,65.22370591243582,1522648045899
SoundWall2,64.82238897841535,1522648045910
sensor0_Temperature,26.95,1522648047344
sensor0_Humidity,36.22344832931194,1522648047346
sensor0_Brightness,213.0,1522648047348
sensor1_Temperature,24.84,1522648047350
sensor1_Humidity,35.730168806908644,1522648047351
sensor1_Brightness,209.0,1522648047352
SoundWindow0,66.13402642980365,1522648048163
SoundWindow1,58.29928187924533,1522648048164
SoundCenter0,66.12314492044437,1522648051118
SoundCenter1,59.566540258312024,1522648051121
SoundCenter2,57.077473227196286,1522648051121
sensor0_Temperature,26.95,1522648053643
sensor0_Humidity,36.22344832931194,1522648053645
sensor0_Brightness,213.0,1522648053647
sensor1_Temperature,24.84,1522648053649
sensor1_Humidity,35.730168806908644,1522648053651
sensor1_Brightness,209.0,1522648053653
SoundWall0,62.57132282602111,1522648055890
SoundWall1,65.52109682250628,1522648055899
SoundWall2,64.48715371492004,1522648055916
SoundWindow0,66.28187223061306,1522648058163
SoundWindow1,58.21760395061594,1522648058164
sensor0_Temperature,26.95,1522648059963
sensor0_Humidity,36.22344832931194,1522648059966
sensor0_Brightness,213.0,1522648059968
sensor1_Temperature,24.84,1522648059971
sensor1_Humidity,35.730168806908644,1522648059972
sensor1_Brightness,209.0,1522648059974
SoundCenter0,66.11438792594802,1522648061118
SoundCenter1,59.52764062713071,1522648061120
SoundCenter2,57.36376646476426,1522648061121
SoundWall0,62.95034287846071,1522648065890
SoundWall1,66.09224624985187,1522648065898
SoundWall2,65.1161260415782,1522648065911
sensor0_Temperature,26.95,1522648066283
sensor0_Humidity,36.22344832931194,1522648066286
sensor0_Brightness,213.0,1522648066288
sensor1_Temperature,24.84,1522648066290
sensor1_Humidity,35.730168806908644,1522648066292
sensor1_Brightness,209.0,1522648066294
SoundWindow0,66.69076470835748,1522648068164
SoundWindow1,58.13269476541616,1522648068165
SoundCenter0,66.18221994586956,1522648071118
SoundCenter1,60.44758382752452,1522648071120
SoundCenter2,57.525724153901976,1522648071121
sensor0_Temperature,26.95,1522648072603
sensor0_Humidity,36.22344832931194,1522648072604
sensor0_Brightness,213.0,1522648072605
sensor1_Temperature,24.84,1522648072606
sensor1_Humidity,35.730168806908644,1522648072606
sensor1_Brightness,209.0,1522648072607
SoundWall0,63.45627780387694,1522648075890
SoundWall1,66.2122842533951,1522648075904
SoundWall2,64.6699038839032,1522648075917
SoundWindow0,67.28984313601771,1522648078164
SoundWindow1,58.13246790601628,1522648078165
SoundCenter0,65.80960950709114,1522648081118
SoundCenter1,60.43023126658292,1522648081120
SoundCenter2,57.67194472514712,1522648081121
sensor0_Temperature,26.95,1522648082983
sensor0_Humidity,36.22344832931194,1522648082985
sensor0_Brightness,213.0,1522648082987
sensor1_Temperature,24.84,1522648082988
sensor1_Humidity,35.730168806908644,1522648082990
sensor1_Brightness,209.0,1522648082991
SoundWall0,64.25978807428679,1522648085890
SoundWall1,67.25065252340627,1522648085899
SoundWall2,65.48397455297952,1522648085919
SoundWindow0,67.45121680499489,1522648088164
SoundWindow1,58.2389719654845,1522648088165
sensor0_Temperature,26.95,1522648089305
sensor0_Humidity,36.22344832931194,1522648089309
sensor0_Brightness,213.0,1522648089311
sensor1_Temperature,24.84,1522648089313
sensor1_Humidity,35.730168806908644,1522648089315
sensor1_Brightness,209.0,1522648089316
SoundCenter0,65.54506345187163,1522648091118
SoundCenter1,60.60108721260083,1522648091128
SoundCenter2,57.825791801793244,1522648091129
sensor0_Temperature,26.95,1522648095594
sensor0_Humidity,36.22344832931194,1522648095595
sensor0_Brightness,213.0,1522648095596
sensor1_Temperature,24.84,1522648095598
sensor1_Humidity,35.730168806908644,1522648095600
sensor1_Brightness,209.0,1522648095601
SoundWall0,64.32273048797431,1522648095890
SoundWall1,67.91227701030854,1522648095899
SoundWall2,66.06521875479827,1522648095918
SoundWindow0,67.27546240095111,1522648098163
SoundWindow1,58.50084579171924,1522648098164
SoundCenter0,65.83328035202506,1522648101118
SoundCenter1,61.29715379473237,1522648101120
SoundCenter2,58.96471503170642,1522648101121
sensor0_Temperature,26.95,1522648101895
sensor0_Humidity,36.22344832931194,1522648101897
sensor0_Brightness,126.0,1522648101898
sensor1_Temperature,24.84,1522648101900
sensor1_Humidity,35.730168806908644,1522648101901
sensor1_Brightness,209.0,1522648101902
SoundWall0,64.75802539799658,1522648105890
SoundWall1,68.46807849162113,1522648105912
SoundWall2,67.7831572844811,1522648105925
SoundWindow0,66.51249691391959,1522648108163
SoundWindow1,58.75148928706475,1522648108164
SoundCenter0,65.57549602756474,1522648111118
SoundCenter1,60.68960089588695,1522648111120
SoundCenter2,58.49671542511216,1522648111121
sensor0_Temperature,26.95,1522648112284
sensor0_Humidity,36.22344832931194,1522648112287
sensor0_Brightness,126.0,1522648112288
sensor1_Temperature,24.84,1522648112290
sensor1_Humidity,35.730168806908644,1522648112292
sensor1_Brightness,152.0,1522648112293
SoundWall0,62.82238026887031,1522648115890
SoundWall1,66.77995970433324,1522648115899
SoundWall2,65.54684829280475,1522648115913
SoundWindow0,66.10618612527888,1522648118163
SoundWindow1,57.978084189906085,1522648118164
sensor0_Temperature,26.95,1522648118629
sensor0_Humidity,36.22344832931194,1522648118630
sensor0_Brightness,126.0,1522648118632
sensor1_Temperature,24.84,1522648118633
sensor1_Humidity,35.730168806908644,1522648118635
sensor1_Brightness,152.0,1522648118636
SoundCenter0,65.77464729372932,1522648121118
SoundCenter1,60.389326119737326,1522648121120
SoundCenter2,58.37504644758191,1522648121121
sensor0_Temperature,26.95,1522648124923
sensor0_Humidity,36.22344832931194,1522648124925
sensor0_Brightness,126.0,1522648124927
sensor1_Temperature,24.84,1522648124929
sensor1_Humidity,35.730168806908644,1522648124930
sensor1_Brightness,152.0,1522648124931
SoundWall0,61.89919836761664,1522648125890
SoundWall1,65.72104531621397,1522648125898
SoundWall2,64.36019780672831,1522648125913
SoundWindow0,65.77883981423803,1522648128163
SoundWindow1,57.596896339723166,1522648128164
Mtest3,true,1522648130015
SoundCenter0,66.64821279435586,1522648131118
SoundCenter1,60.581481999186465,1522648131120
SoundCenter2,58.670618823906715,1522648131121
sensor0_Temperature,26.95,1522648131228
sensor0_Humidity,36.22344832931194,1522648131229
sensor0_Brightness,126.0,1522648131230
sensor1_Temperature,24.84,1522648131231
sensor1_Humidity,35.730168806908644,1522648131232
sensor1_Brightness,152.0,1522648131232
InferredPresence,false,1522648132019
InferredPresence,true,1522648132045
SoundWall0,63.124746036774575,1522648135890
SoundWall1,66.85745761156757,1522648135899
SoundWall2,65.54365563376561,1522648135910
sensor0_Temperature,26.95,1522648137524
sensor0_Humidity,36.22344832931194,1522648137526
sensor0_Brightness,126.0,1522648137532
sensor1_Temperature,24.84,1522648137534
sensor1_Humidity,35.730168806908644,1522648137535
sensor1_Brightness,152.0,1522648137536
SoundWindow0,66.48863903738227,1522648138163
SoundWindow1,57.8863005132807,1522648138164
SoundCenter0,68.04748948615159,1522648141118
SoundCenter1,61.92582525786897,1522648141120
SoundCenter2,59.99300612104848,1522648141121
sensor0_Temperature,26.95,1522648143825
sensor0_Humidity,36.22344832931194,1522648143827
sensor0_Brightness,126.0,1522648143829
sensor1_Temperature,24.84,1522648143830
sensor1_Humidity,35.730168806908644,1522648143831
sensor1_Brightness,152.0,1522648143833
SoundWall0,64.19437073550765,1522648145890
SoundWall1,67.35320281204636,1522648145899
SoundWall2,66.80045086629352,1522648145909
SoundWindow0,67.79235796733367,1522648148163
SoundWindow1,58.999078404648046,1522648148164
sensor0_Temperature,26.95,1522648150130
sensor0_Humidity,36.22344832931194,1522648150131
sensor0_Brightness,126.0,1522648150133
sensor1_Temperature,24.84,1522648150135
sensor1_Humidity,35.730168806908644,1522648150136
sensor1_Brightness,152.0,1522648150137
SoundCenter0,67.83330838569401,1522648151118
SoundCenter1,62.006335637869974,1522648151121
SoundCenter2,60.517040248698585,1522648151121
SoundWall0,63.964380576777216,1522648155890
SoundWall1,67.22173078956965,1522648155898
SoundWall2,68.38856210232731,1522648155904
sensor0_Temperature,26.95,1522648156452
sensor0_Humidity,36.22344832931194,1522648156457
sensor0_Brightness,126.0,1522648156459
sensor1_Temperature,24.84,1522648156461
sensor1_Humidity,35.730168806908644,1522648156462
sensor1_Brightness,152.0,1522648156463
SoundWindow0,68.38461048111377,1522648158163
SoundWindow1,59.24339320227212,1522648158164
SoundCenter0,66.79686108990006,1522648161118
SoundCenter1,61.404347958246795,1522648161120
SoundCenter2,60.452586733615995,1522648161121
Mtest3,true,1522648161304
sensor0_Temperature,26.95,1522648162753
sensor0_Humidity,36.22344832931194,1522648162755
sensor0_Brightness,129.0,1522648162756
sensor1_Temperature,24.84,1522648162758
sensor1_Humidity,35.730168806908644,1522648162760
sensor1_Brightness,152.0,1522648162761
SoundWall0,63.85089019372947,1522648165890
SoundWall1,67.04788543495617,1522648165900
SoundWall2,68.4563079467651,1522648165911
SoundWindow0,68.89931766891748,1522648168163
SoundWindow1,58.82755024979995,1522648168164
sensor0_Temperature,26.95,1522648169055
sensor0_Humidity,36.22344832931194,1522648169056
sensor0_Brightness,129.0,1522648169058
sensor1_Temperature,24.84,1522648169060
sensor1_Humidity,35.60684892630782,1522648169062
sensor1_Brightness,164.0,1522648169063
SoundCenter0,66.11273196843446,1522648171118
SoundCenter1,61.78899724986563,1522648171120
SoundCenter2,61.12177863832192,1522648171121
sensor0_Temperature,26.95,1522648175384
sensor0_Humidity,36.22344832931194,1522648175386
sensor0_Brightness,129.0,1522648175388
sensor1_Temperature,24.84,1522648175389
sensor1_Humidity,35.60684892630782,1522648175390
sensor1_Brightness,164.0,1522648175392
SoundWall0,64.11798889123375,1522648175890
SoundWall1,67.35741726955935,1522648175899
SoundWall2,69.78997822371227,1522648175911
SoundWindow0,70.11870151589044,1522648178163
SoundWindow1,59.69131951049604,1522648178164
SoundCenter0,65.7302784067111,1522648181118
SoundCenter1,61.957453606740486,1522648181120
SoundCenter2,61.08703516593609,1522648181121
sensor0_Temperature,26.95,1522648181868
sensor0_Humidity,36.22344832931194,1522648181870
sensor0_Brightness,129.0,1522648181872
sensor1_Temperature,24.84,1522648181873
sensor1_Humidity,35.60684892630782,1522648181875
sensor1_Brightness,164.0,1522648181876
SoundWall0,63.788676180566746,1522648185890
SoundWall1,67.07230638053792,1522648185898
SoundWall2,70.30563984456647,1522648185904
SoundWindow0,69.73548130739921,1522648188163
SoundWindow1,60.24095121694153,1522648188164
sensor0_Temperature,26.95,1522648188176
sensor0_Humidity,36.22344832931194,1522648188177
sensor0_Brightness,129.0,1522648188178
sensor1_Temperature,24.84,1522648188179
sensor1_Humidity,35.60684892630782,1522648188180
sensor1_Brightness,164.0,1522648188180
SoundCenter0,66.01380808692294,1522648191118
SoundCenter1,61.97114943489125,1522648191120
SoundCenter2,60.98368348766027,1522648191121
seat1AOccupied,false,1522648193100
totalSeatCount,3,1522648193100
sensor0_Temperature,26.95,1522648194470
sensor0_Humidity,36.22344832931194,1522648194472
sensor0_Brightness,129.0,1522648194473
sensor1_Temperature,24.84,1522648194475
sensor1_Humidity,35.60684892630782,1522648194476
sensor1_Brightness,164.0,1522648194477
SoundWall0,62.968944840946705,1522648195890
SoundWall1,66.77831641951472,1522648195900
SoundWall2,70.13787113405662,1522648195911
Mtest3,true,1522648197100
SoundWindow0,68.39334262126016,1522648198163
SoundWindow1,59.625073049446776,1522648198164
SoundCenter0,65.51692414069008,1522648201118
SoundCenter1,61.592926338824576,1522648201120
SoundCenter2,60.365909490946386,1522648201121
sensor0_Temperature,26.95,1522648204784
sensor0_Humidity,36.22344832931194,1522648204786
sensor0_Brightness,129.0,1522648204787
sensor1_Temperature,24.84,1522648204790
sensor1_Humidity,35.60684892630782,1522648204792
sensor1_Brightness,164.0,1522648204794
SoundWall0,62.71606728900466,1522648205890
SoundWall1,66.35110983571215,1522648205913
SoundWall2,69.49099604070706,1522648205935
SoundWindow0,67.54971178540593,1522648208163
SoundWindow1,59.16955801168715,1522648208164
sensor0_Temperature,26.95,1522648211094
sensor0_Humidity,36.22344832931194,1522648211095
sensor0_Brightness,129.0,1522648211097
sensor1_Temperature,24.84,1522648211099
sensor1_Humidity,35.60684892630782,1522648211100
sensor1_Brightness,164.0,1522648211101
SoundCenter0,66.1891569560154,1522648211118
SoundCenter1,61.4793510612216,1522648211120
SoundCenter2,59.782653121815365,1522648211121
SoundWall0,61.92005374797678,1522648215890
SoundWall1,65.72996185887389,1522648215898
SoundWall2,67.76827178659502,1522648215911
sensor0_Temperature,26.95,1522648217416
sensor0_Humidity,36.22344832931194,1522648217418
sensor0_Brightness,129.0,1522648217420
sensor1_Temperature,24.84,1522648217422
sensor1_Humidity,35.60684892630782,1522648217423
sensor1_Brightness,164.0,1522648217424
SoundWindow0,68.04574526824125,1522648218163
SoundWindow1,59.218945127466704,1522648218164
SoundCenter0,66.43760506896867,1522648221118
SoundCenter1,61.29634668531451,1522648221120
SoundCenter2,59.28975764479818,1522648221121
sensor0_Temperature,26.95,1522648223703
sensor0_Humidity,36.22344832931194,1522648223705
sensor0_Brightness,129.0,1522648223707
sensor1_Temperature,24.84,1522648223708
sensor1_Humidity,35.60684892630782,1522648223709
sensor1_Brightness,164.0,1522648223710
SoundWall0,61.978815937702215,1522648225890
SoundWall1,66.19217878091678,1522648225898
SoundWall2,68.11744418354684,1522648225912
SoundWindow0,67.72674734646147,1522648228163
SoundWindow1,59.22919618556971,1522648228164
Mtest3,true,1522648230176
SoundCenter0,66.24947226612998,1522648231118
SoundCenter1,61.21108616002448,1522648231120
SoundCenter2,58.82876482390076,1522648231121
sensor0_Temperature,26.95,1522648234096
sensor0_Humidity,36.22344832931194,1522648234098
sensor0_Brightness,123.0,1522648234100
sensor1_Temperature,24.84,1522648234102
sensor1_Humidity,35.60684892630782,1522648234105
sensor1_Brightness,152.0,1522648234106
SoundWall0,63.2882399757118,1522648235890
SoundWall1,67.79078757895766,1522648235898
SoundWall2,69.16553074660098,1522648235912
SoundWindow0,67.58273403326301,1522648238163
SoundWindow1,59.091154451650894,1522648238164
SoundCenter0,67.1931603033592,1522648241118
SoundCenter1,61.73909168967476,1522648241120
SoundCenter2,59.10061579061547,1522648241121
sensor0_Temperature,26.95,1522648241475
sensor0_Humidity,36.22344832931194,1522648241477
sensor0_Brightness,123.0,1522648241479
sensor1_Temperature,24.84,1522648241480
sensor1_Humidity,35.60684892630782,1522648241481
sensor1_Brightness,152.0,1522648241482
SoundWall0,63.74667239015757,1522648245890
SoundWall1,67.82584698378386,1522648245899
SoundWall2,68.26218753462676,1522648245913
sensor0_Temperature,26.95,1522648247780
sensor0_Humidity,36.22344832931194,1522648247782
sensor0_Brightness,123.0,1522648247783
sensor1_Temperature,24.84,1522648247784
sensor1_Humidity,35.60684892630782,1522648247785
sensor1_Brightness,152.0,1522648247785
SoundWindow0,68.87414238609702,1522648248163
SoundWindow1,59.321032577496474,1522648248165
SoundCenter0,67.11470169722959,1522648251118
SoundCenter1,61.84229401553999,1522648251120
SoundCenter2,59.68304002938673,1522648251121
sensor0_Temperature,26.95,1522648254083
sensor0_Humidity,36.22344832931194,1522648254084
sensor0_Brightness,123.0,1522648254085
sensor1_Temperature,24.84,1522648254091
sensor1_Humidity,35.60684892630782,1522648254091
sensor1_Brightness,152.0,1522648254092
SoundWall0,63.41266060255051,1522648255890
SoundWall1,66.90972791106263,1522648255900
SoundWall2,67.41021596031443,1522648255917
SoundWindow0,69.1424550178094,1522648258163
SoundWindow1,59.55648134745361,1522648258165
sensor0_Temperature,26.95,1522648260404
sensor0_Humidity,36.22344832931194,1522648260406
sensor0_Brightness,123.0,1522648260407
sensor1_Temperature,24.84,1522648260409
sensor1_Humidity,35.60684892630782,1522648260410
sensor1_Brightness,152.0,1522648260411
SoundCenter0,66.75350313126161,1522648261118
SoundCenter1,60.9984250274607,1522648261120
SoundCenter2,59.07904339041802,1522648261121
SoundWall0,61.90041285310682,1522648265890
SoundWall1,65.71188825992907,1522648265901
SoundWall2,65.44863136238652,1522648265912
Mtest3,false,1522648266530
sensor0_Temperature,26.95,1522648266703
sensor0_Humidity,36.22344832931194,1522648266705
sensor0_Brightness,123.0,1522648266707
sensor1_Temperature,24.84,1522648266708
sensor1_Humidity,35.60684892630782,1522648266710
sensor1_Brightness,152.0,1522648266711
SoundWindow0,67.5711027587661,1522648268163
SoundWindow1,58.536474947372106,1522648268165
SoundCenter0,66.52166232503009,1522648271118
SoundCenter1,60.944230582273505,1522648271120
SoundCenter2,59.27405416569732,1522648271121
Mtest3,true,1522648271530
InferredPresence,false,1522648272536
InferredPresence,true,1522648272540
sensor0_Temperature,26.95,1522648273027
sensor0_Humidity,36.22344832931194,1522648273030
sensor0_Brightness,123.0,1522648273032
sensor1_Temperature,24.84,1522648273034
sensor1_Humidity,35.60684892630782,1522648273035
sensor1_Brightness,152.0,1522648273037
SoundWall0,62.425890608385565,1522648275890
SoundWall1,66.26726669814913,1522648275901
SoundWall2,66.02219438414006,1522648275918
SoundWindow0,66.28943558183703,1522648278163
SoundWindow1,57.73861883004038,1522648278164
sensor0_Temperature,26.95,1522648279353
sensor0_Humidity,36.22344832931194,1522648279355
sensor0_Brightness,123.0,1522648279357
sensor1_Temperature,24.84,1522648279358
sensor1_Humidity,35.60684892630782,1522648279360
sensor1_Brightness,152.0,1522648279362
SoundCenter0,67.0066581189723,1522648281118
SoundCenter1,60.79188567424523,1522648281121
SoundCenter2,59.08045499416669,1522648281121
sensor0_Temperature,26.95,1522648285692
sensor0_Humidity,36.22344832931194,1522648285693
sensor0_Brightness,123.0,1522648285695
sensor1_Temperature,24.84,1522648285696
sensor1_Humidity,35.60684892630782,1522648285697
sensor1_Brightness,152.0,1522648285699
SoundWall0,62.30972364443343,1522648285890
SoundWall1,66.11518555485699,1522648285900
SoundWall2,64.95243657105813,1522648285915
SoundWindow0,66.1259745924635,1522648288163
SoundWindow1,57.67241566118971,1522648288165
SoundCenter0,67.58944601495337,1522648291118
SoundCenter1,60.547686197549645,1522648291121
SoundCenter2,58.75610291654926,1522648291121
sensor0_Temperature,26.95,1522648292007
sensor0_Humidity,36.22344832931194,1522648292009
sensor0_Brightness,127.0,1522648292011
sensor1_Temperature,24.84,1522648292012
sensor1_Humidity,35.60684892630782,1522648292014
sensor1_Brightness,152.0,1522648292015
SoundWall0,61.231473693448294,1522648295890
SoundWall1,64.25981834746098,1522648295899
SoundWall2,63.36964718836235,1522648295912
SoundWindow0,65.20217965060958,1522648298163
SoundWindow1,57.64804178176519,1522648298165
sensor0_Temperature,26.95,1522648298316
sensor0_Humidity,36.22344832931194,1522648298317
sensor0_Brightness,127.0,1522648298319
sensor1_Temperature,24.84,1522648298321
sensor1_Humidity,35.730168806908644,1522648298322
sensor1_Brightness,155.0,1522648298323
SoundCenter0,66.13384541471075,1522648301118
SoundCenter1,59.4843319091507,1522648301120
SoundCenter2,57.908043153369086,1522648301121
Mtest3,true,1522648302713
sensor0_Temperature,26.95,1522648304652
sensor0_Humidity,36.22344832931194,1522648304654
sensor0_Brightness,127.0,1522648304656
sensor1_Temperature,24.84,1522648304657
sensor1_Humidity,35.730168806908644,1522648304659
sensor1_Brightness,155.0,1522648304660
SoundWall0,60.738178189634475,1522648305890
SoundWall1,64.06894540721768,1522648305899
SoundWall2,63.44065822931636,1522648305915
SoundWindow0,63.93164330364024,1522648308163
SoundWindow1,56.64434803894213,1522648308165
SoundCenter0,65.05112296620781,1522648311118
SoundCenter1,58.59613287886126,1522648311120
SoundCenter2,56.9976897243392,1522648311121
sensor0_Temperature,26.95,1522648314970
sensor0_Humidity,36.22344832931194,1522648314971
sensor0_Brightness,127.0,1522648314973
sensor1_Temperature,24.84,1522648314975
sensor1_Humidity,35.730168806908644,1522648314976
sensor1_Brightness,155.0,1522648314977
SoundWall0,59.4523177736152,1522648315890
SoundWall1,63.4838857898147,1522648315898
SoundWall2,62.700873316312446,1522648315905
SoundWindow0,63.87275621837982,1522648318163
SoundWindow1,55.93819360311909,1522648318165
SoundCenter0,63.773178428299595,1522648321118
SoundCenter1,57.79828818099801,1522648321121
SoundCenter2,56.26076543789949,1522648321121
sensor0_Temperature,26.95,1522648325275
sensor0_Humidity,36.22344832931194,1522648325277
sensor0_Brightness,127.0,1522648325278
sensor1_Temperature,24.84,1522648325280
sensor1_Humidity,35.730168806908644,1522648325281
sensor1_Brightness,155.0,1522648325284
SoundWall0,59.63105768927936,1522648325890
SoundWall1,64.18291759348018,1522648325912
SoundWall2,63.93068558345408,1522648325925
SoundWindow0,65.05060839570648,1522648328163
SoundWindow1,56.406199680986646,1522648328164
SoundCenter0,63.64940143311734,1522648331118
SoundCenter1,57.62041384062455,1522648331120
SoundCenter2,56.43909712114462,1522648331121
sensor0_Temperature,26.95,1522648331579
sensor0_Humidity,36.22344832931194,1522648331580
sensor0_Brightness,127.0,1522648331582
sensor1_Temperature,24.84,1522648331583
sensor1_Humidity,35.730168806908644,1522648331585
sensor1_Brightness,155.0,1522648331586
SoundWall0,59.27403807387763,1522648335890
SoundWall1,64.09716316784103,1522648335900
SoundWall2,63.410441921418666,1522648335920
SoundWindow0,64.96216318970986,1522648338163
SoundWindow1,56.56342028640123,1522648338165
Mtest3,false,1522648339937
SoundCenter0,63.54614013055995,1522648341118
SoundCenter1,57.36926289023646,1522648341120
SoundCenter2,56.169299796545815,1522648341121
sensor0_Temperature,26.95,1522648341925
sensor0_Humidity,36.22344832931194,1522648341927
sensor0_Brightness,127.0,1522648341930
sensor1_Temperature,24.84,1522648341932
sensor1_Humidity,35.730168806908644,1522648341934
sensor1_Brightness,155.0,1522648341936
SoundWall0,59.00547085248728,1522648345890
SoundWall1,63.62624541250716,1522648345899
SoundWall2,63.480525495070005,1522648345923
seat5BOccupied,true,1522648347937
totalSeatCount,3,1522648347937
SoundWindow0,64.13800350008619,1522648348163
SoundWindow1,56.55381383908469,1522648348164
sensor0_Temperature,26.95,1522648348223
sensor0_Humidity,36.22344832931194,1522648348225
sensor0_Brightness,127.0,1522648348227
sensor1_Temperature,24.84,1522648348229
sensor1_Humidity,35.730168806908644,1522648348230
sensor1_Brightness,155.0,1522648348231
InferredPresence,false,1522648348944
SoundCenter0,62.52238396343099,1522648351118
SoundCenter1,57.31089316887638,1522648351120
SoundCenter2,56.35978086133026,1522648351121
sensor0_Temperature,26.95,1522648354544
sensor0_Humidity,36.22344832931194,1522648354547
sensor0_Brightness,272.0,1522648354549
sensor1_Temperature,24.84,1522648354550
sensor1_Humidity,35.730168806908644,1522648354551
sensor1_Brightness,155.0,1522648354552
SoundWall0,59.43935503690253,1522648355890
SoundWall1,64.41601188410253,1522648355899
SoundWall2,64.52809741097121,1522648355906
SoundWindow0,64.39923387406469,1522648358163
SoundWindow1,55.95035408447708,1522648358165
sensor0_Temperature,26.95,1522648360866
sensor0_Humidity,36.22344832931194,1522648360868
sensor0_Brightness,272.0,1522648360870
sensor1_Temperature,24.84,1522648360871
sensor1_Humidity,35.730168806908644,1522648360876
sensor1_Brightness,307.0,1522648360877
SoundCenter0,61.93271338500756,1522648361118
SoundCenter1,57.1183163438964,1522648361120
SoundCenter2,56.66508019851961,1522648361121
SoundWall0,59.57077763775471,1522648365890
SoundWall1,64.4849826438266,1522648365899
SoundWall2,64.9946102065038,1522648365911
sensor0_Temperature,26.95,1522648367263
sensor0_Humidity,36.22344832931194,1522648367264
sensor0_Brightness,272.0,1522648367265
sensor1_Temperature,24.84,1522648367266
sensor1_Humidity,35.730168806908644,1522648367266
sensor1_Brightness,307.0,1522648367267
SoundWindow0,64.63081747679031,1522648368163
SoundWindow1,56.042719127666146,1522648368664
Mtest3,true,1522648369190
InferredPresence,true,1522648370201
SoundCenter0,62.22584356190249,1522648371118
SoundCenter1,57.40238789752795,1522648371120
SoundCenter2,57.15734782288288,1522648371121
sensor0_Temperature,26.95,1522648373588
sensor0_Humidity,36.22344832931194,1522648373590
sensor0_Brightness,272.0,1522648373592
sensor1_Temperature,24.84,1522648373594
sensor1_Humidity,35.730168806908644,1522648373595
sensor1_Brightness,307.0,1522648373597
SoundWall0,62.185998101401175,1522648375890
SoundWall1,66.15995707173438,1522648375898
SoundWall2,66.58001387132623,1522648375912
SoundWindow0,65.27453545057013,1522648378163
SoundWindow1,56.86282433468174,1522648378165
sensor0_Temperature,26.95,1522648379906
sensor0_Humidity,36.22344832931194,1522648379908
sensor0_Brightness,272.0,1522648379910
sensor1_Temperature,24.84,1522648379912
sensor1_Humidity,35.730168806908644,1522648379913
sensor1_Brightness,307.0,1522648379915
SoundCenter0,62.21790571499675,1522648381118
SoundCenter1,57.60281711609541,1522648381120
SoundCenter2,57.99595288076164,1522648381121
SoundWall0,62.30458317932211,1522648385890
SoundWall1,65.75782513314392,1522648385898
SoundWall2,65.76989448420511,1522648385912
sensor0_Temperature,26.95,1522648386207
sensor0_Humidity,36.22344832931194,1522648386209
sensor0_Brightness,272.0,1522648386211
sensor1_Temperature,24.84,1522648386213
sensor1_Humidity,35.730168806908644,1522648386214
sensor1_Brightness,307.0,1522648386216
SoundWindow0,64.74289052050558,1522648388163
SoundWindow1,56.23652993968224,1522648388167
SoundCenter0,61.3644558096122,1522648391118
SoundCenter1,57.955260004664325,1522648391120
SoundCenter2,57.82382858591768,1522648391121
sensor0_Temperature,26.95,1522648392520
sensor0_Humidity,36.22344832931194,1522648392521
sensor0_Brightness,272.0,1522648392523
sensor1_Temperature,24.84,1522648392525
sensor1_Humidity,35.730168806908644,1522648392526
sensor1_Brightness,307.0,1522648392528
seat6BOccupied,false,1522648393580
totalSeatCount,2,1522648393580
Mtest2,true,1522648394580
SoundWall0,62.118542424406634,1522648395890
SoundWall1,65.40692780592134,1522648395898
SoundWall2,66.3692238226101,1522648395914
Mtest9,true,1522648397529
SoundWindow0,65.67828496929837,1522648398163
SoundWindow1,56.20799624429373,1522648398166
Mtest8,true,1522648398529
Mtest3,true,1522648399452
Mtest1,true,1522648399452
SoundCenter0,60.201795240301706,1522648401118
SoundCenter1,58.07573149057743,1522648401120
SoundCenter2,58.46633642524002,1522648401121
sensor0_Temperature,26.95,1522648402967
sensor0_Humidity,36.22344832931194,1522648402969
sensor0_Brightness,272.0,1522648402971
sensor1_Temperature,24.84,1522648402973
sensor1_Humidity,35.730168806908644,1522648402975
sensor1_Brightness,307.0,1522648402977
SoundWall0,63.50379202531385,1522648405890
SoundWall1,66.32498290879707,1522648405899
SoundWall2,67.37681100282107,1522648405910
SeminarNumber,6,1522648407145
SoundWindow0,67.8663104961244,1522648408163
SoundWindow1,56.77432621405519,1522648408165
sensor0_Temperature,26.95,1522648409267
sensor0_Humidity,36.22344832931194,1522648409269
sensor0_Brightness,272.0,1522648409271
sensor1_Temperature,24.84,1522648409273
sensor1_Humidity,35.730168806908644,1522648409274
sensor1_Brightness,307.0,1522648409276
SoundCenter0,60.62587116945845,1522648411118
SoundCenter1,58.419554638460234,1522648411120
SoundCenter2,58.75567169762124,1522648411121
sensor0_Temperature,26.95,1522648415672
sensor0_Humidity,36.22344832931194,1522648415675
sensor0_Brightness,272.0,1522648415677
sensor1_Temperature,24.84,1522648415678
sensor1_Humidity,35.730168806908644,1522648415680
sensor1_Brightness,307.0,1522648415682
SoundWall0,62.33832191939414,1522648415890
SoundWall1,65.38859010589744,1522648415899
SoundWall2,66.60138313583722,1522648415910
SoundWindow0,67.19152947598413,1522648418163
SoundWindow1,56.54000083000028,1522648418166
SoundCenter0,61.234783586744605,1522648421118
SoundCenter1,58.41249138797933,1522648421120
SoundCenter2,58.51538676274085,1522648421121
sensor0_Temperature,26.95,1522648421980
sensor0_Humidity,36.22344832931194,1522648421982
sensor0_Brightness,278.0,1522648421985
sensor1_Temperature,24.84,1522648421986
sensor1_Humidity,35.730168806908644,1522648421987
sensor1_Brightness,309.0,1522648421989
Mtest2,true,1522648424846
SoundWall0,63.03947704653745,1522648425890
SoundWall1,66.01449493270665,1522648425898
SoundWall2,65.96395340537192,1522648425904
Mtest9,true,1522648427786
seat6AOccupied,false,1522648427786
totalSeatCount,1,1522648427786
SoundWindow0,67.17696174828752,1522648428163
SoundWindow1,57.04940497332692,1522648428167
sensor0_Temperature,26.95,1522648428275
sensor0_Humidity,36.22344832931194,1522648428277
sensor0_Brightness,278.0,1522648428278
sensor1_Temperature,24.84,1522648428279
sensor1_Humidity,35.730168806908644,1522648428280
sensor1_Brightness,309.0,1522648428280
Mtest8,true,1522648428786
Mtest1,true,1522648430049
Mtest3,true,1522648430049
SoundCenter0,61.364092020979605,1522648431118
SoundCenter1,58.596432873132706,1522648431120
SoundCenter2,58.300559311224426,1522648431121
sensor0_Temperature,26.95,1522648434556
sensor0_Humidity,36.22344832931194,1522648434558
sensor0_Brightness,278.0,1522648434559
sensor1_Temperature,24.84,1522648434561
sensor1_Humidity,35.730168806908644,1522648434563
sensor1_Brightness,309.0,1522648434564
SoundWall0,63.51627008122492,1522648435890
SoundWall1,66.44509366334262,1522648435900
SoundWall2,65.84514988604731,1522648435911
SoundWindow0,66.46021169835072,1522648438163
SoundWindow1,56.81239022606893,1522648438165
sensor0_Temperature,26.95,1522648440892
sensor0_Humidity,36.22344832931194,1522648440894
sensor0_Brightness,278.0,1522648440896
sensor1_Temperature,24.84,1522648440897
sensor1_Humidity,35.730168806908644,1522648440898
sensor1_Brightness,309.0,1522648440900
SoundCenter0,63.410817296546675,1522648441118
SoundCenter1,60.61997019968143,1522648441120
SoundCenter2,59.542028174221954,1522648441121
SoundWall0,64.28361507434745,1522648445890
SoundWall1,67.61281682060812,1522648445899
SoundWall2,67.23869469873291,1522648445913
sensor0_Temperature,26.95,1522648447217
sensor0_Humidity,36.22344832931194,1522648447219
sensor0_Brightness,278.0,1522648447222
sensor1_Temperature,24.84,1522648447223
sensor1_Humidity,35.730168806908644,1522648447225
sensor1_Brightness,309.0,1522648447226
SoundWindow0,67.86862940495072,1522648448163
SoundWindow1,58.111542601651905,1522648448167
SoundCenter0,64.24345915115165,1522648451118
SoundCenter1,61.21458704586833,1522648451120
SoundCenter2,60.38767728590138,1522648451121
SeminarNumber,5,1522648453418
sensor0_Temperature,26.95,1522648453545
sensor0_Humidity,36.22344832931194,1522648453548
sensor0_Brightness,278.0,1522648453550
sensor1_Temperature,24.84,1522648453551
sensor1_Humidity,35.730168806908644,1522648453553
sensor1_Brightness,309.0,1522648453554
SeminarNumber,4,1522648454282
SoundWall0,66.04988385700526,1522648455890
SoundWall1,68.93030071506733,1522648455898
SoundWall2,67.5704119409897,1522648455912
SoundWindow0,67.20928140002607,1522648458163
SoundWindow1,58.15898250783603,1522648458165
Mtest3,true,1522648460611
SoundCenter0,63.66528173872957,1522648461118
SoundCenter1,60.690392384916315,1522648461120
SoundCenter2,60.182215384893986,1522648461121
Mtest2,false,1522648461611
sensor0_Temperature,26.95,1522648463919
sensor0_Humidity,36.22344832931194,1522648463921
sensor0_Brightness,278.0,1522648463923
sensor1_Temperature,24.84,1522648463925
sensor1_Humidity,35.730168806908644,1522648463926
sensor1_Brightness,309.0,1522648463928
Mtest9,false,1522648464650
Mtest8,false,1522648464650
SoundWall0,64.38756114397967,1522648465890
SoundWall1,67.61579536398743,1522648465899
SoundWall2,65.79925449101295,1522648465906
Mtest1,false,1522648466650
SoundWindow0,65.36779343759888,1522648468163
SoundWindow1,57.25725839441436,1522648468167
sensor0_Temperature,26.95,1522648470272
sensor0_Humidity,36.22344832931194,1522648470274
sensor0_Brightness,278.0,1522648470277
sensor1_Temperature,24.84,1522648470278
sensor1_Humidity,35.730168806908644,1522648470279
sensor1_Brightness,309.0,1522648470281
SoundCenter0,62.38126489488738,1522648471118
SoundCenter1,58.938338073988334,1522648471120
SoundCenter2,58.7501717070479,1522648471121
SoundWall0,63.82130122878425,1522648475890
SoundWall1,67.0574418001049,1522648475899
SoundWall2,65.05373203801624,1522648475906
sensor0_Temperature,26.95,1522648476572
sensor0_Humidity,36.22344832931194,1522648476574
sensor0_Brightness,278.0,1522648476577
sensor1_Temperature,24.84,1522648476578
sensor1_Humidity,35.730168806908644,1522648476579
sensor1_Brightness,309.0,1522648476581
SoundWindow0,64.99096597859656,1522648478163
SoundWindow1,56.92060715408366,1522648478288
SoundCenter0,60.90111114439102,1522648481118
SoundCenter1,57.73302427613963,1522648481120
SoundCenter2,57.80280488156675,1522648481121
sensor0_Temperature,26.95,1522648482880
sensor0_Humidity,36.22344832931194,1522648482882
sensor0_Brightness,283.0,1522648482886
sensor1_Temperature,24.84,1522648482888
sensor1_Humidity,35.730168806908644,1522648482890
sensor1_Brightness,309.0,1522648482892
SoundWall0,62.4569922775453,1522648485890
SoundWall1,65.84742975771752,1522648485900
SoundWall2,64.50792789861757,1522648485917
SoundWindow0,65.03362613494731,1522648488163
SoundWindow1,56.17372578113166,1522648488165
sensor0_Temperature,26.95,1522648489178
sensor0_Humidity,36.22344832931194,1522648489179
sensor0_Brightness,283.0,1522648489181
sensor1_Temperature,24.84,1522648489182
sensor1_Humidity,35.85348868750947,1522648489183
sensor1_Brightness,312.0,1522648489183
SoundCenter0,60.42509019741343,1522648491118
SoundCenter1,56.37941444709962,1522648491120
SoundCenter2,56.46381541145768,1522648491121
sensor0_Temperature,26.95,1522648495509
sensor0_Humidity,36.22344832931194,1522648495511
sensor0_Brightness,283.0,1522648495514
sensor1_Temperature,24.84,1522648495515
sensor1_Humidity,35.85348868750947,1522648495517
sensor1_Brightness,312.0,1522648495518
SoundWall0,59.19959208258146,1522648495890
SoundWall1,63.44742431301479,1522648495900
SoundWall2,62.67250488671936,1522648495915
Mtest3,false,1522648497650
SoundWindow0,64.27484419682692,1522648498163
SoundWindow1,55.38986768268601,1522648498168
seat5BOccupied,false,1522648500650
totalSeatCount,0,1522648500650
SoundCenter0,58.788308498994475,1522648501118
SoundCenter1,53.49929540903004,1522648501120
SoundCenter2,54.03859359980238,1522648501121
sensor0_Temperature,26.95,1522648501875
sensor0_Humidity,36.22344832931194,1522648501877
sensor0_Brightness,283.0,1522648501879
sensor1_Temperature,24.84,1522648501881
sensor1_Humidity,35.85348868750947,1522648501883
sensor1_Brightness,312.0,1522648501885
SoundWall0,57.11083781535004,1522648505891
SoundWall1,60.90605201862513,1522648505899
SoundWall2,60.33331241323834,1522648505916
SoundWindow0,63.2104322799141,1522648508163
SoundWindow1,53.90016942852535,1522648508166
sensor0_Temperature,26.95,1522648508201
sensor0_Humidity,36.22344832931194,1522648508204
sensor0_Brightness,283.0,1522648508206
sensor1_Temperature,24.84,1522648508207
sensor1_Humidity,35.85348868750947,1522648508209
sensor1_Brightness,312.0,1522648508210
SoundCenter0,58.00594343881343,1522648511118
SoundCenter1,51.64107020208098,1522648511120
SoundCenter2,52.12542011641339,1522648511121
sensor0_Temperature,26.95,1522648514499
sensor0_Humidity,36.22344832931194,1522648514501
sensor0_Brightness,283.0,1522648514503
sensor1_Temperature,24.84,1522648514505
sensor1_Humidity,35.85348868750947,1522648514506
sensor1_Brightness,312.0,1522648514508
SoundWall0,53.94971307829281,1522648515890
SoundWall1,58.353657335223744,1522648515899
SoundWall2,58.16214671269839,1522648515912
SoundWindow0,63.68653161042044,1522648518163
SoundWindow1,53.36016440936249,1522648518289
sensor0_Temperature,26.95,1522648520820
sensor0_Humidity,36.22344832931194,1522648520822
sensor0_Brightness,283.0,1522648520824
sensor1_Temperature,24.84,1522648520826
sensor1_Humidity,35.85348868750947,1522648520827
sensor1_Brightness,312.0,1522648520828
SoundCenter0,57.97329752304923,1522648521118
SoundCenter1,50.64054779540824,1522648521120
SoundCenter2,50.64524063027372,1522648521121
SoundWall0,53.74394341609517,1522648525890
SoundWall1,58.19417629999298,1522648525898
SoundWall2,56.92383633696762,1522648525906
SoundWindow0,64.51349394571088,1522648528163
SoundWindow1,53.529154470069706,1522648528170
sensor0_Temperature,26.95,1522648530132
sensor0_Humidity,36.22344832931194,1522648530134
sensor0_Brightness,283.0,1522648530135
sensor1_Temperature,24.84,1522648530137
sensor1_Humidity,35.85348868750947,1522648530138
sensor1_Brightness,312.0,1522648530139
SoundCenter0,59.033616705893614,1522648531118
SoundCenter1,51.727037238177,1522648531120
SoundCenter2,51.05790600153215,1522648531121
SoundWall0,54.20924551068232,1522648535890
SoundWall1,58.41259351917098,1522648535900
SoundWall2,55.69075394465155,1522648535906
sensor0_Temperature,26.95,1522648536528
sensor0_Humidity,36.22344832931194,1522648536530
sensor0_Brightness,283.0,1522648536531
sensor1_Temperature,24.84,1522648536533
sensor1_Humidity,35.85348868750947,1522648536534
sensor1_Brightness,312.0,1522648536535
SoundWindow0,64.29760910880849,1522648538163
SoundWindow1,53.58854424520069,1522648538168
SoundCenter0,60.71359567615155,1522648541118
SoundCenter1,52.95421551846824,1522648541120
SoundCenter2,51.730404581929875,1522648541121
sensor0_Temperature,26.95,1522648542819
sensor0_Humidity,36.22344832931194,1522648542821
sensor0_Brightness,283.0,1522648542823
sensor1_Temperature,24.84,1522648542825
sensor1_Humidity,35.85348868750947,1522648542826
sensor1_Brightness,312.0,1522648542828
SoundWall0,55.164967760983274,1522648545890
SoundWall1,58.908388194432305,1522648545899
SoundWall2,55.85132447190784,1522648545916
SoundWindow0,63.482742427378525,1522648548163
SoundWindow1,53.84352746857037,1522648548169
SoundCenter0,61.41759531402026,1522648551118
SoundCenter1,53.61463196895788,1522648551120
SoundCenter2,52.7053718274237,1522648551121
sensor0_Temperature,26.95,1522648553207
sensor0_Humidity,36.22344832931194,1522648553209
sensor0_Brightness,279.0,1522648553211
sensor1_Temperature,24.84,1522648553213
sensor1_Humidity,35.85348868750947,1522648553215
sensor1_Brightness,306.0,1522648553217
SoundWall0,56.012401760766856,1522648555890
SoundWall1,58.99782063354858,1522648555899
SoundWall2,56.04048918803185,1522648555916
SoundWindow0,63.80146802881321,1522648558163
SoundWindow1,53.93465116439874,1522648558168
sensor0_Temperature,26.95,1522648559551
sensor0_Humidity,36.22344832931194,1522648559553
sensor0_Brightness,279.0,1522648559555
sensor1_Temperature,24.84,1522648559556
sensor1_Humidity,35.85348868750947,1522648559557
sensor1_Brightness,306.0,1522648559558
SoundCenter0,61.4818509466616,1522648561118
SoundCenter1,53.77805979055463,1522648561120
SoundCenter2,52.81751857497973,1522648561121
sensor0_Temperature,26.95,1522648565860
sensor0_Humidity,36.22344832931194,1522648565862
sensor0_Brightness,279.0,1522648565864
sensor1_Temperature,24.84,1522648565865
sensor1_Humidity,35.85348868750947,1522648565867
sensor1_Brightness,306.0,1522648565868
SoundWall0,56.35617995226705,1522648565890
SoundWall1,59.28189166103548,1522648565899
SoundWall2,56.60628946316245,1522648565906
SoundWindow0,62.349446039623174,1522648568163
SoundWindow1,53.950876180000094,1522648568166
SoundCenter0,61.3510410039452,1522648571118
SoundCenter1,53.82549969673875,1522648571120
SoundCenter2,52.74966355785649,1522648571121
sensor0_Temperature,26.95,1522648572179
sensor0_Humidity,36.22344832931194,1522648572181
sensor0_Brightness,279.0,1522648572183
sensor1_Temperature,24.84,1522648572185
sensor1_Humidity,35.85348868750947,1522648572187
sensor1_Brightness,306.0,1522648572188
SoundWall0,56.80701178611994,1522648575890
SoundWall1,59.46257739656293,1522648575899
SoundWall2,57.36490884194613,1522648575915
SoundWindow0,62.08313658300641,1522648578163
SoundWindow1,54.016454231723436,1522648578165
SoundCenter0,61.167174453941314,1522648581118
SoundCenter1,53.96853938515362,1522648581120
SoundCenter2,52.9201905919858,1522648581121
sensor0_Temperature,26.95,1522648582583
sensor0_Humidity,36.22344832931194,1522648582585
sensor0_Brightness,279.0,1522648582586
sensor1_Temperature,24.84,1522648582588
sensor1_Humidity,35.85348868750947,1522648582589
sensor1_Brightness,306.0,1522648582590
SoundWall0,56.84417242997583,1522648585890
SoundWall1,59.42845496080436,1522648585904
SoundWall2,58.407844896888164,1522648585917
SoundWindow0,61.191561923468406,1522648588163
SoundWindow1,53.845802346158415,1522648588175
sensor0_Temperature,26.95,1522648588941
sensor0_Humidity,36.22344832931194,1522648588943
sensor0_Brightness,279.0,1522648588945
sensor1_Temperature,24.84,1522648588947
sensor1_Humidity,35.85348868750947,1522648588948
sensor1_Brightness,306.0,1522648588949
SoundCenter0,60.26158146408928,1522648591118
SoundCenter1,53.152779136401755,1522648591120
SoundCenter2,52.25803795248947,1522648591121
sensor0_Temperature,26.95,1522648595253
sensor0_Humidity,36.22344832931194,1522648595255
sensor0_Brightness,279.0,1522648595257
sensor1_Temperature,24.84,1522648595258
sensor1_Humidity,35.85348868750947,1522648595259
sensor1_Brightness,306.0,1522648595260
SoundWall0,57.0595260011105,1522648595890
SoundWall1,59.161837244024674,1522648595899
SoundWall2,58.53123234643229,1522648595911
SoundWindow0,60.591695202374325,1522648598163
SoundWindow1,53.683673015265434,1522648598168
SoundCenter0,59.41160200469723,1522648601118
SoundCenter1,52.01129469574429,1522648601120
SoundCenter2,51.6170740840375,1522648601121
sensor0_Temperature,26.95,1522648601549
sensor0_Humidity,36.22344832931194,1522648601551
sensor0_Brightness,279.0,1522648601553
sensor1_Temperature,24.84,1522648601554
sensor1_Humidity,35.85348868750947,1522648601556
sensor1_Brightness,306.0,1522648601557
SoundWall0,55.87653173235837,1522648605890
SoundWall1,58.35613569033235,1522648605899
SoundWall2,57.721190352879574,1522648605911
SoundWindow0,59.65312965637906,1522648608163
SoundWindow1,53.258191329437985,1522648608166
SoundCenter0,58.39786339624085,1522648611118
SoundCenter1,51.39415136173529,1522648611120
SoundCenter2,50.88548322066069,1522648611121
sensor0_Temperature,26.95,1522648611918
sensor0_Humidity,36.22344832931194,1522648611919
sensor0_Brightness,266.0,1522648611920
sensor1_Temperature,24.84,1522648611921
sensor1_Humidity,35.85348868750947,1522648611922
sensor1_Brightness,306.0,1522648611922
SoundWall0,55.45913047220122,1522648615890
SoundWall1,58.33453196952111,1522648615899
SoundWall2,57.56694537098119,1522648615912
SoundWindow0,59.265983170004915,1522648618163
SoundWindow1,53.12865883723397,1522648618168
sensor0_Temperature,26.95,1522648618241
sensor0_Humidity,36.22344832931194,1522648618243
sensor0_Brightness,266.0,1522648618245
sensor1_Temperature,24.84,1522648618247
sensor1_Humidity,35.97680856811029,1522648618248
sensor1_Brightness,294.0,1522648618249
SoundCenter0,58.05736011018656,1522648621118
SoundCenter1,50.902589767493616,1522648621120
SoundCenter2,50.618951676113305,1522648621121
sensor0_Temperature,26.95,1522648624576
sensor0_Humidity,36.22344832931194,1522648624578
sensor0_Brightness,266.0,1522648624579
sensor1_Temperature,24.84,1522648624581
sensor1_Humidity,35.97680856811029,1522648624583
sensor1_Brightness,294.0,1522648624584
SoundWall0,55.314422153769485,1522648625890
SoundWall1,58.36440335550589,1522648625899
SoundWall2,58.2359572192267,1522648625924
SoundWindow0,59.610071625100254,1522648628163
SoundWindow1,53.128139807119354,1522648628169
SoundCenter0,57.543609184788785,1522648631118
SoundCenter1,50.58282512641348,1522648631120
SoundCenter2,50.73907848849692,1522648631121
sensor0_Temperature,26.95,1522648634958
sensor0_Humidity,36.22344832931194,1522648634960
sensor0_Brightness,266.0,1522648634962
sensor1_Temperature,24.84,1522648634963
sensor1_Humidity,35.97680856811029,1522648634964
sensor1_Brightness,294.0,1522648634966
SoundWall0,55.39526705285791,1522648635890
SoundWall1,58.633073179520466,1522648635898
SoundWall2,57.454450868635476,1522648635919
SoundWindow0,57.99640165455066,1522648638163
SoundWindow1,52.89413965031685,1522648638168
SoundCenter0,57.825205469880636,1522648641118
SoundCenter1,50.71488236146688,1522648641120
SoundCenter2,50.71896042773316,1522648641121
sensor0_Temperature,26.95,1522648641250
sensor0_Humidity,36.22344832931194,1522648641251
sensor0_Brightness,266.0,1522648641253
sensor1_Temperature,24.84,1522648641255
sensor1_Humidity,35.97680856811029,1522648641256
sensor1_Brightness,294.0,1522648641257
SoundWall0,55.27365010475383,1522648645890
SoundWall1,58.21022448479869,1522648645899
SoundWall2,57.36064801607768,1522648645915
sensor0_Temperature,26.95,1522648647558
sensor0_Humidity,36.22344832931194,1522648647560
sensor0_Brightness,266.0,1522648647562
sensor1_Temperature,24.84,1522648647563
sensor1_Humidity,35.97680856811029,1522648647565
sensor1_Brightness,294.0,1522648647566
SoundWindow0,57.15795808856904,1522648648163
SoundWindow1,52.73976170586662,1522648648165
SoundCenter0,58.40152416070248,1522648651118
SoundCenter1,50.917277972062784,1522648651120
SoundCenter2,51.22818688249472,1522648651123
sensor0_Temperature,26.95,1522648653873
sensor0_Humidity,36.22344832931194,1522648653875
sensor0_Brightness,266.0,1522648653876
sensor1_Temperature,24.84,1522648653878
sensor1_Humidity,35.97680856811029,1522648653880
sensor1_Brightness,294.0,1522648653881
SoundWall0,55.384656549442624,1522648655890
SoundWall1,58.31075498136304,1522648655898
SoundWall2,57.161141938012,1522648655904
