Entrance,null,1500353101504
UserCount,14,1500353101505
Temperature,25.54,1500353103634
Humidity,49.17203579239862,1500353103641
Brightness,1.0,1500353103649
SoundRight,62.49264882406862,1500353105390
Exit,null,1500353106454
UserCount,13,1500353106455
Exit,null,1500353107436
UserCount,12,1500353107436
Exit,null,1500353108807
UserCount,11,1500353108808
Entrance,null,1500353112919
UserCount,12,1500353112919
Entrance,null,1500353113377
UserCount,13,1500353113377
SoundRight,62.9333436109498,1500353115403
Color,white,1500353125179
LightGroup1,On,1500353125223
SoundRight,63.708433110077664,1500353125392
Color,white,1500353126309
LightGroup3,On,1500353126343
Color,red,1500353127939
Color,white,1500353130289
SoundRight,63.4134113522955,1500353135390
Seat2B,true,1500353135679
Seat3A,true,1500353135679
TotalSeatCount,2,1500353135679
InferredUserPresence,present,1500353135739
Seat2B,false,1500353140752
TotalSeatCount,1,1500353140752
Color,white,1500353142369
LightGroup2,On,1500353142427
SoundRight,63.20453307579335,1500353145390
LightGroup3,Off,1500353145429
MoveFocus,GoTour,1500353147350
Color,yellow,1500353147439
Color,yellow,1500353148862
LightGroup3,On,1500353148916
SoundRight,63.91214476595547,1500353155390
Color,white,1500353156429
Color,white,1500353156999
Seat1B,true,1500353163764
TotalSeatCount,2,1500353163764
Temperature,25.54,1500353164240
Humidity,49.17203579239862,1500353164244
Brightness,1.0,1500353164255
SoundRight,63.89605876168074,1500353165390
SoundRight,63.64321844027473,1500353175390
SoundRight,63.05293819870691,1500353185390
SoundRight,62.82306492033474,1500353195393
Seat1B,false,1500353203816
TotalSeatCount,1,1500353203816
SoundRight,62.8904243881444,1500353205390
MoveFocus,GoTour,1500353207503
Seat2A,true,1500353209584
TotalSeatCount,2,1500353209584
SoundRight,62.62278125403652,1500353215390
Seat2A,false,1500353219654
TotalSeatCount,1,1500353219654
Temperature,25.54,1500353224862
Humidity,49.29535567299943,1500353224866
Brightness,1.0,1500353224874
SoundRight,62.82647820675564,1500353225393
SoundRight,63.38247175268963,1500353235390
SoundRight,62.991291451067944,1500353245390
SoundRight,63.27859633213936,1500353255390
SoundRight,63.90855453289528,1500353265390
MoveFocus,GoTour,1500353267630
SoundRight,64.0669181053048,1500353275390
SoundRight,63.91545024373697,1500353285393
Temperature,25.54,1500353285412
Humidity,49.17203579239862,1500353285422
Brightness,1.0,1500353285427
SoundRight,64.54872686098493,1500353295392
SoundRight,64.72023820119153,1500353305390
SoundRight,64.84683965720849,1500353315392
SoundRight,64.14499331850648,1500353325390
MoveFocus,GoTour,1500353327712
SoundRight,64.31883992834227,1500353335393
SoundRight,63.85014884544137,1500353345392
Temperature,25.54,1500353348972
Humidity,49.29535567299943,1500353348977
Brightness,1.0,1500353348984
SoundRight,63.47886558445021,1500353355390
SoundRight,63.42081948616896,1500353365390
Seat2A,true,1500353374291
TotalSeatCount,2,1500353374291
SoundRight,63.07828279478577,1500353375390
Seat2B,true,1500353375512
TotalSeatCount,3,1500353375512
Seat2A,false,1500353379389
TotalSeatCount,2,1500353379389
Seat2B,false,1500353380595
TotalSeatCount,1,1500353380595
SoundRight,63.54052362559857,1500353385390
Seat2B,true,1500353385743
TotalSeatCount,2,1500353385743
MoveFocus,GoTour,1500353387839
SoundRight,63.96172433222906,1500353395390
SoundRight,64.91806133751398,1500353405390
Temperature,25.43,1500353409492
Humidity,49.04871591179778,1500353409498
Brightness,1.0,1500353409505
SoundRight,63.749049502106125,1500353415390
SoundRight,63.29094364022952,1500353425390
SoundRight,63.092528940245685,1500353435390
SoundRight,62.87171737769519,1500353445390
MoveFocus,GoTour,1500353447931
SoundRight,61.787948373256405,1500353455390
SoundRight,61.636555250327774,1500353465390
Temperature,25.54,1500353470029
Humidity,49.29535567299943,1500353470035
Brightness,1.0,1500353470044
SoundRight,62.08424894505993,1500353475390
SoundRight,61.91392346648846,1500353485390
SoundRight,62.2546559767026,1500353495392
SoundRight,62.89451162892614,1500353505390
MoveFocus,GoTour,1500353508028
SoundRight,64.21140439505446,1500353515390
SoundRight,63.85373207226042,1500353525390
Temperature,25.54,1500353530607
Humidity,49.17203579239862,1500353530614
Brightness,1.0,1500353530622
Seat2A,true,1500353533942
TotalSeatCount,3,1500353533942
SoundRight,64.55982097026371,1500353535393
Seat2A,false,1500353539029
TotalSeatCount,2,1500353539029
SoundRight,65.08465129539508,1500353545393
SoundRight,64.46109556403273,1500353555403
SoundRight,64.96556232670034,1500353565390
MoveFocus,GoTour,1500353568145
Seat2A,true,1500353569090
TotalSeatCount,3,1500353569090
Seat2A,false,1500353574158
TotalSeatCount,2,1500353574158
SoundRight,64.89250169641284,1500353575390
SoundRight,65.10726674839296,1500353585390
Temperature,25.54,1500353591261
Humidity,49.17203579239862,1500353591267
Brightness,1.0,1500353591283
SoundRight,64.83981429803626,1500353595393
SoundRight,64.30536045992966,1500353605390
SoundRight,63.727170627324064,1500353615390
SoundRight,62.58209356307662,1500353625390
MoveFocus,GoTour,1500353628262
SoundRight,62.70406649253045,1500353635390
SoundRight,62.39679980403858,1500353645392
Temperature,25.54,1500353651882
Humidity,49.29535567299943,1500353651888
Brightness,1.0,1500353651897
SoundRight,61.93643075704606,1500353655403
SoundRight,62.27077365341044,1500353665403
SoundRight,62.85371678529545,1500353675390
SoundRight,63.634773618324,1500353685390
MoveFocus,GoTour,1500353688349
SoundRight,63.369472670242764,1500353695390
SoundRight,64.12214050396952,1500353705390
SoundRight,64.93060060142385,1500353715393
Temperature,25.54,1500353719466
Humidity,49.29535567299943,1500353719473
Brightness,1.0,1500353719480
SoundRight,65.23548153630826,1500353725403
Seat5B,false,1500353728320
TotalSeatCount,2,1500353728320
SoundRight,65.93979751304987,1500353735392
SoundRight,64.90584783403891,1500353745393
MoveFocus,GoTour,1500353748431
SoundRight,64.6234265850627,1500353755393
SoundRight,63.935392322337115,1500353765393
SoundRight,63.62213848990226,1500353775390
Temperature,25.43,1500353780084
Humidity,49.04871591179778,1500353780090
Brightness,1.0,1500353780097
SoundRight,63.33047512751011,1500353785390
SoundRight,62.95329698728324,1500353795403
SoundRight,63.439871987434614,1500353805392
MoveFocus,GoTour,1500353808528
SoundRight,63.48199050108867,1500353815393
SoundRight,63.765618724435846,1500353825390
SoundRight,63.70363051709125,1500353835390
Temperature,25.54,1500353840617
Humidity,49.17203579239862,1500353840624
Brightness,1.0,1500353840630
SoundRight,63.61794843496458,1500353845390
SoundRight,62.96902797576999,1500353855390
SoundRight,63.025844082364365,1500353865390
MoveFocus,GoTour,1500353868620
SoundRight,63.407777564534264,1500353875390
SoundRight,62.78432123344382,1500353885390
Seat2B,false,1500353889301
TotalSeatCount,1,1500353889301
Seat2B,true,1500353894394
TotalSeatCount,2,1500353894394
SoundRight,62.51169005686357,1500353895390
Temperature,25.54,1500353901225
Humidity,49.17203579239862,1500353901232
Brightness,1.0,1500353901239
SoundRight,63.27836560636794,1500353905390
SoundRight,64.20677074950298,1500353915390
SoundRight,64.25377385170323,1500353925390
MoveFocus,GoTour,1500353928722
SoundRight,63.14726634014984,1500353935390
SoundRight,63.375955371803485,1500353945390
SoundRight,63.96003869993418,1500353955392
Temperature,25.54,1500353961848
Humidity,49.29535567299943,1500353961854
Brightness,1.0,1500353961861
SoundRight,63.398783472229745,1500353965393
SoundRight,62.59664701454815,1500353975393
SoundRight,61.71871364901296,1500353985393
MoveFocus,GoTour,1500353988819
SoundRight,62.227556675734846,1500353995393
SoundRight,61.86995195187181,1500354005393
SoundRight,61.19495823752756,1500354015390
Temperature,25.54,1500354022371
Humidity,49.29535567299943,1500354022377
Brightness,1.0,1500354022384
SoundRight,60.724497433619625,1500354025390
SoundRight,61.131093450449875,1500354035390
SoundRight,62.3297289658022,1500354045393
MoveFocus,GoTour,1500354048941
Seat2B,false,1500354049146
TotalSeatCount,1,1500354049146
SoundRight,63.01124388801825,1500354055390
SoundRight,63.41065755308268,1500354065390
SoundRight,63.28531574204293,1500354075390
Temperature,25.54,1500354082891
Humidity,49.17203579239862,1500354082901
Brightness,1.0,1500354082907
SoundRight,63.81761695885243,1500354085390
SoundRight,63.85822610385966,1500354095390
SoundRight,64.11438218320923,1500354105390
MoveFocus,GoTour,1500354109088
SoundRight,64.06683095649625,1500354115390
Seat2A,true,1500354116812
TotalSeatCount,2,1500354116812
Seat2A,false,1500354121890
TotalSeatCount,1,1500354121890
SoundRight,65.13980779723732,1500354125390
SoundRight,65.8674613677103,1500354135403
Temperature,25.54,1500354143713
Humidity,49.17203579239862,1500354143723
Brightness,1.0,1500354143729
SoundRight,66.2203856641007,1500354145390
SoundRight,66.70618503386206,1500354155393
SoundRight,67.26580023432044,1500354165390
MoveFocus,GoTour,1500354169180
SoundRight,67.79654839467503,1500354175390
SoundRight,66.20617616725013,1500354185390
SoundRight,66.27802332473769,1500354195393
Temperature,25.54,1500354204335
Humidity,49.17203579239862,1500354204345
Brightness,1.0,1500354204351
SoundRight,66.15142182203803,1500354205390
SoundRight,66.53509489696687,1500354215390
Seat2B,true,1500354223794
TotalSeatCount,2,1500354223799
SoundRight,65.66367780685074,1500354225390
MoveFocus,GoTour,1500354229262
SoundRight,65.28665160216488,1500354235393
SoundRight,65.83386212275974,1500354245390
SoundRight,65.4229707428091,1500354255392
Temperature,25.54,1500354264857
Humidity,49.17203579239862,1500354264863
Brightness,1.0,1500354264869
SoundRight,64.74397017578775,1500354265393
SoundRight,64.03803389163421,1500354275390
SoundRight,64.5798353851108,1500354285390
MoveFocus,GoTour,1500354289374
SoundRight,63.841760782202705,1500354295390
SoundRight,63.29799163806057,1500354305390
SoundRight,62.958714476379065,1500354315390
Temperature,25.54,1500354325374
Humidity,49.29535567299943,1500354325380
Brightness,1.0,1500354325387
SoundRight,63.36685483572167,1500354325390
SoundRight,63.4960784151345,1500354335390
SoundRight,61.56805411002468,1500354345390
MoveFocus,GoTour,1500354349471
SoundRight,60.99089522501682,1500354355390
SoundRight,61.44084104360381,1500354365393
SoundRight,61.95905419756621,1500354375390
SoundRight,62.326740548605216,1500354385393
Temperature,25.54,1500354385986
Humidity,49.29535567299943,1500354385992
Brightness,1.0,1500354386000
SoundRight,62.6035360575153,1500354395393
Seat2B,false,1500354403505
TotalSeatCount,1,1500354403505
SoundRight,63.8630308341556,1500354405393
Seat2B,true,1500354408618
TotalSeatCount,2,1500354408618
MoveFocus,GoTour,1500354409578
Seat2B,false,1500354414436
TotalSeatCount,1,1500354414436
SoundRight,63.963612636634494,1500354415393
SoundRight,62.52372702094419,1500354425390
Seat2B,true,1500354429534
TotalSeatCount,2,1500354429534
SoundRight,61.575504371200665,1500354435390
SoundRight,60.37273610124501,1500354445390
Temperature,25.54,1500354446579
Humidity,49.29535567299943,1500354446585
Brightness,1.0,1500354446603
Seat2B,false,1500354449550
TotalSeatCount,1,1500354449550
SoundRight,59.519143183503715,1500354455393
SoundRight,58.4260610803452,1500354465393
MoveFocus,GoTour,1500354469690
SoundRight,58.363448983502366,1500354475390
SoundRight,58.338469554425984,1500354485390
Seat2B,true,1500354494554
TotalSeatCount,2,1500354494554
SoundRight,58.315243473877686,1500354495393
SoundRight,58.224004464758714,1500354505390
Temperature,25.54,1500354507182
Humidity,49.17203579239862,1500354507189
Brightness,1.0,1500354507195
SoundRight,57.97932302857896,1500354515390
Seat2A,true,1500354516070
TotalSeatCount,3,1500354516070
Seat2A,false,1500354521168
TotalSeatCount,2,1500354521168
SoundRight,58.15707717489445,1500354525390
MoveFocus,GoTour,1500354529792
SoundRight,59.635013012962226,1500354535390
SoundRight,60.79444560802539,1500354545393
SoundRight,61.46462443532833,1500354555393
SoundRight,61.36278914420913,1500354565390
Temperature,25.54,1500354567757
Humidity,49.17203579239862,1500354567763
Brightness,1.0,1500354567770
Seat2A,true,1500354571410
TotalSeatCount,3,1500354571410
SoundRight,61.86562268641943,1500354575392
Seat2A,false,1500354576497
TotalSeatCount,2,1500354576497
SoundRight,62.271321119666695,1500354585393
MoveFocus,GoTour,1500354589899
SoundRight,61.81615540564107,1500354595390
Seat2A,true,1500354601551
TotalSeatCount,3,1500354601551
SoundRight,61.229776186936604,1500354605393
Seat2A,false,1500354606643
TotalSeatCount,2,1500354606643
SoundRight,60.86531114102811,1500354615392
SoundRight,60.77281424255217,1500354625390
Temperature,25.54,1500354628379
Humidity,49.17203579239862,1500354628383
Brightness,1.0,1500354628394
Seat2B,false,1500354629450
TotalSeatCount,1,1500354629450
SoundRight,61.038263252958025,1500354635393
SoundRight,60.96363440296315,1500354645393
MoveFocus,GoTour,1500354650026
SoundRight,60.38806381523523,1500354655392
SoundRight,60.39589230502475,1500354665390
SoundRight,61.051052392224626,1500354675390
SoundRight,60.850397726477574,1500354685393
Temperature,25.54,1500354689048
Humidity,49.17203579239862,1500354689058
Brightness,1.0,1500354689064
SoundRight,60.85314100988593,1500354695393
SoundRight,60.47287253993989,1500354705390
MoveFocus,GoTour,1500354710138
SoundRight,61.15715637939149,1500354715392
SoundRight,62.16257201341126,1500354725393
SoundRight,61.724361787925936,1500354735392
SoundRight,63.32314083628767,1500354745390
Temperature,25.54,1500354749632
Humidity,49.17203579239862,1500354749642
Brightness,1.0,1500354749648
SoundRight,63.05474858863253,1500354755393
SoundRight,62.86974777574157,1500354765390
Seat2A,true,1500354766358
TotalSeatCount,2,1500354766363
MoveFocus,GoTour,1500354770251
Seat2A,false,1500354771451
TotalSeatCount,1,1500354771451
SoundRight,62.46207135223566,1500354775390
SoundRight,61.42756767154229,1500354785390
SoundRight,61.40952568308452,1500354795390
Seat2B,true,1500354799326
TotalSeatCount,2,1500354799326
Seat2B,false,1500354804449
TotalSeatCount,1,1500354804449
SoundRight,60.81690578231431,1500354805390
Temperature,25.54,1500354810244
Humidity,49.29535567299943,1500354810255
Brightness,1.0,1500354810267
SoundRight,60.14268973662458,1500354815390
SoundRight,60.58847347563195,1500354825390
MoveFocus,GoTour,1500354830343
SoundRight,60.31449308464263,1500354835390
SoundRight,61.08719120598957,1500354845390
SoundRight,60.79448955187426,1500354855390
SoundRight,59.628028597941544,1500354865390
Temperature,25.54,1500354870848
Humidity,49.17203579239862,1500354870860
Brightness,1.0,1500354870866
SoundRight,59.2062831687096,1500354875390
SoundRight,58.81028096304138,1500354885390
MoveFocus,GoTour,1500354890440
SoundRight,59.00124191991488,1500354895392
SoundRight,57.394214819247885,1500354905390
SoundRight,57.01775633173429,1500354915393
SoundRight,57.01317484017327,1500354925390
Temperature,25.54,1500354931562
Humidity,49.29535567299943,1500354931568
Brightness,1.0,1500354931582
SoundRight,56.62592327138359,1500354935390
SoundRight,56.12307457209127,1500354945390
MoveFocus,GoTour,1500354950557
SoundRight,55.6106235670673,1500354955392
SoundRight,57.133654695553666,1500354965390
SoundRight,57.191885576051234,1500354975403
Seat2B,true,1500354979187
TotalSeatCount,2,1500354979187
SoundRight,58.063647451687494,1500354985403
Temperature,25.54,1500354992120
Humidity,49.29535567299943,1500354992126
Brightness,1.0,1500354992144
SoundRight,58.81050666353254,1500354995390
SoundRight,60.270286592375605,1500355005390
MoveFocus,GoTour,1500355010669
Seat2B,false,1500355014206
TotalSeatCount,1,1500355014206
SoundRight,62.162993217396334,1500355015390
Seat2B,true,1500355024301
TotalSeatCount,2,1500355024301
SoundRight,62.31724403755751,1500355025390
Seat2B,false,1500355029374
TotalSeatCount,1,1500355029374
Seat2B,true,1500355034471
TotalSeatCount,2,1500355034471
SoundRight,63.744225613223996,1500355035392
SoundRight,64.25926814567988,1500355045390
Seat2B,false,1500355049554
TotalSeatCount,1,1500355049554
Temperature,25.54,1500355052685
Humidity,49.17203579239862,1500355052696
Brightness,1.0,1500355052723
Seat2B,true,1500355054637
TotalSeatCount,2,1500355054637
SoundRight,64.68080093371776,1500355055390
SoundRight,64.12198503016802,1500355065403
MoveFocus,GoTour,1500355070756
SoundRight,62.41791063095381,1500355075390
SoundRight,62.09576360652542,1500355085390
SoundRight,61.782719863702205,1500355095393
SoundRight,61.53967020131406,1500355105390
Temperature,25.54,1500355113255
Humidity,49.17203579239862,1500355113266
Brightness,1.0,1500355113273
SoundRight,61.11621397394753,1500355115390
SoundRight,61.60687444277411,1500355125390
MoveFocus,GoTour,1500355130888
SoundRight,62.107015979279076,1500355135390
SoundRight,61.65641545852986,1500355145390
SoundRight,62.07897855982187,1500355155390
SoundRight,61.214084627792126,1500355165390
Temperature,25.54,1500355173786
Humidity,49.17203579239862,1500355173796
Brightness,1.0,1500355173802
SoundRight,62.09868926716165,1500355175390
SoundRight,61.36179391076222,1500355185390
MoveFocus,GoTour,1500355191010
SoundRight,61.77260212958573,1500355195390
SoundRight,61.81194771302456,1500355205390
SoundRight,62.05243583231666,1500355215390
SoundRight,62.8078522510727,1500355225390
Temperature,25.54,1500355234503
Humidity,49.17203579239862,1500355234513
Brightness,1.0,1500355234519
SoundRight,61.30810561305609,1500355235390
Seat2B,false,1500355244298
TotalSeatCount,1,1500355244298
SoundRight,62.74892061574842,1500355245390
MoveFocus,GoTour,1500355251107
SoundRight,63.31006549019048,1500355255393
SoundRight,63.686531608592674,1500355265390
SoundRight,63.139677184947395,1500355275390
Seat2B,true,1500355279367
TotalSeatCount,2,1500355279372
SoundRight,63.767465345009995,1500355285390
Temperature,25.54,1500355295058
Humidity,49.17203579239862,1500355295068
Brightness,1.0,1500355295074
SoundRight,64.25984110574217,1500355295390
SoundRight,62.94286753296554,1500355305390
MoveFocus,GoTour,1500355311179
SoundRight,62.426985648802805,1500355315390
Seat2B,false,1500355324356
TotalSeatCount,1,1500355324356
SoundRight,61.74200155595347,1500355325390
SoundRight,61.62050361887919,1500355335390
SoundRight,60.8634923735614,1500355345390
Seat2B,true,1500355354387
TotalSeatCount,2,1500355354387
SoundRight,61.25475080461077,1500355355390
Temperature,25.54,1500355355622
Humidity,49.29535567299943,1500355355626
Brightness,1.0,1500355355637
Seat2B,false,1500355359465
TotalSeatCount,1,1500355359465
SoundRight,61.30299930698676,1500355365390
MoveFocus,GoTour,1500355371286
SoundRight,60.83065567433666,1500355375390
SoundRight,60.85460895798073,1500355385390
Entrance,null,1500355389294
UserCount,14,1500355389295
SoundRight,60.76036804201009,1500355395390
SoundRight,60.649075295598216,1500355405390
Exit,null,1500355405823
UserCount,13,1500355405823
Entrance,null,1500355406639
UserCount,14,1500355406640
SoundRight,60.51737386795017,1500355415390
Temperature,25.54,1500355416179
Humidity,49.17203579239862,1500355416190
Brightness,1.0,1500355416196
SoundRight,60.55997344151764,1500355425390
MoveFocus,GoTour,1500355431453
SoundRight,60.22873112390367,1500355435390
Seat2A,true,1500355445110
TotalSeatCount,2,1500355445110
SoundRight,60.5972412513753,1500355445403
Seat2A,false,1500355450183
Seat4A,false,1500355450183
TotalSeatCount,1,1500355450183
SoundRight,60.29236411132051,1500355455403
Seat2B,true,1500355459243
TotalSeatCount,2,1500355459243
SoundRight,59.85335954052879,1500355465390
SoundRight,58.967979678148396,1500355475390
Temperature,25.54,1500355476745
Humidity,49.17203579239862,1500355476750
Brightness,1.0,1500355476760
SoundRight,59.02198185052082,1500355485390
Seat2A,true,1500355490174
TotalSeatCount,3,1500355490179
MoveFocus,GoTour,1500355491570
Seat2A,false,1500355495277
TotalSeatCount,2,1500355495277
SoundRight,59.14392539807029,1500355495390
SoundRight,59.033818560351264,1500355505390
SoundRight,60.03349979079233,1500355515390
SoundRight,60.28679821539654,1500355525390
Aircon1Power,On,1500355531673
SoundRight,61.28526373165878,1500355535390
Temperature,25.54,1500355537306
Humidity,49.29535567299943,1500355537311
Brightness,1.0,1500355537317
SoundRight,61.12362906154327,1500355545390
MoveFocus,GoTour,1500355551657
SoundRight,62.549212095700845,1500355555390
SoundRight,62.68477047009107,1500355565393
Aircon1Power,Off,1500355565872
Aircon0Power,On,1500355566033
TurnOffAirCon0,null,1500355566035
Aircon0Power,Off,1500355566409
TurnOffAirCon0,null,1500355566411
Aircon0Power,On,1500355567102
Seat2B,false,1500355574039
TotalSeatCount,1,1500355574039
SoundRight,61.95272976254456,1500355575390
SoundRight,62.11389077028733,1500355585390
SoundRight,61.97938492496144,1500355595390
Temperature,25.54,1500355597825
Humidity,49.29535567299943,1500355597829
Brightness,1.0,1500355597835
Seat2B,true,1500355604110
TotalSeatCount,2,1500355604110
SoundRight,63.12353340849996,1500355605390
Seat2A,true,1500355610133
TotalSeatCount,3,1500355610133
MoveFocus,GoTour,1500355611769
SoundRight,63.584024504531435,1500355615390
SoundRight,64.24807589151563,1500355625393
Seat2A,false,1500355630184
TotalSeatCount,2,1500355630184
Seat2B,false,1500355634106
TotalSeatCount,1,1500355634106
SoundRight,65.5312252084073,1500355635393
Seat2B,true,1500355639184
TotalSeatCount,2,1500355639184
SoundRight,66.33615220550942,1500355645393
Seat2B,false,1500355649299
Seat2A,true,1500355649304
TotalSeatCount,2,1500355649304
Seat2A,false,1500355655337
TotalSeatCount,1,1500355655337
SoundRight,67.14446880440543,1500355655390
Temperature,25.54,1500355661412
Humidity,49.17203579239862,1500355661416
Brightness,1.0,1500355661433
SoundRight,66.37403946740476,1500355665390
Seat2B,true,1500355669325
TotalSeatCount,2,1500355669325
MoveFocus,GoTour,1500355671881
Seat2B,false,1500355674418
TotalSeatCount,1,1500355674418
SoundRight,65.72774535425057,1500355675393
SoundRight,65.30822758823558,1500355685393
SoundRight,65.02136049424037,1500355695392
SoundRight,64.6393396463254,1500355705390
SoundRight,63.65395314783853,1500355715390
Temperature,25.54,1500355721939
Humidity,49.17203579239862,1500355721948
Brightness,1.0,1500355721954
SoundRight,63.84749533719103,1500355725390
MoveFocus,GoTour,1500355731973
SoundRight,63.47179783936079,1500355735393
SoundRight,62.98263183276034,1500355745390
SoundRight,62.502501162169104,1500355755390
SoundRight,62.18703270343943,1500355765392
SoundRight,62.86589652578538,1500355775390
Temperature,25.54,1500355782483
Humidity,49.17203579239862,1500355782493
Brightness,1.0,1500355782502
SoundRight,62.37602085328221,1500355785420
MoveFocus,GoTour,1500355792105
SoundRight,62.73120724462724,1500355795390
Entrance,null,1500355805195
UserCount,15,1500355805195
SoundRight,62.89936635653263,1500355805392
SoundRight,64.51787372147085,1500355815390
SoundRight,65.39625269340796,1500355825390
SoundRight,65.41141253144082,1500355835390
Temperature,25.43,1500355843370
Humidity,49.17203579239862,1500355843376
Brightness,1.0,1500355843382
SoundRight,66.39135043249148,1500355845390
MoveFocus,GoTour,1500355852237
SoundRight,66.54395823510828,1500355855393
SoundRight,67.20664193720282,1500355865390
SoundRight,67.22759445100012,1500355875394
SoundRight,68.28668506974593,1500355885393
SoundRight,69.10390336757943,1500355895392
Temperature,25.54,1500355904036
Humidity,49.17203579239862,1500355904050
Brightness,1.0,1500355904058
SoundRight,70.75619930717683,1500355905392
MoveFocus,GoTour,1500355912334
SoundRight,71.13788224557985,1500355915390
SoundRight,71.58383119288357,1500355925390
SoundRight,71.34367243976406,1500355935390
LightGroup1,Off,1500355935648
SoundRight,71.30769050957578,1500355945390
SoundRight,70.49808397262719,1500355955390
Temperature,25.54,1500355964653
Humidity,49.17203579239862,1500355964659
Brightness,1.0,1500355964665
SoundRight,69.32173103964756,1500355965390
MoveFocus,GoTour,1500355972521
SoundRight,69.04241242902248,1500355975390
SoundRight,69.19145339564596,1500355985392
SoundRight,69.13189900523466,1500355995390
SoundRight,68.35112506326989,1500356005390
SoundRight,68.01918845561693,1500356015390
Temperature,25.54,1500356025240
Humidity,49.17203579239862,1500356025245
Brightness,1.0,1500356025253
SoundRight,68.57310622477672,1500356025390
MoveFocus,GoTour,1500356032643
SoundRight,68.54546013160096,1500356035390
SoundRight,68.38744646881624,1500356045392
SoundRight,67.86967720187579,1500356055392
SoundRight,68.754755974835,1500356065390
SoundRight,69.70768346161911,1500356075390
SoundRight,69.68560063187358,1500356085393
Temperature,25.54,1500356085768
Humidity,49.29535567299943,1500356085773
Brightness,1.0,1500356085779
MoveFocus,GoTour,1500356092776
SoundRight,69.30061374174402,1500356095390
SoundRight,68.54631810280662,1500356105390
Entrance,null,1500356106419
UserCount,16,1500356106419
Exit,null,1500356114843
UserCount,15,1500356114843
SoundRight,69.05862700271479,1500356115390
SoundRight,68.55664775368639,1500356125390
SoundRight,68.80754720279448,1500356135390
SoundRight,67.82670726528507,1500356145390
Temperature,25.54,1500356146508
Humidity,49.29535567299943,1500356146514
Brightness,1.0,1500356146520
MoveFocus,GoTour,1500356152873
SoundRight,68.24645893596293,1500356155390
SoundRight,68.983807050591,1500356165390
SoundRight,69.80944048527752,1500356175390
Seat2A,true,1500356184645
TotalSeatCount,2,1500356184645
SoundRight,70.75515456644523,1500356185390
Seat2A,false,1500356189682
TotalSeatCount,1,1500356189682
SoundRight,70.61661459204942,1500356195390
SoundRight,71.45069734676665,1500356205390
Temperature,25.54,1500356207029
Humidity,49.17203579239862,1500356207035
Brightness,1.0,1500356207047
MoveFocus,GoTour,1500356212960
SoundRight,71.80675618667443,1500356215390
SoundRight,72.71940112638522,1500356225390
SoundRight,72.31423751076068,1500356235390
SoundRight,71.47683960967349,1500356245390
SoundRight,73.08998802663874,1500356255390
SoundRight,73.14285017961448,1500356265390
Temperature,25.54,1500356267625
Humidity,49.17203579239862,1500356267630
Brightness,1.0,1500356267638
MoveFocus,GoTour,1500356273077
SoundRight,73.49519961505162,1500356275390
SoundRight,73.01045261038479,1500356285390
SoundRight,72.24779970200873,1500356295390
SoundRight,73.16239538493332,1500356305390
SoundRight,72.06666640149595,1500356315391
SoundRight,72.66387499393245,1500356325390
Temperature,25.54,1500356328144
Humidity,49.17203579239862,1500356328149
Brightness,1.0,1500356328155
MoveFocus,GoTour,1500356333204
SoundRight,72.58692886018213,1500356335392
SoundRight,72.98511032739614,1500356345390
SoundRight,73.48865915004397,1500356355392
SoundRight,72.09756104840544,1500356365390
SoundRight,71.22169325600463,1500356375390
SoundRight,69.97907009377553,1500356385390
Temperature,25.54,1500356388684
Humidity,49.29535567299943,1500356388690
Brightness,1.0,1500356388699
MoveFocus,GoTour,1500356393301
SoundRight,68.94527654244916,1500356395392
SoundRight,68.11330259704476,1500356405390
SoundRight,68.21838970877276,1500356415390
SoundRight,68.99833764426565,1500356425392
SoundRight,70.15532762262772,1500356435390
SoundRight,71.32393158698272,1500356445390
Temperature,25.54,1500356449486
Humidity,49.17203579239862,1500356449492
Brightness,1.0,1500356449498
MoveFocus,GoTour,1500356453423
SoundRight,71.73359775387758,1500356455392
SoundRight,71.25941526780021,1500356465390
SoundRight,70.60397930572665,1500356475390
SoundRight,70.64705424555528,1500356485390
SoundRight,71.18632417630268,1500356495390
SoundRight,70.5951358919419,1500356505390
Temperature,25.54,1500356510018
Humidity,49.29535567299943,1500356510023
Brightness,1.0,1500356510031
MoveFocus,GoTour,1500356513515
SoundRight,71.6042839851835,1500356515390
SoundRight,72.38424148647853,1500356525390
SoundRight,72.46635746385782,1500356535390
SoundRight,72.26866566280546,1500356545390
SoundRight,70.94609971046367,1500356555390
SoundRight,70.6609334368418,1500356565390
Temperature,25.54,1500356570536
Humidity,49.17203579239862,1500356570542
Brightness,1.0,1500356570550
MoveFocus,GoTour,1500356573577
SoundRight,70.19042031193871,1500356575393
SoundRight,68.44676542011601,1500356585393
Seat2B,true,1500356585933
TotalSeatCount,2,1500356585933
Seat2A,true,1500356593833
TotalSeatCount,3,1500356593833
SoundRight,68.78649379201593,1500356595403
Seat2A,false,1500356598920
TotalSeatCount,2,1500356598920
SoundRight,68.84450979307356,1500356605393
SoundRight,69.30578130043315,1500356615403
SoundRight,68.97486919831363,1500356625393
Temperature,25.54,1500356631258
Humidity,49.17203579239862,1500356631264
Brightness,1.0,1500356631271
MoveFocus,GoTour,1500356633694
SoundRight,69.03814329510888,1500356635390
SoundRight,70.39748254278257,1500356645390
SoundRight,71.58627787638972,1500356655390
SoundRight,72.53886231228759,1500356665390
SoundRight,72.45261619880621,1500356675390
SoundRight,72.39589729402378,1500356685390
Temperature,25.54,1500356691788
Humidity,49.17203579239862,1500356691793
Brightness,1.0,1500356691800
MoveFocus,GoTour,1500356693771
SoundRight,72.002336345349,1500356695392
SoundRight,71.64156339012834,1500356705390
SoundRight,70.24429895195875,1500356715390
SoundRight,69.6605611305341,1500356725390
SoundRight,69.08721731313598,1500356735390
SoundRight,69.5937492117271,1500356745390
Temperature,25.54,1500356752339
Humidity,49.17203579239862,1500356752344
Brightness,1.0,1500356752351
MoveFocus,GoTour,1500356753853
SoundRight,70.72841753027734,1500356755390
SoundRight,70.73274804882229,1500356765390
SoundRight,71.84526538622747,1500356775390
SoundRight,70.97618470967863,1500356785390
SoundRight,71.23774975844466,1500356795390
SoundRight,71.06133782279157,1500356805390
Temperature,25.54,1500356812932
Humidity,49.17203579239862,1500356812938
Brightness,1.0,1500356812945
MoveFocus,GoTour,1500356813995
SoundRight,70.75151659817986,1500356815392
Seat3A,false,1500356824896
TotalSeatCount,1,1500356824896
SoundRight,71.61573178578146,1500356825393
Seat3A,true,1500356829978
TotalSeatCount,2,1500356829978
SoundRight,71.0254181105727,1500356835403
SoundRight,71.90741373868802,1500356845390
SoundRight,72.18115873816838,1500356855392
SoundRight,71.77011203280156,1500356865390
Seat2B,false,1500356865492
TotalSeatCount,1,1500356865492
Temperature,25.54,1500356873642
Humidity,49.17203579239862,1500356873649
Brightness,1.0,1500356873657
MoveFocus,GoTour,1500356874362
SoundRight,70.08839061090566,1500356875390
SoundRight,70.1809702008989,1500356885390
SoundRight,70.11140026243632,1500356895392
SoundRight,70.16122654506026,1500356905392
SoundRight,70.68978899663261,1500356915390
SoundRight,71.61150827665168,1500356925390
Temperature,25.54,1500356934264
Humidity,49.29535567299943,1500356934270
Brightness,1.0,1500356934278
MoveFocus,GoTour,1500356934459
SoundRight,73.0162567558587,1500356935390
SoundRight,72.64346246087463,1500356945390
SoundRight,71.88579610189966,1500356955390
SoundRight,71.67305006804001,1500356965390
SoundRight,70.41243763169383,1500356975403
Seat6A,false,1500356978278
TotalSeatCount,1,1500356978278
SoundRight,70.40999533960355,1500356985394
MoveFocus,GoTour,1500356994566
Temperature,25.54,1500356994994
Humidity,49.29535567299943,1500356995001
Brightness,1.0,1500356995007
SoundRight,70.18372629525685,1500356995403
Seat6B,false,1500357000419
TotalSeatCount,1,1500357000419
SoundRight,69.93586024329686,1500357005393
SoundRight,70.29359902302184,1500357015390
SoundRight,70.44285362667594,1500357025390
SoundRight,71.45505865723514,1500357035392
SoundRight,71.9587644661152,1500357045392
MoveFocus,GoTour,1500357054688
SoundRight,72.26936361517349,1500357055390
Temperature,25.54,1500357055531
Humidity,49.29535567299943,1500357055538
Brightness,1.0,1500357055553
SoundRight,72.2480742910491,1500357065390
SoundRight,71.19853802707227,1500357075390
SoundRight,71.86967970950532,1500357085390
SoundRight,71.31661177359163,1500357095393
SoundRight,71.34292534138488,1500357105390
MoveFocus,GoTour,1500357114770
SoundRight,71.98228034132678,1500357115390
Temperature,25.66,1500357116125
Humidity,49.418675553600266,1500357116131
Brightness,1.0,1500357116138
SoundRight,72.73657442673374,1500357125390
SoundRight,72.57263805000052,1500357135390
SoundRight,71.82645359563986,1500357145390
SoundRight,70.80451681821687,1500357155390
SoundRight,69.89674887399046,1500357165390
MoveFocus,GoTour,1500357174887
SoundRight,69.70844597605418,1500357175390
Temperature,25.66,1500357176821
Humidity,49.418675553600266,1500357176827
Brightness,1.0,1500357176835
SoundRight,69.63012872624418,1500357185390
SoundRight,70.20309590675883,1500357195390
SoundRight,69.7993741112621,1500357205390
SoundRight,70.7416465585349,1500357215390
SoundRight,70.60882486199424,1500357225390
MoveFocus,GoTour,1500357235004
SoundRight,69.26892769907157,1500357235390
Temperature,25.78,1500357237475
Humidity,49.29535567299943,1500357237482
Brightness,1.0,1500357237489
SoundRight,68.73961399181215,1500357245390
SoundRight,68.19142328329262,1500357255390
SoundRight,67.48731606012704,1500357265390
SoundRight,66.2213013547072,1500357275390
SoundRight,67.18266196063125,1500357285390
MoveFocus,GoTour,1500357295096
SoundRight,67.70498026821467,1500357295390
Temperature,25.78,1500357298152
Humidity,49.418675553600266,1500357298158
Brightness,1.0,1500357298165
Seat5B,false,1500357301055
TotalSeatCount,1,1500357301055
SoundRight,68.45383650084725,1500357305392
SoundRight,68.45735023747014,1500357315390
SoundRight,68.90803047982064,1500357325390
SoundRight,70.00536171316575,1500357335390
Seat3B,false,1500357336769
TotalSeatCount,1,1500357336769
SoundRight,69.53354848421401,1500357345390
Seat4B,false,1500357354048
TotalSeatCount,1,1500357354053
MoveFocus,GoTour,1500357355223
SoundRight,69.87764218885953,1500357355390
Temperature,25.78,1500357358722
Humidity,49.29535567299943,1500357358728
Brightness,1.0,1500357358736
SoundRight,69.68326541726475,1500357365390
SoundRight,71.30976103384445,1500357375390
SoundRight,72.88335710753485,1500357385390
SoundRight,72.52165223443002,1500357395390
SoundRight,71.72223572565805,1500357405390
Exit,null,1500357414093
UserCount,14,1500357414094
Seat1A,false,1500357414100
TotalSeatCount,1,1500357414100
Exit,null,1500357414174
UserCount,13,1500357414174
MoveFocus,GoTour,1500357415366
SoundRight,70.70578176741347,1500357415390
Temperature,25.78,1500357419241
Humidity,49.418675553600266,1500357419248
Brightness,1.0,1500357419254
SoundRight,69.42183181584873,1500357425390
Seat2A,true,1500357426351
TotalSeatCount,2,1500357426356
SoundRight,67.03099162020088,1500357435390
Seat2A,false,1500357436427
TotalSeatCount,1,1500357436427
SoundRight,65.26019704272719,1500357445390
SoundRight,63.41577753237498,1500357455390
SoundRight,63.200176471050405,1500357465403
SoundRight,62.37615257440839,1500357475390
MoveFocus,GoTour,1500357475468
Temperature,25.78,1500357479755
Humidity,49.418675553600266,1500357479762
Brightness,1.0,1500357479770
SoundRight,62.60057371275498,1500357485403
SoundRight,62.95083348996356,1500357495390
SoundRight,62.68957102659114,1500357505390
SoundRight,62.88999105745939,1500357515390
SoundRight,63.25376363150977,1500357525390
SoundRight,62.90488890572762,1500357535390
MoveFocus,GoTour,1500357535595
Temperature,25.89,1500357540335
Humidity,49.418675553600266,1500357540341
Brightness,1.0,1500357540348
SoundRight,63.04610267798988,1500357545390
Seat2B,true,1500357552834
TotalSeatCount,2,1500357552834
SoundRight,63.27553729986827,1500357555390
SoundRight,64.03043067791445,1500357565390
Seat2B,false,1500357567902
TotalSeatCount,1,1500357567902
SoundRight,64.39603103778227,1500357575390
SoundRight,64.64620578864941,1500357585390
SoundRight,65.05599913061346,1500357595393
MoveFocus,GoTour,1500357595747
Temperature,25.89,1500357601117
Humidity,49.418675553600266,1500357601123
Brightness,1.0,1500357601130
SoundRight,65.6020537236095,1500357605390
Seat2B,true,1500357607903
TotalSeatCount,2,1500357607903
SoundRight,65.87359274965935,1500357615403
Seat2B,false,1500357618009
TotalSeatCount,1,1500357618009
SoundRight,65.7004904080923,1500357625393
SoundRight,66.11169634323045,1500357635394
Seat3A,false,1500357639625
TotalSeatCount,0,1500357639625
InferredUserPresence,empty,1500357639680
SoundRight,67.71400917372088,1500357645403
Seat3A,true,1500357649720
TotalSeatCount,1,1500357649720
InferredUserPresence,present,1500357649765
SoundRight,67.90668694087583,1500357655390
MoveFocus,GoTour,1500357655819
Temperature,25.89,1500357661630
Humidity,49.418675553600266,1500357661636
Brightness,1.0,1500357661643
SoundRight,67.63930376475676,1500357665390
SoundRight,67.67186732703736,1500357675393
SoundRight,67.98299501151324,1500357685390
SoundRight,67.48461147428071,1500357695390
SoundRight,65.19666822841819,1500357705390
Seat2A,true,1500357710958
TotalSeatCount,2,1500357710963
SoundRight,64.98680319594297,1500357715390
MoveFocus,GoTour,1500357715926
Seat2A,false,1500357716011
TotalSeatCount,1,1500357716011
Seat2A,true,1500357721089
TotalSeatCount,2,1500357721089
Temperature,25.89,1500357722152
Humidity,49.418675553600266,1500357722158
Brightness,1.0,1500357722165
SoundRight,64.56939863806208,1500357725390
Seat2B,true,1500357727962
TotalSeatCount,3,1500357727962
SoundRight,64.2199248811303,1500357735390
Seat2A,false,1500357736182
TotalSeatCount,2,1500357736187
Seat2A,true,1500357741254
TotalSeatCount,3,1500357741254
SoundRight,63.45376213943715,1500357745390
Seat2A,false,1500357746357
TotalSeatCount,2,1500357746357
Seat2A,true,1500357751455
TotalSeatCount,3,1500357751455
SoundRight,63.74880748566387,1500357755390
Seat2A,false,1500357756547
TotalSeatCount,2,1500357756547
SoundRight,64.335289562048,1500357765390
SoundRight,64.73174119841129,1500357775390
MoveFocus,GoTour,1500357776068
Temperature,25.78,1500357782689
Humidity,49.418675553600266,1500357782698
Brightness,1.0,1500357782703
SoundRight,64.89844777680706,1500357785390
SoundRight,65.0829563274094,1500357795390
SoundRight,65.4180466141548,1500357805393
SoundRight,65.60176141797822,1500357815392
SoundRight,65.35128466098743,1500357825390
SoundRight,64.73371895608751,1500357835392
MoveFocus,GoTour,1500357836165
Temperature,25.89,1500357843440
Humidity,49.418675553600266,1500357843448
Brightness,1.0,1500357843454
SoundRight,64.12873806509643,1500357845390
SoundRight,63.71960592006544,1500357855392
SoundRight,63.552681441155045,1500357865390
SoundRight,62.97648247830953,1500357875390
SoundRight,62.855721375840155,1500357885390
SoundRight,62.78096914130958,1500357895390
MoveFocus,GoTour,1500357896257
Temperature,25.89,1500357904013
Humidity,49.54199543420108,1500357904020
Brightness,1.0,1500357904025
SoundRight,63.351072464881085,1500357905393
SoundRight,64.08816372805757,1500357915392
SoundRight,64.72400420903115,1500357925390
SoundRight,65.18869061737692,1500357935392
SoundRight,65.72370335680729,1500357945390
Seat2B,false,1500357952872
TotalSeatCount,1,1500357952872
SoundRight,66.5338242873637,1500357955390
MoveFocus,GoTour,1500357956379
Seat2B,true,1500357957950
TotalSeatCount,2,1500357957950
Temperature,25.89,1500357964528
Humidity,49.54199543420108,1500357964535
Brightness,1.0,1500357964540
SoundRight,67.18848773970286,1500357965390
SoundRight,67.4850702294447,1500357975390
SoundRight,67.32063470351306,1500357985390
Seat3A,false,1500357994434
TotalSeatCount,1,1500357994439
SoundRight,66.85022795215633,1500357995390
SoundRight,67.0783433776209,1500358005390
SoundRight,67.40305206095054,1500358015390
MoveFocus,GoTour,1500358016476
Temperature,25.89,1500358025306
Humidity,49.418675553600266,1500358025312
Brightness,1.0,1500358025319
SoundRight,67.24304847612171,1500358025390
SoundRight,66.85907990528526,1500358035390
SoundRight,65.85842830204633,1500358045390
SoundRight,66.02529571191359,1500358055390
SoundRight,64.4846180996175,1500358065390
SoundRight,64.14211305729599,1500358075390
MoveFocus,GoTour,1500358076603
SoundRight,63.13009630920955,1500358085390
Temperature,25.89,1500358085972
Humidity,49.418675553600266,1500358085978
Brightness,1.0,1500358085985
Seat3A,true,1500358094377
TotalSeatCount,2,1500358094382
SoundRight,62.934825326487626,1500358095403
SoundRight,63.97492241557563,1500358105392
SoundRight,63.69551140551663,1500358115390
SoundRight,64.92306978430628,1500358125390
SoundRight,64.39328829621664,1500358135390
MoveFocus,GoTour,1500358136720
Seat2B,false,1500358142858
TotalSeatCount,1,1500358142858
SoundRight,64.72194400191096,1500358145390
Temperature,25.89,1500358146539
Humidity,49.54199543420108,1500358146545
Brightness,1.0,1500358146553
Seat2B,true,1500358147996
TotalSeatCount,2,1500358147996
SoundRight,64.3458669788057,1500358155390
Seat2B,false,1500358163019
TotalSeatCount,1,1500358163019
SoundRight,63.3939809407207,1500358165392
Seat2B,true,1500358173094
TotalSeatCount,2,1500358173094
SoundRight,63.92013267890819,1500358175390
Seat2B,false,1500358183205
TotalSeatCount,1,1500358183205
SoundRight,63.58041820576667,1500358185393
SoundRight,63.68381281325529,1500358195390
MoveFocus,GoTour,1500358196817
SoundRight,63.524188052136445,1500358205392
Temperature,25.89,1500358207049
Humidity,49.54199543420108,1500358207055
Brightness,1.0,1500358207063
Seat3A,false,1500358209304
TotalSeatCount,0,1500358209304
InferredUserPresence,empty,1500358209319
SoundRight,63.40955680029014,1500358215403
SoundRight,63.442479641518084,1500358225392
SoundRight,62.92125500992261,1500358235390
Seat3A,true,1500358239380
TotalSeatCount,1,1500358239380
InferredUserPresence,present,1500358239395
SoundRight,62.19304839582379,1500358245390
Seat2B,true,1500358253457
TotalSeatCount,2,1500358253457
SoundRight,62.002123847271406,1500358255390
MoveFocus,GoTour,1500358256904
Seat2B,false,1500358258560
TotalSeatCount,1,1500358258560
SoundRight,61.766372103611474,1500358265390
Temperature,25.89,1500358267868
Humidity,49.54199543420108,1500358267875
Brightness,1.0,1500358267882
SoundRight,62.20894881561012,1500358275390
SoundRight,62.38238269408091,1500358285390
SoundRight,63.479221337879636,1500358295390
Seat3A,false,1500358299352
TotalSeatCount,0,1500358299352
InferredUserPresence,empty,1500358299377
Aircon0Power,Off,1500358304509
SoundRight,64.52121924613796,1500358305390
Aircon1Power,On,1500358305820
Aircon1Power,Off,1500358307191
SoundRight,65.0238939834396,1500358315390
TurnOffLightGroup2,null,1500358316967
MoveFocus,GoTour,1500358316971
LightGroup2,Off,1500358317000
Exit,null,1500358318767
UserCount,12,1500358318768
