Entrance,null,1500424090374
UserCount,1,1500424090374
Entrance,null,1500424094146
UserCount,2,1500424094146
SoundRight,62.55099917327339,1500424095390
Entrance,null,1500424095811
UserCount,3,1500424095811
Seat4B,true,1500424101121
TotalSeatCount,1,1500424101121
InferredUserPresence,present,1500424101136
Temperature,26.6,1500424103329
Humidity,51.39179364321348,1500424103333
Brightness,1.0,1500424103342
SoundRight,63.0609901615875,1500424105390
Entrance,null,1500424106676
UserCount,4,1500424106677
Seat4A,true,1500424115168
TotalSeatCount,2,1500424115168
SoundRight,64.15149272479992,1500424115390
SoundRight,64.41827224488614,1500424125390
SoundRight,64.73180503659907,1500424135390
MoveFocus,GoTour,1500424140992
SoundRight,64.58011607973775,1500424145390
Entrance,null,1500424151628
UserCount,5,1500424151628
SoundRight,64.25941796433791,1500424155390
Entrance,null,1500424155866
UserCount,6,1500424155867
Temperature,26.6,1500424163861
Humidity,51.39179364321348,1500424163866
Brightness,1.0,1500424163871
Seat3A,true,1500424164364
TotalSeatCount,3,1500424164364
SoundRight,64.05456969651345,1500424165390
Seat3B,true,1500424167351
TotalSeatCount,4,1500424167351
SoundRight,63.42114973561229,1500424175390
Aircon1Power,Off,1500424177857
TurnOffAirCon1,null,1500424177859
SoundRight,63.816961325784376,1500424185390
SoundRight,63.40229237690937,1500424195390
ProjectorPower,On,1500424196226
TurnOnProjector,null,1500424196226
MoveFocus,GoTour,1500424201109
SoundRight,63.14179794591069,1500424205392
SoundRight,62.730553745771935,1500424215390
Temperature,26.6,1500424224393
Humidity,51.39179364321348,1500424224401
Brightness,1.0,1500424224409
SoundRight,62.38960741608167,1500424225390
SoundRight,61.923092017805274,1500424235390
SoundRight,60.9949490061758,1500424245390
SoundRight,61.15449502676237,1500424255390
MoveFocus,GoTour,1500424261241
SoundRight,61.53075378833276,1500424265390
SoundRight,61.88284139077802,1500424275390
Entrance,null,1500424278938
UserCount,7,1500424278939
Temperature,26.6,1500424284981
Humidity,51.39179364321348,1500424284985
Brightness,1.0,1500424284994
Entrance,null,1500424285251
UserCount,8,1500424285251
SoundRight,62.35837116855652,1500424285390
Entrance,null,1500424285862
UserCount,9,1500424285862
SoundRight,63.48594584680125,1500424295390
Seat6B,true,1500424298121
TotalSeatCount,5,1500424298126
SoundRight,64.92620636345322,1500424305390
SoundRight,65.97581550975127,1500424315390
MoveFocus,GoTour,1500424321348
SoundRight,66.01325621359787,1500424325390
SoundRight,65.6153602332634,1500424335390
SoundRight,66.47636138887258,1500424345390
Temperature,26.6,1500424346508
Humidity,51.39179364321348,1500424346513
Brightness,1.0,1500424346520
Entrance,null,1500424354161
UserCount,10,1500424354162
Entrance,null,1500424354735
UserCount,11,1500424354735
SoundRight,66.76640138605977,1500424355390
Seat1B,true,1500424361114
TotalSeatCount,6,1500424361114
SoundRight,67.67786552277356,1500424365390
Seat2A,true,1500424365516
TotalSeatCount,7,1500424365516
SoundRight,67.02124361074435,1500424375392
MoveFocus,GoTour,1500424381475
SoundRight,67.02411279723013,1500424385390
LightGroup2,Off,1500424390692
SoundRight,68.03237923591405,1500424395390
SoundRight,66.78324267706108,1500424405390
Temperature,26.6,1500424407212
Humidity,51.39179364321348,1500424407218
Brightness,1.0,1500424407226
TurnOnLightGroup2,null,1500424409344
Color,white,1500424409404
LightGroup2,On,1500424409434
SoundRight,65.4804368843125,1500424415393
SoundRight,63.75908307180274,1500424425393
Entrance,null,1500424432402
UserCount,12,1500424432402
SoundRight,64.09354360270382,1500424435392
MoveFocus,GoTour,1500424441572
SoundRight,64.91916469184561,1500424445390
SoundRight,64.68700924231224,1500424455390
SoundRight,65.06614116752591,1500424465390
Temperature,26.6,1500424467767
Humidity,51.39179364321348,1500424467771
Brightness,1.0,1500424467781
SoundRight,66.12978374295675,1500424475390
SoundRight,67.84104942212211,1500424485390
SoundRight,68.53256902309518,1500424495390
MoveFocus,GoTour,1500424501804
SoundRight,69.06712782309538,1500424505390
SoundRight,69.78396216185156,1500424515390
Seat6B,false,1500424522740
TotalSeatCount,6,1500424522740
SoundRight,70.03492113672128,1500424525390
Temperature,26.6,1500424528622
Humidity,51.39179364321348,1500424528628
Brightness,1.0,1500424528635
Seat6B,true,1500424532846
TotalSeatCount,7,1500424532846
SoundRight,70.49303717851903,1500424535390
Seat2A,false,1500424545122
TotalSeatCount,6,1500424545122
SoundRight,71.49660214481995,1500424545390
SoundRight,72.01265785191204,1500424555390
MoveFocus,GoTour,1500424561901
SoundRight,73.00868489547717,1500424565390
Seat2A,true,1500424570161
TotalSeatCount,7,1500424570161
SoundRight,73.81524671936864,1500424575393
SoundRight,74.68649887411294,1500424585390
Temperature,26.6,1500424589301
Humidity,51.39179364321348,1500424589305
Brightness,1.0,1500424589311
SoundRight,74.04644974606403,1500424595390
SoundRight,73.78862379146491,1500424605390
SoundRight,73.66386729580167,1500424615390
Entrance,null,1500424619554
UserCount,13,1500424619554
Seat3B,false,1500424621603
TotalSeatCount,6,1500424621603
MoveFocus,GoTour,1500424622003
Seat5B,true,1500424625095
TotalSeatCount,7,1500424625100
SoundRight,72.57224850101235,1500424625392
Seat3B,true,1500424631723
TotalSeatCount,8,1500424631723
SoundRight,71.6215629938434,1500424635390
SoundRight,71.38890749080791,1500424645390
Temperature,26.6,1500424651170
Humidity,51.39179364321348,1500424651174
Brightness,1.0,1500424651180
SoundRight,71.59043945204141,1500424655390
SoundRight,70.09072645782207,1500424665390
SoundRight,68.7818237011383,1500424675390
MoveFocus,GoTour,1500424682085
SoundRight,68.18149133061115,1500424685390
Seat6B,false,1500424687648
TotalSeatCount,7,1500424687648
SoundRight,67.53641784294695,1500424695390
Seat6B,true,1500424702721
TotalSeatCount,8,1500424702721
SoundRight,67.00681268817411,1500424705401
Temperature,26.6,1500424711696
Humidity,51.39179364321348,1500424711701
Brightness,1.0,1500424711707
SoundRight,65.73400732053744,1500424715390
SoundRight,65.41702029527531,1500424725392
SoundRight,65.21088212313549,1500424735390
MoveFocus,GoTour,1500424742207
SoundRight,65.77731409756679,1500424745390
SoundRight,66.48140162631266,1500424755390
Seat6B,false,1500424757756
TotalSeatCount,7,1500424757756
SoundRight,65.74745481568112,1500424765390
Temperature,26.6,1500424772222
Humidity,51.39179364321348,1500424772226
Brightness,1.0,1500424772234
Seat6B,true,1500424772839
TotalSeatCount,8,1500424772839
SoundRight,65.38577645175772,1500424775390
Seat6B,false,1500424777936
TotalSeatCount,7,1500424777936
SoundRight,65.28592357446105,1500424785390
SoundRight,65.57670459264507,1500424795390
MoveFocus,GoTour,1500424802389
SoundRight,65.05661206480612,1500424805390
Seat1B,false,1500424809528
TotalSeatCount,6,1500424809528
Entrance,null,1500424811358
UserCount,14,1500424811359
Entrance,null,1500424813008
UserCount,15,1500424813008
Seat6B,true,1500424813015
TotalSeatCount,7,1500424813015
SoundRight,65.00468665944531,1500424815392
Seat6B,false,1500424818113
TotalSeatCount,6,1500424818118
Seat6A,true,1500424823286
TotalSeatCount,7,1500424823286
Seat1B,true,1500424824616
TotalSeatCount,8,1500424824616
SoundRight,64.92077024889004,1500424825390
Seat6B,true,1500424828198
TotalSeatCount,9,1500424828198
Temperature,26.6,1500424832964
Humidity,51.39179364321348,1500424832968
Brightness,1.0,1500424832976
Seat6B,false,1500424833311
TotalSeatCount,8,1500424833311
SoundRight,65.33063759059856,1500424835390
SoundRight,65.51904697393182,1500424845390
SoundRight,65.6874845696449,1500424855390
MoveFocus,GoTour,1500424862862
SoundRight,65.74125319983621,1500424865390
SoundRight,65.40830331226913,1500424875390
SoundRight,66.49446026939907,1500424885392
Seat6B,true,1500424888360
TotalSeatCount,9,1500424888360
SoundRight,66.72749452344557,1500424895390
Temperature,26.6,1500424896499
Humidity,51.39179364321348,1500424896506
Brightness,1.0,1500424896513
SoundRight,67.34923559267403,1500424905393
SoundRight,66.9815898576997,1500424915392
MoveFocus,GoTour,1500424922989
Seat6B,false,1500424923454
TotalSeatCount,8,1500424923454
SoundRight,68.19018534531253,1500424925390
SoundRight,68.30278491909876,1500424935390
Seat1B,false,1500424939492
TotalSeatCount,7,1500424939492
SoundRight,68.04840314562605,1500424945390
SoundRight,68.86111913130536,1500424955390
Temperature,26.6,1500424957042
Humidity,51.39179364321348,1500424957046
Brightness,1.0,1500424957054
Seat6B,true,1500424958533
TotalSeatCount,8,1500424958533
SoundRight,68.65647051632519,1500424965390
SoundRight,68.77073922495511,1500424975390
MoveFocus,GoTour,1500424983161
SoundRight,67.40445160107267,1500424985390
SoundRight,66.7620087609582,1500424995390
SoundRight,65.72213719336345,1500425005390
SoundRight,64.85552956944393,1500425015390
Temperature,26.6,1500425017664
Humidity,51.39179364321348,1500425017670
Brightness,1.0,1500425017678
SoundRight,65.11027198186838,1500425025393
TotalSeatCount,8,1500425029681
SoundRight,66.63506795139892,1500425035390
MoveFocus,GoTour,1500425043253
SoundRight,67.74437524229695,1500425045390
SoundRight,69.13445918103425,1500425055390
Seat1B,true,1500425059386
TotalSeatCount,9,1500425059391
Seat1B,false,1500425064489
TotalSeatCount,8,1500425064489
SoundRight,71.05184362412874,1500425065390
SoundRight,72.54624244091914,1500425075390
Temperature,26.6,1500425078399
Humidity,51.39179364321348,1500425078405
Brightness,1.0,1500425078413
SoundRight,72.99642508152874,1500425085390
SoundRight,71.79592819319802,1500425095390
MoveFocus,GoTour,1500425103395
SoundRight,71.19297505926214,1500425105393
Seat6B,false,1500425113410
TotalSeatCount,7,1500425113410
SoundRight,70.98305987014689,1500425115390
Seat6B,true,1500425118508
TotalSeatCount,8,1500425118508
SoundRight,70.02600324433966,1500425125390
SoundRight,68.7587662348593,1500425135390
Temperature,26.6,1500425139010
Humidity,51.39179364321348,1500425139016
Brightness,1.0,1500425139024
SoundRight,67.50830086863263,1500425145390
SoundRight,67.59811845281838,1500425155390
MoveFocus,GoTour,1500425163507
SoundRight,67.24582226585571,1500425165390
SoundRight,66.94275877298477,1500425175390
SoundRight,66.8255206584573,1500425185398
SoundRight,66.88920989641123,1500425195390
Temperature,26.6,1500425199734
Humidity,51.39179364321348,1500425199741
Brightness,1.0,1500425199748
SoundRight,67.73488109717246,1500425205390
SoundRight,68.02242730117338,1500425215390
Seat5B,true,1500425219372
TotalSeatCount,8,1500425219372
Seat6B,false,1500425223439
TotalSeatCount,7,1500425223439
MoveFocus,GoTour,1500425223614
SoundRight,67.43162229183599,1500425225390
SoundRight,67.16022957180635,1500425235390
SoundRight,66.92062137042943,1500425245390
SoundRight,66.79913724782611,1500425255390
Seat6B,true,1500425258477
TotalSeatCount,8,1500425258477
Temperature,26.6,1500425260391
Humidity,51.39179364321348,1500425260397
Brightness,1.0,1500425260405
Seat6B,false,1500425263570
TotalSeatCount,7,1500425263570
SoundRight,66.0026875979142,1500425265390
SoundRight,66.90548348416263,1500425275390
MoveFocus,GoTour,1500425283726
Seat1B,true,1500425284166
TotalSeatCount,8,1500425284166
SoundRight,67.2163735615943,1500425285390
SoundRight,66.52092115894601,1500425295390
SoundRight,66.12601285025296,1500425305392
SoundRight,64.95427041236222,1500425315390
Temperature,26.6,1500425321592
Humidity,51.39179364321348,1500425321598
Brightness,1.0,1500425321607
SoundRight,65.30681932942021,1500425325390
SoundRight,64.9830535801744,1500425335390
MoveFocus,GoTour,1500425343838
SoundRight,65.83214553897952,1500425345390
SoundRight,67.34637284674193,1500425355390
SoundRight,68.41183705852758,1500425365390
SoundRight,69.07291319854008,1500425375390
Temperature,26.6,1500425382233
Humidity,51.39179364321348,1500425382239
Brightness,1.0,1500425382248
SoundRight,69.39778846417845,1500425385390
SoundRight,69.07552740104718,1500425395390
MoveFocus,GoTour,1500425403935
SoundRight,68.58236828449449,1500425405393
SoundRight,68.1490132035381,1500425415393
SoundRight,67.95292987609695,1500425425390
SoundRight,68.26814966701141,1500425435390
Temperature,26.6,1500425442746
Humidity,51.39179364321348,1500425442753
Brightness,1.0,1500425442761
SoundRight,68.32993769770412,1500425445390
SoundRight,68.98562492549736,1500425455390
MoveFocus,GoTour,1500425464047
SoundRight,69.62469851773832,1500425465390
SoundRight,69.89628071203657,1500425475390
SoundRight,70.49102233915423,1500425485392
SoundRight,71.48010752792887,1500425495396
Temperature,26.6,1500425503378
Humidity,51.39179364321348,1500425503385
Brightness,1.0,1500425503393
SoundRight,71.20280220101542,1500425505393
SoundRight,70.13329911801284,1500425515393
MoveFocus,GoTour,1500425524159
SoundRight,70.2862947040119,1500425525403
Seat6B,true,1500425533294
TotalSeatCount,9,1500425533294
SoundRight,70.90042334427368,1500425535390
SoundRight,69.02840424706883,1500425545390
SoundRight,67.75416791218639,1500425555390
Seat6B,false,1500425558372
TotalSeatCount,8,1500425558372
Temperature,26.6,1500425563982
Humidity,51.39179364321348,1500425563988
Brightness,1.0,1500425563997
SoundRight,66.43978974620289,1500425565390
SoundRight,65.651238474113,1500425575390
MoveFocus,GoTour,1500425584256
SoundRight,63.93264205451347,1500425585390
Seat5A,false,1500425586357
TotalSeatCount,8,1500425586357
Seat6B,true,1500425593416
TotalSeatCount,9,1500425593416
SoundRight,61.4520428108494,1500425595390
Seat6B,false,1500425598504
TotalSeatCount,8,1500425598504
Seat6B,true,1500425603606
TotalSeatCount,9,1500425603606
SoundRight,61.15079841680058,1500425605390
Seat5B,false,1500425607484
TotalSeatCount,8,1500425607484
Seat6B,false,1500425608709
TotalSeatCount,7,1500425608709
SoundRight,60.54371976589574,1500425615390
Temperature,26.6,1500425624507
Humidity,51.39179364321348,1500425624520
Brightness,1.0,1500425624527
SoundRight,61.57421761633884,1500425625390
Seat5B,true,1500425631431
TotalSeatCount,8,1500425631431
Seat6B,true,1500425633788
TotalSeatCount,9,1500425633788
SoundRight,62.80559747178078,1500425635390
Seat6B,false,1500425638890
TotalSeatCount,8,1500425638890
MoveFocus,GoTour,1500425644348
SoundRight,64.20245241248658,1500425645390
SoundRight,65.63128042116263,1500425655390
Seat6B,true,1500425663969
TotalSeatCount,9,1500425663969
SoundRight,66.83334693684365,1500425665392
Seat5B,false,1500425673244
Seat6B,false,1500425673244
TotalSeatCount,7,1500425673244
SoundRight,67.74677868726458,1500425675390
Temperature,26.6,1500425685038
Humidity,51.39179364321348,1500425685048
Brightness,1.0,1500425685056
SoundRight,68.07874834878545,1500425685390
Seat5B,true,1500425688257
TotalSeatCount,8,1500425688257
SoundRight,67.68031661923948,1500425695390
MoveFocus,GoTour,1500425704470
SoundRight,67.6232546910069,1500425705390
SoundRight,67.60866162210479,1500425715390
SoundRight,68.53940834574087,1500425725390
SoundRight,69.21639183755741,1500425735390
SoundRight,69.1059047884543,1500425745390
Temperature,26.6,1500425745644
Humidity,51.39179364321348,1500425745654
Brightness,1.0,1500425745665
SoundRight,69.92069143028944,1500425755393
MoveFocus,GoTour,1500425764567
SoundRight,70.2594890778506,1500425765390
SoundRight,70.14441278519419,1500425775390
SoundRight,69.96509444330803,1500425785393
SoundRight,70.11865159158124,1500425795390
SoundRight,70.73571590771007,1500425805390
Temperature,26.6,1500425806177
Humidity,51.39179364321348,1500425806188
Brightness,1.0,1500425806199
SoundRight,70.66494655413615,1500425815390
MoveFocus,GoTour,1500425824719
SoundRight,69.9583736893291,1500425825390
SoundRight,69.67621746071217,1500425835390
SoundRight,69.93072328612281,1500425845390
SoundRight,70.14103789277729,1500425855390
SoundRight,69.64082408277456,1500425865390
Temperature,26.6,1500425866911
Humidity,51.39179364321348,1500425866921
Brightness,1.0,1500425866927
SoundRight,69.19361922765324,1500425875390
MoveFocus,GoTour,1500425884836
SoundRight,69.06539615116147,1500425885390
SoundRight,69.13087994874697,1500425895393
Seat6B,true,1500425898759
TotalSeatCount,9,1500425898759
Seat6B,false,1500425903852
TotalSeatCount,8,1500425903852
SoundRight,68.32493333142915,1500425905390
SoundRight,67.49039908000783,1500425915390
Seat6B,true,1500425918960
TotalSeatCount,9,1500425918965
Seat6B,false,1500425924037
TotalSeatCount,8,1500425924037
SoundRight,67.40592541209467,1500425925390
Temperature,26.6,1500425927568
Humidity,51.39179364321348,1500425927577
Brightness,1.0,1500425927593
SoundRight,67.24626668393292,1500425935390
MoveFocus,GoTour,1500425944958
SoundRight,66.87803018700316,1500425945390
SoundRight,67.06967229647086,1500425955390
SoundRight,67.65357311528724,1500425965390
SoundRight,68.07907588414379,1500425975390
SoundRight,68.81281746649371,1500425985390
Temperature,26.6,1500425988125
Humidity,51.39179364321348,1500425988134
Brightness,1.0,1500425988140
Seat6B,true,1500425994015
TotalSeatCount,9,1500425994020
SoundRight,68.95509247733871,1500425995390
Seat6B,false,1500425999097
TotalSeatCount,8,1500425999097
MoveFocus,GoTour,1500426005025
SoundRight,69.4339120700329,1500426005393
SoundRight,69.74290728734955,1500426015393
SoundRight,69.93064103307624,1500426025390
SoundRight,70.19304580193803,1500426035392
SoundRight,69.85961197502705,1500426045390
Temperature,26.6,1500426048696
Humidity,51.39179364321348,1500426048700
Brightness,1.0,1500426048712
SoundRight,69.8780537332864,1500426055390
MoveFocus,GoTour,1500426065157
SoundRight,69.98749502462371,1500426065390
SoundRight,69.75917486737208,1500426075390
SoundRight,69.85042981453239,1500426085390
Seat6B,true,1500426089085
TotalSeatCount,9,1500426089085
SoundRight,70.15594538776989,1500426095390
SoundRight,70.65363072251199,1500426105390
Temperature,26.6,1500426109384
Humidity,51.39179364321348,1500426109390
Brightness,1.0,1500426109398
SoundRight,71.73448930558872,1500426115390
MoveFocus,GoTour,1500426125260
SoundRight,71.75128195073681,1500426125390
Seat6B,false,1500426129142
TotalSeatCount,8,1500426129142
SoundRight,71.28944109943141,1500426135390
SoundRight,71.26560628353765,1500426145390
SoundRight,71.01356824504458,1500426155390
SoundRight,70.02455544952008,1500426165390
SoundRight,69.97088868496282,1500426175392
Temperature,26.6,1500426185050
Humidity,51.39179364321348,1500426185056
Brightness,1.0,1500426185064
MoveFocus,GoTour,1500426185387
SoundRight,70.09034536923993,1500426185393
SoundRight,71.21901722465797,1500426195390
SoundRight,71.4458809985752,1500426205390
SoundRight,70.93698053699273,1500426215390
SoundRight,71.56850654130893,1500426225390
SoundRight,71.54621925783819,1500426235390
SoundRight,72.01247181401472,1500426245390
MoveFocus,GoTour,1500426245479
Temperature,26.6,1500426245687
Humidity,51.39179364321348,1500426245693
Brightness,1.0,1500426245701
SoundRight,70.75157165418119,1500426255390
SoundRight,70.04769263242764,1500426265390
SoundRight,70.36066362097793,1500426275390
Seat5B,true,1500426283399
TotalSeatCount,8,1500426283399
SoundRight,69.33960848187819,1500426285390
SoundRight,68.94401300749341,1500426295390
SoundRight,68.0950672565993,1500426305390
MoveFocus,GoTour,1500426305616
Temperature,26.6,1500426306189
Humidity,51.39179364321348,1500426306195
Brightness,1.0,1500426306203
SoundRight,68.41135229787669,1500426315390
SoundRight,68.56585298779464,1500426325390
SoundRight,67.80932820052033,1500426335390
Seat6B,true,1500426344091
TotalSeatCount,9,1500426344091
SoundRight,67.94499966391092,1500426345390
SoundRight,67.33748317111187,1500426355390
SoundRight,67.240882797091,1500426365390
MoveFocus,GoTour,1500426365758
Temperature,26.6,1500426366705
Humidity,51.39179364321348,1500426366711
Brightness,1.0,1500426366719
SoundRight,66.48198678402167,1500426375390
SoundRight,66.16684072008941,1500426385392
SoundRight,67.03518388614097,1500426395390
SoundRight,67.84255316718254,1500426405403
SoundRight,68.22631491996285,1500426415392
SoundRight,68.61553598607048,1500426425392
MoveFocus,GoTour,1500426425860
Temperature,26.6,1500426427348
Humidity,51.39179364321348,1500426427354
Brightness,1.0,1500426427362
SoundRight,69.68779034881496,1500426435390
SoundRight,69.1084415748319,1500426445390
SoundRight,68.88793396753618,1500426455390
SoundRight,68.16808935499853,1500426465390
SoundRight,67.48343075833341,1500426475390
SoundRight,67.08235875601113,1500426485390
MoveFocus,GoTour,1500426485982
Temperature,26.6,1500426487902
Humidity,51.39179364321348,1500426487908
Brightness,1.0,1500426487916
SoundRight,66.74150018942268,1500426495390
StartAircon0,null,1500426500827
Aircon0Power,On,1500426500873
SoundRight,67.07116926807562,1500426505390
SoundRight,67.00724760233994,1500426515390
Seat5B,false,1500426523902
TotalSeatCount,8,1500426523902
SoundRight,67.25598997120875,1500426525390
SoundRight,68.04935464933119,1500426535390
SoundRight,68.87466707663833,1500426545390
MoveFocus,GoTour,1500426546069
Seat5B,true,1500426546859
TotalSeatCount,9,1500426546859
Temperature,26.6,1500426548467
Humidity,51.39179364321348,1500426548473
Brightness,1.0,1500426548481
SoundRight,68.45649822371229,1500426555390
SoundRight,68.7850599871043,1500426565390
Seat6B,false,1500426568916
TotalSeatCount,8,1500426568916
SoundRight,68.53824347112146,1500426575390
SoundRight,69.10328619883761,1500426585390
SoundRight,69.78211057808043,1500426595390
SoundRight,69.29522229533178,1500426605390
MoveFocus,GoTour,1500426606136
Temperature,26.6,1500426609193
Humidity,51.39179364321348,1500426609199
Brightness,1.0,1500426609207
SoundRight,69.55081863405988,1500426615390
Seat6B,true,1500426618953
TotalSeatCount,9,1500426618958
Seat6B,false,1500426624040
TotalSeatCount,8,1500426624040
SoundRight,69.67660378650369,1500426625403
SoundRight,70.13882241806488,1500426635390
Seat5B,false,1500426640324
TotalSeatCount,7,1500426640324
SoundRight,69.42635047220956,1500426645393
Seat5B,true,1500426646387
TotalSeatCount,8,1500426646387
SoundRight,68.70991457868568,1500426655390
Seat5B,false,1500426662396
TotalSeatCount,7,1500426662396
SoundRight,69.14373265553465,1500426665390
MoveFocus,GoTour,1500426666298
Temperature,26.6,1500426669710
Humidity,51.39179364321348,1500426669716
Brightness,1.0,1500426669724
SoundRight,69.47531283847867,1500426675390
Seat5B,true,1500426676443
TotalSeatCount,8,1500426676443
SoundRight,70.56243656637062,1500426685390
SoundRight,70.52600302744138,1500426695390
SoundRight,71.13321893278778,1500426705390
SoundRight,70.81084135650102,1500426715390
SoundRight,71.18523131274311,1500426725390
MoveFocus,GoTour,1500426726390
Temperature,26.6,1500426730250
Humidity,51.39179364321348,1500426730256
Brightness,1.0,1500426730264
SoundRight,71.5205461805761,1500426735390
SoundRight,71.02647685499447,1500426745390
SoundRight,70.81413181622149,1500426755390
SoundRight,70.23226575172336,1500426765390
SoundRight,71.83006013477167,1500426775390
SoundRight,71.53641144246586,1500426785393
MoveFocus,GoTour,1500426786457
Temperature,26.6,1500426790875
Humidity,51.39179364321348,1500426790881
Brightness,1.0,1500426790889
SoundRight,70.79468640422782,1500426795390
SoundRight,70.80758371729853,1500426805390
Seat5B,false,1500426808929
TotalSeatCount,7,1500426808929
Seat5B,true,1500426811976
TotalSeatCount,8,1500426811976
Seat5B,false,1500426815057
TotalSeatCount,7,1500426815057
SoundRight,71.6542370576813,1500426815390
Seat5B,true,1500426816148
TotalSeatCount,8,1500426816148
Seat5B,false,1500426819254
TotalSeatCount,7,1500426819254
Seat5B,true,1500426820340
TotalSeatCount,8,1500426820340
Seat5B,false,1500426822426
TotalSeatCount,7,1500426822426
Seat5B,true,1500426823577
TotalSeatCount,8,1500426823577
SoundRight,71.15031412933799,1500426825390
SoundRight,70.53473978950767,1500426835390
Seat5B,false,1500426843522
TotalSeatCount,7,1500426843522
SoundRight,69.43461422749844,1500426845390
MoveFocus,GoTour,1500426846659
Temperature,26.6,1500426851473
Humidity,51.39179364321348,1500426851480
Brightness,1.0,1500426851487
SoundRight,68.99355537675085,1500426855390
SoundRight,68.18318800209921,1500426865390
SoundRight,67.30301474604165,1500426875390
SoundRight,66.81577900389078,1500426885391
Seat5B,true,1500426894329
TotalSeatCount,8,1500426894329
SoundRight,66.16241193181943,1500426895390
SoundRight,67.61827894345353,1500426905390
MoveFocus,GoTour,1500426906786
Temperature,26.6,1500426911993
Humidity,51.39179364321348,1500426911998
Brightness,1.0,1500426912004
SoundRight,70.12746836072334,1500426915390
SoundRight,71.02847482748739,1500426925390
SoundRight,70.59604417028895,1500426935390
SoundRight,71.21360191212287,1500426945390
SoundRight,71.68746912856564,1500426955390
SoundRight,71.43821288251904,1500426965390
MoveFocus,GoTour,1500426966858
Temperature,26.6,1500426972504
Humidity,51.39179364321348,1500426972509
Brightness,1.0,1500426972522
SoundRight,70.20769859662799,1500426975393
SoundRight,70.04140418239825,1500426985393
SoundRight,71.16168581335639,1500426995393
SoundRight,70.66051740983457,1500427005393
SoundRight,70.38847961746174,1500427015392
SoundRight,69.3455151958089,1500427025390
MoveFocus,GoTour,1500427026920
Temperature,26.6,1500427033056
Humidity,51.39179364321348,1500427033061
Brightness,1.0,1500427033069
SoundRight,68.57725435048502,1500427035390
SoundRight,67.81026647594621,1500427045390
Seat2A,false,1500427054515
TotalSeatCount,7,1500427054515
SoundRight,67.17438367155694,1500427055390
Seat2A,true,1500427059618
TotalSeatCount,8,1500427059618
SoundRight,67.84640359192144,1500427065390
Seat6B,true,1500427069238
TotalSeatCount,9,1500427069243
Seat6B,false,1500427074340
TotalSeatCount,8,1500427074340
SoundRight,67.90477483485292,1500427075390
SoundRight,67.8159613155734,1500427085390
MoveFocus,GoTour,1500427087017
Temperature,26.6,1500427093591
Humidity,51.39179364321348,1500427093596
Brightness,1.0,1500427093602
Seat6B,true,1500427094396
TotalSeatCount,9,1500427094396
SoundRight,68.56468920288334,1500427095403
Seat6B,false,1500427099539
TotalSeatCount,8,1500427099539
SoundRight,69.43434810021544,1500427105392
SoundRight,69.3396882071272,1500427115390
SoundRight,69.20865300754666,1500427125390
SoundRight,69.84059551947017,1500427135390
SoundRight,70.04702934190368,1500427145390
MoveFocus,GoTour,1500427147119
Temperature,26.6,1500427154173
Humidity,51.39179364321348,1500427154177
Brightness,1.0,1500427154184
SoundRight,69.11106455133304,1500427155390
SoundRight,68.26236220246734,1500427165390
Seat3B,false,1500427168931
TotalSeatCount,7,1500427168931
Seat3B,true,1500427174019
TotalSeatCount,8,1500427174024
SoundRight,68.09118327951755,1500427175393
Seat3B,false,1500427179116
TotalSeatCount,7,1500427179116
SoundRight,67.82251119103957,1500427185390
Seat3B,true,1500427189232
TotalSeatCount,8,1500427189232
SoundRight,67.10242642600825,1500427195392
Seat6B,true,1500427199472
TotalSeatCount,9,1500427199472
SoundRight,67.13577965906185,1500427205390
MoveFocus,GoTour,1500427207236
SoundRight,68.13773531358588,1500427215390
Temperature,26.6,1500427215680
Humidity,51.39179364321348,1500427215686
Brightness,1.0,1500427215692
SoundRight,68.87014559532328,1500427225390
SoundRight,70.31031581871045,1500427235390
SoundRight,71.11198384555672,1500427245390
SoundRight,72.30503534968607,1500427255390
Seat6B,false,1500427259506
TotalSeatCount,8,1500427259506
SoundRight,73.1127343599925,1500427265390
MoveFocus,GoTour,1500427267311
SoundRight,73.56511133043479,1500427275390
Temperature,26.6,1500427276235
Humidity,51.39179364321348,1500427276241
Brightness,1.0,1500427276250
Seat5B,false,1500427277806
TotalSeatCount,7,1500427277806
Seat2A,false,1500427279102
Seat6B,true,1500427279107
TotalSeatCount,7,1500427279107
Seat6B,false,1500427284685
TotalSeatCount,6,1500427284685
SoundRight,74.18102418589866,1500427285390
SoundRight,73.38547964540604,1500427295390
SoundRight,73.2401212022949,1500427305390
Seat5B,true,1500427306757
TotalSeatCount,7,1500427306757
Seat5B,false,1500427309833
TotalSeatCount,6,1500427309833
SoundRight,72.74448250397288,1500427315390
SoundRight,71.93235448482605,1500427325390
MoveFocus,GoTour,1500427327388
SoundRight,71.77694026031536,1500427335393
Temperature,26.6,1500427336857
Humidity,51.39179364321348,1500427336864
Brightness,1.0,1500427336883
SoundRight,71.07852006165052,1500427345390
Seat4B,false,1500427352401
TotalSeatCount,5,1500427352406
SoundRight,70.64747707005702,1500427355390
SoundRight,69.71347104500678,1500427365390
Seat5B,true,1500427371571
Seat4B,true,1500427371576
TotalSeatCount,7,1500427371576
SoundRight,69.39964177546699,1500427375390
SoundRight,69.71749374543441,1500427385393
MoveFocus,GoTour,1500427387530
SoundRight,70.18597901477366,1500427395390
Temperature,26.6,1500427397479
Humidity,51.39179364321348,1500427397485
Brightness,1.0,1500427397492
Seat6B,true,1500427404574
TotalSeatCount,8,1500427404574
SoundRight,70.01460955949383,1500427405390
SoundRight,70.78013074274114,1500427415400
Seat6B,false,1500427419692
TotalSeatCount,7,1500427419692
Seat2A,true,1500427423724
TotalSeatCount,8,1500427423724
SoundRight,72.77420395394343,1500427425396
Seat6B,true,1500427429752
TotalSeatCount,9,1500427429752
Seat5B,false,1500427432298
TotalSeatCount,8,1500427432303
SoundRight,71.92729827900565,1500427435392
Seat6B,false,1500427444885
TotalSeatCount,7,1500427444885
SoundRight,71.96823766865847,1500427445390
MoveFocus,GoTour,1500427447632
Seat2A,false,1500427448747
TotalSeatCount,6,1500427448747
Seat6B,true,1500427449933
TotalSeatCount,7,1500427449933
SoundRight,71.87617759074602,1500427455390
Seat2A,true,1500427458863
Seat5B,true,1500427458868
TotalSeatCount,9,1500427458868
Seat6B,false,1500427460038
Seat5B,false,1500427460038
TotalSeatCount,7,1500427460038
Temperature,26.6,1500427461511
Humidity,51.39179364321348,1500427461517
Brightness,1.0,1500427461523
SoundRight,73.04865076025382,1500427465390
Seat5B,true,1500427472335
TotalSeatCount,8,1500427472335
SoundRight,73.0468750276759,1500427475397
SoundRight,71.47007577561882,1500427485390
Seat2A,false,1500427493856
TotalSeatCount,7,1500427493856
SoundRight,72.68820651174306,1500427495403
Seat6B,true,1500427500090
TotalSeatCount,8,1500427500090
SoundRight,72.8073314745189,1500427505390
MoveFocus,GoTour,1500427507739
Seat2A,true,1500427513952
TotalSeatCount,9,1500427513952
SoundRight,73.27836733118225,1500427515390
Temperature,26.6,1500427522102
Humidity,51.39179364321348,1500427522107
Brightness,1.0,1500427522113
Seat6B,false,1500427525153
TotalSeatCount,8,1500427525153
SoundRight,73.16363191304235,1500427525390
SoundRight,73.47179041930275,1500427535393
SoundRight,74.04046293629182,1500427545390
SoundRight,74.65556067500535,1500427555390
SoundRight,75.50183513145504,1500427565390
MoveFocus,GoTour,1500427567891
SoundRight,74.62476144781047,1500427575390
Temperature,26.6,1500427582640
Humidity,51.39179364321348,1500427582647
Brightness,1.0,1500427582653
SoundRight,74.39549186199851,1500427585390
Seat6B,true,1500427595155
TotalSeatCount,9,1500427595155
SoundRight,73.76580061355297,1500427595390
SoundRight,73.08680444652872,1500427605390
Seat6B,false,1500427610233
TotalSeatCount,8,1500427610238
Seat5B,false,1500427611609
TotalSeatCount,7,1500427611609
SoundRight,73.52183017671096,1500427615393
Seat6B,true,1500427625306
TotalSeatCount,8,1500427625306
SoundRight,72.12628551898993,1500427625403
MoveFocus,GoTour,1500427627963
SoundRight,71.67475050243246,1500427635393
Temperature,26.6,1500427643239
Humidity,51.39179364321348,1500427643246
Brightness,1.0,1500427643253
SoundRight,70.7278840087929,1500427645393
SoundRight,70.3382851229925,1500427655393
Seat6B,false,1500427660330
TotalSeatCount,7,1500427660330
SoundRight,69.32277418806412,1500427665390
Seat6B,true,1500427665433
Seat5B,true,1500427665438
TotalSeatCount,9,1500427665438
SoundRight,67.8085655486116,1500427675393
Seat6B,false,1500427675523
TotalSeatCount,8,1500427675523
SoundRight,68.8675442655996,1500427685393
MoveFocus,GoTour,1500427688045
SoundRight,69.53511433955872,1500427695393
Seat6B,true,1500427695594
TotalSeatCount,9,1500427695594
Seat6B,false,1500427700692
TotalSeatCount,8,1500427700692
Temperature,26.6,1500427703763
Humidity,51.39179364321348,1500427703768
Brightness,1.0,1500427703775
SoundRight,70.66572488411781,1500427705390
SoundRight,71.18076060983303,1500427715390
Seat6B,true,1500427715775
TotalSeatCount,9,1500427715775
SoundRight,72.67202972079762,1500427725390
Seat6B,false,1500427725890
TotalSeatCount,8,1500427725890
SoundRight,73.83605603124474,1500427735390
SoundRight,73.35721155267295,1500427745390
MoveFocus,GoTour,1500427748152
SoundRight,73.06499975966257,1500427755393
Seat6B,true,1500427755936
TotalSeatCount,9,1500427755936
Seat6B,false,1500427761024
TotalSeatCount,8,1500427761024
Temperature,26.6,1500427764385
Humidity,51.39179364321348,1500427764391
Brightness,1.0,1500427764397
SoundRight,73.0531005435329,1500427765393
SoundRight,73.44657856579241,1500427775393
Seat5B,false,1500427775842
TotalSeatCount,7,1500427775847
Seat5B,true,1500427781915
TotalSeatCount,8,1500427781915
SoundRight,73.20111834120878,1500427785390
SoundRight,72.50792653875757,1500427795390
SoundRight,72.23895445931956,1500427805390
MoveFocus,GoTour,1500427808214
SoundRight,72.44636935403096,1500427815390
Temperature,26.6,1500427824990
Humidity,51.39179364321348,1500427825000
Brightness,1.0,1500427825006
SoundRight,72.42155354085024,1500427825390
SoundRight,71.84080941172252,1500427835390
SoundRight,73.10201512256123,1500427845390
SoundRight,73.91143723800634,1500427855392
SoundRight,74.36165741376142,1500427865390
MoveFocus,GoTour,1500427868341
SoundRight,74.67545596557822,1500427875393
Seat4B,false,1500427876610
TotalSeatCount,7,1500427876610
SoundRight,74.23547367120891,1500427885390
Temperature,26.6,1500427885636
Humidity,51.39179364321348,1500427885642
Brightness,1.0,1500427885648
Exit,null,1500427891967
UserCount,14,1500427891967
Exit,null,1500427893648
UserCount,13,1500427893649
SoundRight,74.74413266812907,1500427895390
SoundRight,74.32668743126298,1500427905390
SoundRight,74.31677626645298,1500427915390
SoundRight,73.99830712870938,1500427925390
Seat6B,true,1500427925912
TotalSeatCount,8,1500427925912
MoveFocus,GoTour,1500427928468
Seat6B,false,1500427931014
TotalSeatCount,7,1500427931014
SoundRight,74.55178017023326,1500427935390
SoundRight,75.30165668760446,1500427945393
Temperature,26.6,1500427946257
Humidity,51.39179364321348,1500427946263
Brightness,1.0,1500427946270
SoundRight,75.20515509199383,1500427955393
SoundRight,74.59957819513986,1500427965403
SoundRight,74.9532509672865,1500427975393
SoundRight,74.83410739421707,1500427985390
MoveFocus,GoTour,1500427988590
SoundRight,73.43693459814146,1500427995390
SoundRight,71.81309260170983,1500428005390
Temperature,26.6,1500428006891
Humidity,51.39179364321348,1500428006897
Brightness,1.0,1500428006903
SoundRight,71.35827985724487,1500428015393
SoundRight,70.43866793524282,1500428025390
Seat5B,false,1500428034489
TotalSeatCount,6,1500428034489
SoundRight,68.76494365299627,1500428035390
Seat5B,true,1500428035580
TotalSeatCount,7,1500428035580
SoundRight,67.64706961365887,1500428045390
MoveFocus,GoTour,1500428048687
SoundRight,67.07468280534147,1500428055390
SoundRight,67.6248533876422,1500428065390
Temperature,26.6,1500428067494
Humidity,51.39179364321348,1500428067500
Brightness,1.0,1500428067506
SoundRight,67.91198102354831,1500428075390
SoundRight,68.9533378230959,1500428085390
Seat5B,false,1500428089374
TotalSeatCount,6,1500428089374
SoundRight,68.77426030297498,1500428095390
SoundRight,69.43020300128084,1500428105390
MoveFocus,GoTour,1500428108794
SoundRight,69.91084743365018,1500428115390
SoundRight,69.33293282033506,1500428125390
Temperature,26.6,1500428128049
Humidity,51.39179364321348,1500428128055
Brightness,1.0,1500428128071
SoundRight,67.98928399519632,1500428135393
Seat6B,true,1500428135969
TotalSeatCount,7,1500428135969
Seat6B,false,1500428141046
TotalSeatCount,6,1500428141046
SoundRight,67.96940031064094,1500428145390
Seat5B,true,1500428152132
TotalSeatCount,7,1500428152132
SoundRight,69.0718716579696,1500428155390
SoundRight,70.41619879607055,1500428165390
MoveFocus,GoTour,1500428168896
SoundRight,71.95310997879847,1500428175390
SoundRight,73.00821683496393,1500428185390
Temperature,26.6,1500428188582
Humidity,51.39179364321348,1500428188587
Brightness,1.0,1500428188593
SoundRight,73.64093251892363,1500428195390
SoundRight,74.02898666299775,1500428205392
SoundRight,73.58525249421525,1500428215390
SoundRight,73.07915567372292,1500428225390
MoveFocus,GoTour,1500428229008
SoundRight,71.70109879475626,1500428235390
SoundRight,71.66647159393528,1500428245390
Temperature,26.6,1500428249159
Humidity,51.39179364321348,1500428249165
Brightness,1.0,1500428249171
SoundRight,72.46685618136014,1500428255390
Seat6B,true,1500428260980
TotalSeatCount,8,1500428260980
SoundRight,71.87357663885774,1500428265390
Seat6B,false,1500428266073
TotalSeatCount,7,1500428266078
SoundRight,72.82821465478098,1500428275390
SoundRight,73.1369324351994,1500428285390
MoveFocus,GoTour,1500428289125
SoundRight,73.37158095875824,1500428295390
SoundRight,71.45996099833086,1500428305390
Temperature,26.6,1500428309809
Humidity,51.39179364321348,1500428309816
Brightness,1.0,1500428309822
SoundRight,70.29607097628102,1500428315392
SoundRight,69.23739868270754,1500428325390
SoundRight,68.28815091211786,1500428335390
SoundRight,67.02165445939933,1500428345390
Seat6B,true,1500428346056
TotalSeatCount,8,1500428346056
MoveFocus,GoTour,1500428349207
Seat6B,false,1500428351158
TotalSeatCount,7,1500428351158
SoundRight,66.46879714022536,1500428355390
SoundRight,68.32892974657686,1500428365390
Temperature,26.6,1500428370411
Humidity,51.39179364321348,1500428370416
Brightness,1.0,1500428370422
SoundRight,69.24665610272238,1500428375390
SoundRight,70.32270184816112,1500428385390
SoundRight,71.07959175259158,1500428395392
SoundRight,71.53727325858489,1500428405390
MoveFocus,GoTour,1500428409319
SoundRight,71.793413514396,1500428415390
SoundRight,70.9109079857957,1500428425390
Seat5B,false,1500428425598
Seat6B,true,1500428425598
TotalSeatCount,7,1500428425598
Seat5B,true,1500428426689
TotalSeatCount,8,1500428426694
Temperature,26.6,1500428431020
Humidity,51.39179364321348,1500428431025
Brightness,1.0,1500428431032
SoundRight,70.76766552904479,1500428435390
SoundRight,69.9578706797993,1500428445390
SoundRight,69.33921584345366,1500428455390
Seat5B,false,1500428462543
TotalSeatCount,7,1500428462543
SoundRight,69.61555713596512,1500428465390
MoveFocus,GoTour,1500428469441
Seat5B,true,1500428470602
TotalSeatCount,8,1500428470602
Seat5B,false,1500428474724
TotalSeatCount,7,1500428474724
SoundRight,70.00846372481631,1500428475390
SoundRight,70.22495831887086,1500428485390
Temperature,26.6,1500428491544
Humidity,51.39179364321348,1500428491550
Brightness,1.0,1500428491556
SoundRight,70.21714769532274,1500428495390
SoundRight,71.03815087157832,1500428505390
SoundRight,70.99973874322274,1500428515390
SoundRight,70.99159307033601,1500428525390
MoveFocus,GoTour,1500428529548
SoundRight,70.43293765061517,1500428535390
SoundRight,70.48934069673426,1500428545393
Seat5B,true,1500428547388
TotalSeatCount,8,1500428547388
Seat5B,false,1500428550485
TotalSeatCount,7,1500428550485
Temperature,26.6,1500428552270
Humidity,51.39179364321348,1500428552275
Brightness,1.0,1500428552281
SoundRight,70.83241639111137,1500428555392
SoundRight,70.56565119896636,1500428565390
SoundRight,70.19393533111045,1500428575390
SoundRight,69.93566975502175,1500428585390
MoveFocus,GoTour,1500428589690
SoundRight,70.40972415575429,1500428595390
SoundRight,70.44702892742433,1500428605390
Temperature,26.6,1500428612794
Humidity,51.39179364321348,1500428612800
Brightness,1.0,1500428612806
SoundRight,70.83822477961643,1500428615390
SoundRight,71.43407969340208,1500428625390
Seat6B,false,1500428625895
TotalSeatCount,6,1500428625895
SoundRight,72.14474209366173,1500428635390
Seat6B,true,1500428635980
TotalSeatCount,7,1500428635985
SoundRight,72.18291328862301,1500428645390
Seat6B,false,1500428646081
TotalSeatCount,6,1500428646081
MoveFocus,GoTour,1500428649777
Seat6B,true,1500428651163
TotalSeatCount,7,1500428651163
SoundRight,71.5158517495441,1500428655390
Seat5B,true,1500428657847
TotalSeatCount,8,1500428657847
SoundRight,70.19446037904002,1500428665391
Temperature,26.6,1500428673284
Humidity,51.39179364321348,1500428673290
Brightness,1.0,1500428673296
SoundRight,68.1391176060209,1500428675390
SoundRight,67.38632778473884,1500428685390
SoundRight,66.50309666031434,1500428695390
SoundRight,65.96255043293043,1500428705390
MoveFocus,GoTour,1500428709880
SoundRight,66.02455296301189,1500428715390
Seat6B,false,1500428716203
TotalSeatCount,7,1500428716203
SoundRight,66.28890878189932,1500428725390
Seat6B,true,1500428726273
TotalSeatCount,8,1500428726273
Temperature,26.6,1500428733827
Humidity,51.39179364321348,1500428733834
Brightness,1.0,1500428733840
SoundRight,66.96824118956906,1500428735390
SoundRight,66.54759064933293,1500428745390
SoundRight,66.98161278075663,1500428755390
SoundRight,66.5793181954967,1500428765390
MoveFocus,GoTour,1500428770002
Seat6B,false,1500428771302
TotalSeatCount,7,1500428771302
SoundRight,66.43864106110819,1500428775390
Seat6B,true,1500428781393
TotalSeatCount,8,1500428781393
SoundRight,66.89487219260376,1500428785390
Seat6B,false,1500428786480
TotalSeatCount,7,1500428786480
Temperature,26.6,1500428794353
Humidity,51.39179364321348,1500428794358
Brightness,1.0,1500428794365
SoundRight,67.28567649696814,1500428795390
Seat2A,false,1500428805255
TotalSeatCount,6,1500428805255
SoundRight,67.97938782513691,1500428805390
Seat6B,true,1500428806566
TotalSeatCount,7,1500428806566
SoundRight,67.36669306701496,1500428815390
SoundRight,68.81483392052353,1500428825390
Seat6B,false,1500428826632
TotalSeatCount,6,1500428826632
MoveFocus,GoTour,1500428830099
SoundRight,69.153507100947,1500428835390
SoundRight,69.59590481054569,1500428845390
Seat6B,true,1500428846727
TotalSeatCount,7,1500428846727
Seat6B,false,1500428851800
TotalSeatCount,6,1500428851800
Temperature,26.6,1500428854880
Humidity,51.39179364321348,1500428854885
Brightness,1.0,1500428854893
SoundRight,69.86107848327701,1500428855390
Seat6B,true,1500428856968
TotalSeatCount,7,1500428856973
SoundRight,69.34277177725177,1500428865390
Seat2A,true,1500428875168
TotalSeatCount,8,1500428875168
SoundRight,69.57123380829016,1500428875390
Seat6B,false,1500428876969
TotalSeatCount,7,1500428876969
Seat6B,true,1500428882056
TotalSeatCount,8,1500428882056
SoundRight,68.4274717344258,1500428885390
Seat6B,false,1500428887189
TotalSeatCount,7,1500428887189
MoveFocus,GoTour,1500428890181
SoundRight,68.54577934071979,1500428895390
SoundRight,68.52279732944726,1500428905390
SoundRight,68.39938356836474,1500428915390
Temperature,26.6,1500428915415
Humidity,51.39179364321348,1500428915419
Brightness,1.0,1500428915428
SoundRight,68.9192360277857,1500428925392
SoundRight,68.82651149814203,1500428935390
SoundRight,69.64818422578318,1500428945390
MoveFocus,GoTour,1500428950263
SoundRight,69.72648098319463,1500428955390
SoundRight,69.36119057043848,1500428965390
Seat6B,true,1500428967117
TotalSeatCount,8,1500428967117
Seat6B,false,1500428972224
TotalSeatCount,7,1500428972224
SoundRight,69.1845971256743,1500428975390
SoundRight,68.92412842630885,1500428985390
Temperature,26.6,1500428991055
Humidity,51.39179364321348,1500428991059
Brightness,1.0,1500428991069
SoundRight,69.32154960871996,1500428995390
SoundRight,68.46550452147417,1500429005390
MoveFocus,GoTour,1500429010385
SoundRight,68.00927495148797,1500429015390
Seat6B,true,1500429017248
TotalSeatCount,8,1500429017248
SoundRight,67.9526496725794,1500429025390
SoundRight,68.34452295144784,1500429035390
SoundRight,67.53178262873706,1500429045390
Temperature,26.6,1500429051685
Humidity,51.39179364321348,1500429051690
Brightness,1.0,1500429051706
SoundRight,66.44643765035663,1500429055390
SoundRight,65.9210578837642,1500429065390
MoveFocus,GoTour,1500429070482
SoundRight,65.68598792424592,1500429075390
SoundRight,64.82348665573876,1500429085392
Seat5B,false,1500429087371
TotalSeatCount,7,1500429087376
Seat5B,true,1500429088511
TotalSeatCount,8,1500429088511
Seat5B,false,1500429091558
TotalSeatCount,7,1500429091563
SoundRight,64.55940901686705,1500429095390
Seat5B,true,1500429096636
TotalSeatCount,8,1500429096636
SoundRight,65.23265782044137,1500429105390
Temperature,26.6,1500429112299
Humidity,51.39179364321348,1500429112303
Brightness,1.0,1500429112312
SoundRight,66.45958024482317,1500429115390
Seat1B,false,1500429120849
TotalSeatCount,7,1500429120849
SoundRight,67.14018323392004,1500429125392
Seat1B,true,1500429125956
TotalSeatCount,8,1500429125956
MoveFocus,GoTour,1500429130619
SoundRight,67.28783351415008,1500429135390
Seat1B,false,1500429136037
TotalSeatCount,7,1500429136037
SoundRight,67.92802803468261,1500429145390
Seat6B,false,1500429147113
TotalSeatCount,6,1500429147113
SoundRight,68.0186975520199,1500429155392
SoundRight,68.8830540248952,1500429165390
Temperature,26.6,1500429172827
Humidity,51.39179364321348,1500429172831
Brightness,1.0,1500429172843
SoundRight,68.29839255647104,1500429175392
SoundRight,68.22743578368546,1500429185393
MoveFocus,GoTour,1500429190746
SoundRight,68.20578091556085,1500429195393
SoundRight,68.98529070046989,1500429205393
SoundRight,68.64579105350454,1500429215390
Seat1B,true,1500429221017
TotalSeatCount,7,1500429221017
SoundRight,68.50104439864381,1500429225393
Seat1B,false,1500429226460
TotalSeatCount,6,1500429226460
Temperature,26.6,1500429233343
Humidity,51.39179364321348,1500429233348
Brightness,1.0,1500429233356
Seat3B,false,1500429233604
TotalSeatCount,5,1500429233604
SoundRight,68.5040718752132,1500429235393
Seat3B,true,1500429243689
TotalSeatCount,6,1500429243694
SoundRight,68.42450347382497,1500429245390
MoveFocus,GoTour,1500429250853
Seat3B,false,1500429253819
TotalSeatCount,5,1500429253819
SoundRight,68.5923229855193,1500429255390
Seat3B,true,1500429258872
TotalSeatCount,6,1500429258877
SoundRight,68.32896041267658,1500429265390
Seat6B,true,1500429267031
TotalSeatCount,7,1500429267031
Seat6B,false,1500429272134
TotalSeatCount,6,1500429272134
SoundRight,69.0608664327657,1500429275390
Seat6B,true,1500429282230
TotalSeatCount,7,1500429282230
SoundRight,69.42203304786932,1500429285390
Temperature,26.6,1500429293878
Humidity,51.39179364321348,1500429293883
Brightness,1.0,1500429293893
SoundRight,70.36757205998164,1500429295390
Seat6B,false,1500429302330
TotalSeatCount,6,1500429302330
SoundRight,71.37162351203698,1500429305390
Seat1A,false,1500429306793
TotalSeatCount,6,1500429306793
MoveFocus,GoTour,1500429310960
SoundRight,71.5976886827132,1500429315397
SoundRight,71.76570364374307,1500429325393
SoundRight,72.29093865015632,1500429335390
Seat6B,true,1500429337364
TotalSeatCount,7,1500429337364
SoundRight,72.96315858762341,1500429345390
Temperature,26.6,1500429354385
Humidity,51.39179364321348,1500429354390
Brightness,1.0,1500429354398
SoundRight,72.05140670091664,1500429355390
Seat6B,false,1500429357455
TotalSeatCount,6,1500429357460
Seat6B,true,1500429362532
TotalSeatCount,7,1500429362532
SoundRight,72.38133993060079,1500429365393
MoveFocus,GoTour,1500429371052
SoundRight,71.39637652771073,1500429375390
SoundRight,71.38842855250127,1500429385393
Seat6B,false,1500429387611
TotalSeatCount,6,1500429387611
Seat2A,false,1500429389362
TotalSeatCount,5,1500429389362
Seat6B,true,1500429392723
TotalSeatCount,6,1500429392723
Seat2A,true,1500429394444
TotalSeatCount,7,1500429394444
SoundRight,70.01063121263094,1500429395393
Seat2A,false,1500429399532
TotalSeatCount,6,1500429399532
Seat2A,true,1500429404640
TotalSeatCount,7,1500429404640
SoundRight,68.52186513711723,1500429405390
Seat6B,false,1500429407787
TotalSeatCount,6,1500429407787
Seat6B,true,1500429412899
TotalSeatCount,7,1500429412899
Temperature,26.6,1500429415010
Humidity,51.39179364321348,1500429415016
Brightness,1.0,1500429415024
SoundRight,68.66612243817171,1500429415390
SoundRight,67.59945021954799,1500429425390
MoveFocus,GoTour,1500429431144
SoundRight,67.9127132619702,1500429435390
SoundRight,67.36483451934589,1500429445393
Seat1B,true,1500429451535
TotalSeatCount,8,1500429451535
Seat2A,false,1500429454616
TotalSeatCount,7,1500429454616
SoundRight,67.964557020552,1500429455403
Seat1B,false,1500429456628
TotalSeatCount,6,1500429456633
Seat3A,false,1500429461320
TotalSeatCount,5,1500429461320
SoundRight,67.97178094094417,1500429465403
Seat4A,false,1500429470080
TotalSeatCount,4,1500429470080
Seat3B,false,1500429473737
TotalSeatCount,3,1500429473737
SoundRight,68.39871330524478,1500429475393
Temperature,26.6,1500429475686
Humidity,51.39179364321348,1500429475693
Brightness,1.0,1500429475700
Exit,null,1500429477687
UserCount,12,1500429477688
Exit,null,1500429479297
UserCount,11,1500429479297
Exit,null,1500429480827
UserCount,10,1500429480827
Exit,null,1500429483911
UserCount,9,1500429483911
SoundRight,68.44689497786707,1500429485392
Exit,null,1500429487666
UserCount,8,1500429487666
Seat5B,false,1500429488895
TotalSeatCount,2,1500429488895
MoveFocus,GoTour,1500429491276
SoundRight,69.69694711355581,1500429495390
Exit,null,1500429495666
UserCount,7,1500429495666
Exit,null,1500429496616
UserCount,6,1500429496617
Exit,null,1500429498996
UserCount,5,1500429498997
SoundRight,69.8871894460643,1500429505390
Exit,null,1500429505680
UserCount,4,1500429505681
Seat6B,false,1500429507855
TotalSeatCount,1,1500429507855
Exit,null,1500429508814
UserCount,3,1500429508814
SoundRight,69.48846120837544,1500429515390
ProjectorPower,Off,1500429516359
TurnOffProjector,null,1500429516364
Seat6A,false,1500429519786
TotalSeatCount,0,1500429519786
InferredUserPresence,empty,1500429519806
SoundRight,69.84388505774156,1500429525390
SoundRight,69.50226330343457,1500429535390
Temperature,26.6,1500429536246
Humidity,51.39179364321348,1500429536252
Brightness,1.0,1500429536259
SoundRight,70.05398241018001,1500429545390
Exit,null,1500429550604
UserCount,2,1500429550604
Aircon0Power,Off,1500429551098
MoveFocus,GoTour,1500429551403
Aircon1Power,On,1500429551777
Aircon1Power,Off,1500429552804
Aircon0Power,On,1500429552974
TurnOffAirCon0,null,1500429552976
Aircon0Power,Off,1500429553558
TurnOffAirCon0,null,1500429553560
LightGroup2,Off,1500429554957
SoundRight,69.65181530803937,1500429555390
Exit,null,1500429559884
UserCount,1,1500429559884
